layout,initial_speed,distance,robot_scale,robots,near_sum_magnitudes,near_x,near_y,social_x,social_y,robot_x,robot_y,raw_ax,raw_ay,actual_ax,actual_ay,saturated
none,0,0.75,0,0,0,0,0,0,0,0,0,4,0,3,0,1
none,0,0.75,1,0,0,0,0,0,0,0,0,4,0,3,0,1
none,0,0.75,4,0,0,0,0,0,0,0,0,4,0,3,0,1
none,0,0.77500000000000002,0,0,0,0,0,0,0,0,0,4,0,3,0,1
none,0,0.77500000000000002,1,0,0,0,0,0,0,0,0,4,0,3,0,1
none,0,0.77500000000000002,4,0,0,0,0,0,0,0,0,4,0,3,0,1
none,0,0.80000000000000004,0,0,0,0,0,0,0,0,0,4,0,3,0,1
none,0,0.80000000000000004,1,0,0,0,0,0,0,0,0,4,0,3,0,1
none,0,0.80000000000000004,4,0,0,0,0,0,0,0,0,4,0,3,0,1
none,0,0.82499999999999996,0,0,0,0,0,0,0,0,0,4,0,3,0,1
none,0,0.82499999999999996,1,0,0,0,0,0,0,0,0,4,0,3,0,1
none,0,0.82499999999999996,4,0,0,0,0,0,0,0,0,4,0,3,0,1
none,0,0.84999999999999998,0,0,0,0,0,0,0,0,0,4,0,3,0,1
none,0,0.84999999999999998,1,0,0,0,0,0,0,0,0,4,0,3,0,1
none,0,0.84999999999999998,4,0,0,0,0,0,0,0,0,4,0,3,0,1
none,0,0.875,0,0,0,0,0,0,0,0,0,4,0,3,0,1
none,0,0.875,1,0,0,0,0,0,0,0,0,4,0,3,0,1
none,0,0.875,4,0,0,0,0,0,0,0,0,4,0,3,0,1
none,0,0.90000000000000002,0,0,0,0,0,0,0,0,0,4,0,3,0,1
none,0,0.90000000000000002,1,0,0,0,0,0,0,0,0,4,0,3,0,1
none,0,0.90000000000000002,4,0,0,0,0,0,0,0,0,4,0,3,0,1
none,0,0.92500000000000004,0,0,0,0,0,0,0,0,0,4,0,3,0,1
none,0,0.92500000000000004,1,0,0,0,0,0,0,0,0,4,0,3,0,1
none,0,0.92500000000000004,4,0,0,0,0,0,0,0,0,4,0,3,0,1
none,0,0.94999999999999996,0,0,0,0,0,0,0,0,0,4,0,3,0,1
none,0,0.94999999999999996,1,0,0,0,0,0,0,0,0,4,0,3,0,1
none,0,0.94999999999999996,4,0,0,0,0,0,0,0,0,4,0,3,0,1
none,0,0.97499999999999998,0,0,0,0,0,0,0,0,0,4,0,3,0,1
none,0,0.97499999999999998,1,0,0,0,0,0,0,0,0,4,0,3,0,1
none,0,0.97499999999999998,4,0,0,0,0,0,0,0,0,4,0,3,0,1
none,0,1,0,0,0,0,0,0,0,0,0,4,0,3,0,1
none,0,1,1,0,0,0,0,0,0,0,0,4,0,3,0,1
none,0,1,4,0,0,0,0,0,0,0,0,4,0,3,0,1
none,0,1.0249999999999999,0,0,0,0,0,0,0,0,0,4,0,3,0,1
none,0,1.0249999999999999,1,0,0,0,0,0,0,0,0,4,0,3,0,1
none,0,1.0249999999999999,4,0,0,0,0,0,0,0,0,4,0,3,0,1
none,0,1.05,0,0,0,0,0,0,0,0,0,4,0,3,0,1
none,0,1.05,1,0,0,0,0,0,0,0,0,4,0,3,0,1
none,0,1.05,4,0,0,0,0,0,0,0,0,4,0,3,0,1
none,0,1.075,0,0,0,0,0,0,0,0,0,4,0,3,0,1
none,0,1.075,1,0,0,0,0,0,0,0,0,4,0,3,0,1
none,0,1.075,4,0,0,0,0,0,0,0,0,4,0,3,0,1
none,0,1.1000000000000001,0,0,0,0,0,0,0,0,0,4,0,3,0,1
none,0,1.1000000000000001,1,0,0,0,0,0,0,0,0,4,0,3,0,1
none,0,1.1000000000000001,4,0,0,0,0,0,0,0,0,4,0,3,0,1
none,0,1.125,0,0,0,0,0,0,0,0,0,4,0,3,0,1
none,0,1.125,1,0,0,0,0,0,0,0,0,4,0,3,0,1
none,0,1.125,4,0,0,0,0,0,0,0,0,4,0,3,0,1
none,0,1.1499999999999999,0,0,0,0,0,0,0,0,0,4,0,3,0,1
none,0,1.1499999999999999,1,0,0,0,0,0,0,0,0,4,0,3,0,1
none,0,1.1499999999999999,4,0,0,0,0,0,0,0,0,4,0,3,0,1
none,0,1.175,0,0,0,0,0,0,0,0,0,4,0,3,0,1
none,0,1.175,1,0,0,0,0,0,0,0,0,4,0,3,0,1
none,0,1.175,4,0,0,0,0,0,0,0,0,4,0,3,0,1
none,0,1.2,0,0,0,0,0,0,0,0,0,4,0,3,0,1
none,0,1.2,1,0,0,0,0,0,0,0,0,4,0,3,0,1
none,0,1.2,4,0,0,0,0,0,0,0,0,4,0,3,0,1
none,0,1.2250000000000001,0,0,0,0,0,0,0,0,0,4,0,3,0,1
none,0,1.2250000000000001,1,0,0,0,0,0,0,0,0,4,0,3,0,1
none,0,1.2250000000000001,4,0,0,0,0,0,0,0,0,4,0,3,0,1
none,0,1.25,0,0,0,0,0,0,0,0,0,4,0,3,0,1
none,0,1.25,1,0,0,0,0,0,0,0,0,4,0,3,0,1
none,0,1.25,4,0,0,0,0,0,0,0,0,4,0,3,0,1
none,0,1.2749999999999999,0,0,0,0,0,0,0,0,0,4,0,3,0,1
none,0,1.2749999999999999,1,0,0,0,0,0,0,0,0,4,0,3,0,1
none,0,1.2749999999999999,4,0,0,0,0,0,0,0,0,4,0,3,0,1
none,0,1.3,0,0,0,0,0,0,0,0,0,4,0,3,0,1
none,0,1.3,1,0,0,0,0,0,0,0,0,4,0,3,0,1
none,0,1.3,4,0,0,0,0,0,0,0,0,4,0,3,0,1
none,0,1.3250000000000002,0,0,0,0,0,0,0,0,0,4,0,3,0,1
none,0,1.3250000000000002,1,0,0,0,0,0,0,0,0,4,0,3,0,1
none,0,1.3250000000000002,4,0,0,0,0,0,0,0,0,4,0,3,0,1
none,0,1.3500000000000001,0,0,0,0,0,0,0,0,0,4,0,3,0,1
none,0,1.3500000000000001,1,0,0,0,0,0,0,0,0,4,0,3,0,1
none,0,1.3500000000000001,4,0,0,0,0,0,0,0,0,4,0,3,0,1
none,0,1.375,0,0,0,0,0,0,0,0,0,4,0,3,0,1
none,0,1.375,1,0,0,0,0,0,0,0,0,4,0,3,0,1
none,0,1.375,4,0,0,0,0,0,0,0,0,4,0,3,0,1
none,0,1.3999999999999999,0,0,0,0,0,0,0,0,0,4,0,3,0,1
none,0,1.3999999999999999,1,0,0,0,0,0,0,0,0,4,0,3,0,1
none,0,1.3999999999999999,4,0,0,0,0,0,0,0,0,4,0,3,0,1
none,0,1.425,0,0,0,0,0,0,0,0,0,4,0,3,0,1
none,0,1.425,1,0,0,0,0,0,0,0,0,4,0,3,0,1
none,0,1.425,4,0,0,0,0,0,0,0,0,4,0,3,0,1
none,0,1.4500000000000002,0,0,0,0,0,0,0,0,0,4,0,3,0,1
none,0,1.4500000000000002,1,0,0,0,0,0,0,0,0,4,0,3,0,1
none,0,1.4500000000000002,4,0,0,0,0,0,0,0,0,4,0,3,0,1
none,0,1.4750000000000001,0,0,0,0,0,0,0,0,0,4,0,3,0,1
none,0,1.4750000000000001,1,0,0,0,0,0,0,0,0,4,0,3,0,1
none,0,1.4750000000000001,4,0,0,0,0,0,0,0,0,4,0,3,0,1
none,0,1.5,0,0,0,0,0,0,0,0,0,4,0,3,0,1
none,0,1.5,1,0,0,0,0,0,0,0,0,4,0,3,0,1
none,0,1.5,4,0,0,0,0,0,0,0,0,4,0,3,0,1
none,0,1.5249999999999999,0,0,0,0,0,0,0,0,0,4,0,3,0,1
none,0,1.5249999999999999,1,0,0,0,0,0,0,0,0,4,0,3,0,1
none,0,1.5249999999999999,4,0,0,0,0,0,0,0,0,4,0,3,0,1
none,0,1.55,0,0,0,0,0,0,0,0,0,4,0,3,0,1
none,0,1.55,1,0,0,0,0,0,0,0,0,4,0,3,0,1
none,0,1.55,4,0,0,0,0,0,0,0,0,4,0,3,0,1
none,0,1.5750000000000002,0,0,0,0,0,0,0,0,0,4,0,3,0,1
none,0,1.5750000000000002,1,0,0,0,0,0,0,0,0,4,0,3,0,1
none,0,1.5750000000000002,4,0,0,0,0,0,0,0,0,4,0,3,0,1
none,0,1.6000000000000001,0,0,0,0,0,0,0,0,0,4,0,3,0,1
none,0,1.6000000000000001,1,0,0,0,0,0,0,0,0,4,0,3,0,1
none,0,1.6000000000000001,4,0,0,0,0,0,0,0,0,4,0,3,0,1
none,0,1.625,0,0,0,0,0,0,0,0,0,4,0,3,0,1
none,0,1.625,1,0,0,0,0,0,0,0,0,4,0,3,0,1
none,0,1.625,4,0,0,0,0,0,0,0,0,4,0,3,0,1
none,0,1.6499999999999999,0,0,0,0,0,0,0,0,0,4,0,3,0,1
none,0,1.6499999999999999,1,0,0,0,0,0,0,0,0,4,0,3,0,1
none,0,1.6499999999999999,4,0,0,0,0,0,0,0,0,4,0,3,0,1
none,0,1.675,0,0,0,0,0,0,0,0,0,4,0,3,0,1
none,0,1.675,1,0,0,0,0,0,0,0,0,4,0,3,0,1
none,0,1.675,4,0,0,0,0,0,0,0,0,4,0,3,0,1
none,0,1.7000000000000002,0,0,0,0,0,0,0,0,0,4,0,3,0,1
none,0,1.7000000000000002,1,0,0,0,0,0,0,0,0,4,0,3,0,1
none,0,1.7000000000000002,4,0,0,0,0,0,0,0,0,4,0,3,0,1
none,0,1.7250000000000001,0,0,0,0,0,0,0,0,0,4,0,3,0,1
none,0,1.7250000000000001,1,0,0,0,0,0,0,0,0,4,0,3,0,1
none,0,1.7250000000000001,4,0,0,0,0,0,0,0,0,4,0,3,0,1
none,0,1.75,0,0,0,0,0,0,0,0,0,4,0,3,0,1
none,0,1.75,1,0,0,0,0,0,0,0,0,4,0,3,0,1
none,0,1.75,4,0,0,0,0,0,0,0,0,4,0,3,0,1
none,0,1.7750000000000001,0,0,0,0,0,0,0,0,0,4,0,3,0,1
none,0,1.7750000000000001,1,0,0,0,0,0,0,0,0,4,0,3,0,1
none,0,1.7750000000000001,4,0,0,0,0,0,0,0,0,4,0,3,0,1
none,0,1.8,0,0,0,0,0,0,0,0,0,4,0,3,0,1
none,0,1.8,1,0,0,0,0,0,0,0,0,4,0,3,0,1
none,0,1.8,4,0,0,0,0,0,0,0,0,4,0,3,0,1
none,0,1.825,0,0,0,0,0,0,0,0,0,4,0,3,0,1
none,0,1.825,1,0,0,0,0,0,0,0,0,4,0,3,0,1
none,0,1.825,4,0,0,0,0,0,0,0,0,4,0,3,0,1
none,0,1.8500000000000001,0,0,0,0,0,0,0,0,0,4,0,3,0,1
none,0,1.8500000000000001,1,0,0,0,0,0,0,0,0,4,0,3,0,1
none,0,1.8500000000000001,4,0,0,0,0,0,0,0,0,4,0,3,0,1
none,0,1.875,0,0,0,0,0,0,0,0,0,4,0,3,0,1
none,0,1.875,1,0,0,0,0,0,0,0,0,4,0,3,0,1
none,0,1.875,4,0,0,0,0,0,0,0,0,4,0,3,0,1
none,0,1.9000000000000001,0,0,0,0,0,0,0,0,0,4,0,3,0,1
none,0,1.9000000000000001,1,0,0,0,0,0,0,0,0,4,0,3,0,1
none,0,1.9000000000000001,4,0,0,0,0,0,0,0,0,4,0,3,0,1
none,0,1.925,0,0,0,0,0,0,0,0,0,4,0,3,0,1
none,0,1.925,1,0,0,0,0,0,0,0,0,4,0,3,0,1
none,0,1.925,4,0,0,0,0,0,0,0,0,4,0,3,0,1
none,0,1.9500000000000002,0,0,0,0,0,0,0,0,0,4,0,3,0,1
none,0,1.9500000000000002,1,0,0,0,0,0,0,0,0,4,0,3,0,1
none,0,1.9500000000000002,4,0,0,0,0,0,0,0,0,4,0,3,0,1
none,0,1.9750000000000001,0,0,0,0,0,0,0,0,0,4,0,3,0,1
none,0,1.9750000000000001,1,0,0,0,0,0,0,0,0,4,0,3,0,1
none,0,1.9750000000000001,4,0,0,0,0,0,0,0,0,4,0,3,0,1
none,0,2,0,0,0,0,0,0,0,0,0,4,0,3,0,1
none,0,2,1,0,0,0,0,0,0,0,0,4,0,3,0,1
none,0,2,4,0,0,0,0,0,0,0,0,4,0,3,0,1
none,0.80000000000000004,0.75,0,0,0,0,0,0,0,0,0,0.80000000000002292,0,0.80000000000002292,0,0
none,0.80000000000000004,0.75,1,0,0,0,0,0,0,0,0,0.80000000000002292,0,0.80000000000002292,0,0
none,0.80000000000000004,0.75,4,0,0,0,0,0,0,0,0,0.80000000000002292,0,0.80000000000002292,0,0
none,0.80000000000000004,0.77500000000000002,0,0,0,0,0,0,0,0,0,0.80000000000002292,0,0.80000000000002292,0,0
none,0.80000000000000004,0.77500000000000002,1,0,0,0,0,0,0,0,0,0.80000000000002292,0,0.80000000000002292,0,0
none,0.80000000000000004,0.77500000000000002,4,0,0,0,0,0,0,0,0,0.80000000000002292,0,0.80000000000002292,0,0
none,0.80000000000000004,0.80000000000000004,0,0,0,0,0,0,0,0,0,0.80000000000002292,0,0.80000000000002292,0,0
none,0.80000000000000004,0.80000000000000004,1,0,0,0,0,0,0,0,0,0.80000000000002292,0,0.80000000000002292,0,0
none,0.80000000000000004,0.80000000000000004,4,0,0,0,0,0,0,0,0,0.80000000000002292,0,0.80000000000002292,0,0
none,0.80000000000000004,0.82499999999999996,0,0,0,0,0,0,0,0,0,0.80000000000002292,0,0.80000000000002292,0,0
none,0.80000000000000004,0.82499999999999996,1,0,0,0,0,0,0,0,0,0.80000000000002292,0,0.80000000000002292,0,0
none,0.80000000000000004,0.82499999999999996,4,0,0,0,0,0,0,0,0,0.80000000000002292,0,0.80000000000002292,0,0
none,0.80000000000000004,0.84999999999999998,0,0,0,0,0,0,0,0,0,0.80000000000002292,0,0.80000000000002292,0,0
none,0.80000000000000004,0.84999999999999998,1,0,0,0,0,0,0,0,0,0.80000000000002292,0,0.80000000000002292,0,0
none,0.80000000000000004,0.84999999999999998,4,0,0,0,0,0,0,0,0,0.80000000000002292,0,0.80000000000002292,0,0
none,0.80000000000000004,0.875,0,0,0,0,0,0,0,0,0,0.80000000000002292,0,0.80000000000002292,0,0
none,0.80000000000000004,0.875,1,0,0,0,0,0,0,0,0,0.80000000000002292,0,0.80000000000002292,0,0
none,0.80000000000000004,0.875,4,0,0,0,0,0,0,0,0,0.80000000000002292,0,0.80000000000002292,0,0
none,0.80000000000000004,0.90000000000000002,0,0,0,0,0,0,0,0,0,0.80000000000002292,0,0.80000000000002292,0,0
none,0.80000000000000004,0.90000000000000002,1,0,0,0,0,0,0,0,0,0.80000000000002292,0,0.80000000000002292,0,0
none,0.80000000000000004,0.90000000000000002,4,0,0,0,0,0,0,0,0,0.80000000000002292,0,0.80000000000002292,0,0
none,0.80000000000000004,0.92500000000000004,0,0,0,0,0,0,0,0,0,0.80000000000002292,0,0.80000000000002292,0,0
none,0.80000000000000004,0.92500000000000004,1,0,0,0,0,0,0,0,0,0.80000000000002292,0,0.80000000000002292,0,0
none,0.80000000000000004,0.92500000000000004,4,0,0,0,0,0,0,0,0,0.80000000000002292,0,0.80000000000002292,0,0
none,0.80000000000000004,0.94999999999999996,0,0,0,0,0,0,0,0,0,0.80000000000002292,0,0.80000000000002292,0,0
none,0.80000000000000004,0.94999999999999996,1,0,0,0,0,0,0,0,0,0.80000000000002292,0,0.80000000000002292,0,0
none,0.80000000000000004,0.94999999999999996,4,0,0,0,0,0,0,0,0,0.80000000000002292,0,0.80000000000002292,0,0
none,0.80000000000000004,0.97499999999999998,0,0,0,0,0,0,0,0,0,0.80000000000002292,0,0.80000000000002292,0,0
none,0.80000000000000004,0.97499999999999998,1,0,0,0,0,0,0,0,0,0.80000000000002292,0,0.80000000000002292,0,0
none,0.80000000000000004,0.97499999999999998,4,0,0,0,0,0,0,0,0,0.80000000000002292,0,0.80000000000002292,0,0
none,0.80000000000000004,1,0,0,0,0,0,0,0,0,0,0.80000000000002292,0,0.80000000000002292,0,0
none,0.80000000000000004,1,1,0,0,0,0,0,0,0,0,0.80000000000002292,0,0.80000000000002292,0,0
none,0.80000000000000004,1,4,0,0,0,0,0,0,0,0,0.80000000000002292,0,0.80000000000002292,0,0
none,0.80000000000000004,1.0249999999999999,0,0,0,0,0,0,0,0,0,0.80000000000002292,0,0.80000000000002292,0,0
none,0.80000000000000004,1.0249999999999999,1,0,0,0,0,0,0,0,0,0.80000000000002292,0,0.80000000000002292,0,0
none,0.80000000000000004,1.0249999999999999,4,0,0,0,0,0,0,0,0,0.80000000000002292,0,0.80000000000002292,0,0
none,0.80000000000000004,1.05,0,0,0,0,0,0,0,0,0,0.80000000000002292,0,0.80000000000002292,0,0
none,0.80000000000000004,1.05,1,0,0,0,0,0,0,0,0,0.80000000000002292,0,0.80000000000002292,0,0
none,0.80000000000000004,1.05,4,0,0,0,0,0,0,0,0,0.80000000000002292,0,0.80000000000002292,0,0
none,0.80000000000000004,1.075,0,0,0,0,0,0,0,0,0,0.80000000000002292,0,0.80000000000002292,0,0
none,0.80000000000000004,1.075,1,0,0,0,0,0,0,0,0,0.80000000000002292,0,0.80000000000002292,0,0
none,0.80000000000000004,1.075,4,0,0,0,0,0,0,0,0,0.80000000000002292,0,0.80000000000002292,0,0
none,0.80000000000000004,1.1000000000000001,0,0,0,0,0,0,0,0,0,0.80000000000002292,0,0.80000000000002292,0,0
none,0.80000000000000004,1.1000000000000001,1,0,0,0,0,0,0,0,0,0.80000000000002292,0,0.80000000000002292,0,0
none,0.80000000000000004,1.1000000000000001,4,0,0,0,0,0,0,0,0,0.80000000000002292,0,0.80000000000002292,0,0
none,0.80000000000000004,1.125,0,0,0,0,0,0,0,0,0,0.80000000000002292,0,0.80000000000002292,0,0
none,0.80000000000000004,1.125,1,0,0,0,0,0,0,0,0,0.80000000000002292,0,0.80000000000002292,0,0
none,0.80000000000000004,1.125,4,0,0,0,0,0,0,0,0,0.80000000000002292,0,0.80000000000002292,0,0
none,0.80000000000000004,1.1499999999999999,0,0,0,0,0,0,0,0,0,0.80000000000002292,0,0.80000000000002292,0,0
none,0.80000000000000004,1.1499999999999999,1,0,0,0,0,0,0,0,0,0.80000000000002292,0,0.80000000000002292,0,0
none,0.80000000000000004,1.1499999999999999,4,0,0,0,0,0,0,0,0,0.80000000000002292,0,0.80000000000002292,0,0
none,0.80000000000000004,1.175,0,0,0,0,0,0,0,0,0,0.80000000000002292,0,0.80000000000002292,0,0
none,0.80000000000000004,1.175,1,0,0,0,0,0,0,0,0,0.80000000000002292,0,0.80000000000002292,0,0
none,0.80000000000000004,1.175,4,0,0,0,0,0,0,0,0,0.80000000000002292,0,0.80000000000002292,0,0
none,0.80000000000000004,1.2,0,0,0,0,0,0,0,0,0,0.80000000000002292,0,0.80000000000002292,0,0
none,0.80000000000000004,1.2,1,0,0,0,0,0,0,0,0,0.80000000000002292,0,0.80000000000002292,0,0
none,0.80000000000000004,1.2,4,0,0,0,0,0,0,0,0,0.80000000000002292,0,0.80000000000002292,0,0
none,0.80000000000000004,1.2250000000000001,0,0,0,0,0,0,0,0,0,0.80000000000002292,0,0.80000000000002292,0,0
none,0.80000000000000004,1.2250000000000001,1,0,0,0,0,0,0,0,0,0.80000000000002292,0,0.80000000000002292,0,0
none,0.80000000000000004,1.2250000000000001,4,0,0,0,0,0,0,0,0,0.80000000000002292,0,0.80000000000002292,0,0
none,0.80000000000000004,1.25,0,0,0,0,0,0,0,0,0,0.80000000000002292,0,0.80000000000002292,0,0
none,0.80000000000000004,1.25,1,0,0,0,0,0,0,0,0,0.80000000000002292,0,0.80000000000002292,0,0
none,0.80000000000000004,1.25,4,0,0,0,0,0,0,0,0,0.80000000000002292,0,0.80000000000002292,0,0
none,0.80000000000000004,1.2749999999999999,0,0,0,0,0,0,0,0,0,0.80000000000002292,0,0.80000000000002292,0,0
none,0.80000000000000004,1.2749999999999999,1,0,0,0,0,0,0,0,0,0.80000000000002292,0,0.80000000000002292,0,0
none,0.80000000000000004,1.2749999999999999,4,0,0,0,0,0,0,0,0,0.80000000000002292,0,0.80000000000002292,0,0
none,0.80000000000000004,1.3,0,0,0,0,0,0,0,0,0,0.80000000000002292,0,0.80000000000002292,0,0
none,0.80000000000000004,1.3,1,0,0,0,0,0,0,0,0,0.80000000000002292,0,0.80000000000002292,0,0
none,0.80000000000000004,1.3,4,0,0,0,0,0,0,0,0,0.80000000000002292,0,0.80000000000002292,0,0
none,0.80000000000000004,1.3250000000000002,0,0,0,0,0,0,0,0,0,0.80000000000002292,0,0.80000000000002292,0,0
none,0.80000000000000004,1.3250000000000002,1,0,0,0,0,0,0,0,0,0.80000000000002292,0,0.80000000000002292,0,0
none,0.80000000000000004,1.3250000000000002,4,0,0,0,0,0,0,0,0,0.80000000000002292,0,0.80000000000002292,0,0
none,0.80000000000000004,1.3500000000000001,0,0,0,0,0,0,0,0,0,0.80000000000002292,0,0.80000000000002292,0,0
none,0.80000000000000004,1.3500000000000001,1,0,0,0,0,0,0,0,0,0.80000000000002292,0,0.80000000000002292,0,0
none,0.80000000000000004,1.3500000000000001,4,0,0,0,0,0,0,0,0,0.80000000000002292,0,0.80000000000002292,0,0
none,0.80000000000000004,1.375,0,0,0,0,0,0,0,0,0,0.80000000000002292,0,0.80000000000002292,0,0
none,0.80000000000000004,1.375,1,0,0,0,0,0,0,0,0,0.80000000000002292,0,0.80000000000002292,0,0
none,0.80000000000000004,1.375,4,0,0,0,0,0,0,0,0,0.80000000000002292,0,0.80000000000002292,0,0
none,0.80000000000000004,1.3999999999999999,0,0,0,0,0,0,0,0,0,0.80000000000002292,0,0.80000000000002292,0,0
none,0.80000000000000004,1.3999999999999999,1,0,0,0,0,0,0,0,0,0.80000000000002292,0,0.80000000000002292,0,0
none,0.80000000000000004,1.3999999999999999,4,0,0,0,0,0,0,0,0,0.80000000000002292,0,0.80000000000002292,0,0
none,0.80000000000000004,1.425,0,0,0,0,0,0,0,0,0,0.80000000000002292,0,0.80000000000002292,0,0
none,0.80000000000000004,1.425,1,0,0,0,0,0,0,0,0,0.80000000000002292,0,0.80000000000002292,0,0
none,0.80000000000000004,1.425,4,0,0,0,0,0,0,0,0,0.80000000000002292,0,0.80000000000002292,0,0
none,0.80000000000000004,1.4500000000000002,0,0,0,0,0,0,0,0,0,0.80000000000002292,0,0.80000000000002292,0,0
none,0.80000000000000004,1.4500000000000002,1,0,0,0,0,0,0,0,0,0.80000000000002292,0,0.80000000000002292,0,0
none,0.80000000000000004,1.4500000000000002,4,0,0,0,0,0,0,0,0,0.80000000000002292,0,0.80000000000002292,0,0
none,0.80000000000000004,1.4750000000000001,0,0,0,0,0,0,0,0,0,0.80000000000002292,0,0.80000000000002292,0,0
none,0.80000000000000004,1.4750000000000001,1,0,0,0,0,0,0,0,0,0.80000000000002292,0,0.80000000000002292,0,0
none,0.80000000000000004,1.4750000000000001,4,0,0,0,0,0,0,0,0,0.80000000000002292,0,0.80000000000002292,0,0
none,0.80000000000000004,1.5,0,0,0,0,0,0,0,0,0,0.80000000000002292,0,0.80000000000002292,0,0
none,0.80000000000000004,1.5,1,0,0,0,0,0,0,0,0,0.80000000000002292,0,0.80000000000002292,0,0
none,0.80000000000000004,1.5,4,0,0,0,0,0,0,0,0,0.80000000000002292,0,0.80000000000002292,0,0
none,0.80000000000000004,1.5249999999999999,0,0,0,0,0,0,0,0,0,0.80000000000002292,0,0.80000000000002292,0,0
none,0.80000000000000004,1.5249999999999999,1,0,0,0,0,0,0,0,0,0.80000000000002292,0,0.80000000000002292,0,0
none,0.80000000000000004,1.5249999999999999,4,0,0,0,0,0,0,0,0,0.80000000000002292,0,0.80000000000002292,0,0
none,0.80000000000000004,1.55,0,0,0,0,0,0,0,0,0,0.80000000000002292,0,0.80000000000002292,0,0
none,0.80000000000000004,1.55,1,0,0,0,0,0,0,0,0,0.80000000000002292,0,0.80000000000002292,0,0
none,0.80000000000000004,1.55,4,0,0,0,0,0,0,0,0,0.80000000000002292,0,0.80000000000002292,0,0
none,0.80000000000000004,1.5750000000000002,0,0,0,0,0,0,0,0,0,0.80000000000002292,0,0.80000000000002292,0,0
none,0.80000000000000004,1.5750000000000002,1,0,0,0,0,0,0,0,0,0.80000000000002292,0,0.80000000000002292,0,0
none,0.80000000000000004,1.5750000000000002,4,0,0,0,0,0,0,0,0,0.80000000000002292,0,0.80000000000002292,0,0
none,0.80000000000000004,1.6000000000000001,0,0,0,0,0,0,0,0,0,0.80000000000002292,0,0.80000000000002292,0,0
none,0.80000000000000004,1.6000000000000001,1,0,0,0,0,0,0,0,0,0.80000000000002292,0,0.80000000000002292,0,0
none,0.80000000000000004,1.6000000000000001,4,0,0,0,0,0,0,0,0,0.80000000000002292,0,0.80000000000002292,0,0
none,0.80000000000000004,1.625,0,0,0,0,0,0,0,0,0,0.80000000000002292,0,0.80000000000002292,0,0
none,0.80000000000000004,1.625,1,0,0,0,0,0,0,0,0,0.80000000000002292,0,0.80000000000002292,0,0
none,0.80000000000000004,1.625,4,0,0,0,0,0,0,0,0,0.80000000000002292,0,0.80000000000002292,0,0
none,0.80000000000000004,1.6499999999999999,0,0,0,0,0,0,0,0,0,0.80000000000002292,0,0.80000000000002292,0,0
none,0.80000000000000004,1.6499999999999999,1,0,0,0,0,0,0,0,0,0.80000000000002292,0,0.80000000000002292,0,0
none,0.80000000000000004,1.6499999999999999,4,0,0,0,0,0,0,0,0,0.80000000000002292,0,0.80000000000002292,0,0
none,0.80000000000000004,1.675,0,0,0,0,0,0,0,0,0,0.80000000000002292,0,0.80000000000002292,0,0
none,0.80000000000000004,1.675,1,0,0,0,0,0,0,0,0,0.80000000000002292,0,0.80000000000002292,0,0
none,0.80000000000000004,1.675,4,0,0,0,0,0,0,0,0,0.80000000000002292,0,0.80000000000002292,0,0
none,0.80000000000000004,1.7000000000000002,0,0,0,0,0,0,0,0,0,0.80000000000002292,0,0.80000000000002292,0,0
none,0.80000000000000004,1.7000000000000002,1,0,0,0,0,0,0,0,0,0.80000000000002292,0,0.80000000000002292,0,0
none,0.80000000000000004,1.7000000000000002,4,0,0,0,0,0,0,0,0,0.80000000000002292,0,0.80000000000002292,0,0
none,0.80000000000000004,1.7250000000000001,0,0,0,0,0,0,0,0,0,0.80000000000002292,0,0.80000000000002292,0,0
none,0.80000000000000004,1.7250000000000001,1,0,0,0,0,0,0,0,0,0.80000000000002292,0,0.80000000000002292,0,0
none,0.80000000000000004,1.7250000000000001,4,0,0,0,0,0,0,0,0,0.80000000000002292,0,0.80000000000002292,0,0
none,0.80000000000000004,1.75,0,0,0,0,0,0,0,0,0,0.80000000000002292,0,0.80000000000002292,0,0
none,0.80000000000000004,1.75,1,0,0,0,0,0,0,0,0,0.80000000000002292,0,0.80000000000002292,0,0
none,0.80000000000000004,1.75,4,0,0,0,0,0,0,0,0,0.80000000000002292,0,0.80000000000002292,0,0
none,0.80000000000000004,1.7750000000000001,0,0,0,0,0,0,0,0,0,0.80000000000002292,0,0.80000000000002292,0,0
none,0.80000000000000004,1.7750000000000001,1,0,0,0,0,0,0,0,0,0.80000000000002292,0,0.80000000000002292,0,0
none,0.80000000000000004,1.7750000000000001,4,0,0,0,0,0,0,0,0,0.80000000000002292,0,0.80000000000002292,0,0
none,0.80000000000000004,1.8,0,0,0,0,0,0,0,0,0,0.80000000000002292,0,0.80000000000002292,0,0
none,0.80000000000000004,1.8,1,0,0,0,0,0,0,0,0,0.80000000000002292,0,0.80000000000002292,0,0
none,0.80000000000000004,1.8,4,0,0,0,0,0,0,0,0,0.80000000000002292,0,0.80000000000002292,0,0
none,0.80000000000000004,1.825,0,0,0,0,0,0,0,0,0,0.80000000000002292,0,0.80000000000002292,0,0
none,0.80000000000000004,1.825,1,0,0,0,0,0,0,0,0,0.80000000000002292,0,0.80000000000002292,0,0
none,0.80000000000000004,1.825,4,0,0,0,0,0,0,0,0,0.80000000000002292,0,0.80000000000002292,0,0
none,0.80000000000000004,1.8500000000000001,0,0,0,0,0,0,0,0,0,0.80000000000002292,0,0.80000000000002292,0,0
none,0.80000000000000004,1.8500000000000001,1,0,0,0,0,0,0,0,0,0.80000000000002292,0,0.80000000000002292,0,0
none,0.80000000000000004,1.8500000000000001,4,0,0,0,0,0,0,0,0,0.80000000000002292,0,0.80000000000002292,0,0
none,0.80000000000000004,1.875,0,0,0,0,0,0,0,0,0,0.80000000000002292,0,0.80000000000002292,0,0
none,0.80000000000000004,1.875,1,0,0,0,0,0,0,0,0,0.80000000000002292,0,0.80000000000002292,0,0
none,0.80000000000000004,1.875,4,0,0,0,0,0,0,0,0,0.80000000000002292,0,0.80000000000002292,0,0
none,0.80000000000000004,1.9000000000000001,0,0,0,0,0,0,0,0,0,0.80000000000002292,0,0.80000000000002292,0,0
none,0.80000000000000004,1.9000000000000001,1,0,0,0,0,0,0,0,0,0.80000000000002292,0,0.80000000000002292,0,0
none,0.80000000000000004,1.9000000000000001,4,0,0,0,0,0,0,0,0,0.80000000000002292,0,0.80000000000002292,0,0
none,0.80000000000000004,1.925,0,0,0,0,0,0,0,0,0,0.80000000000002292,0,0.80000000000002292,0,0
none,0.80000000000000004,1.925,1,0,0,0,0,0,0,0,0,0.80000000000002292,0,0.80000000000002292,0,0
none,0.80000000000000004,1.925,4,0,0,0,0,0,0,0,0,0.80000000000002292,0,0.80000000000002292,0,0
none,0.80000000000000004,1.9500000000000002,0,0,0,0,0,0,0,0,0,0.80000000000002292,0,0.80000000000002292,0,0
none,0.80000000000000004,1.9500000000000002,1,0,0,0,0,0,0,0,0,0.80000000000002292,0,0.80000000000002292,0,0
none,0.80000000000000004,1.9500000000000002,4,0,0,0,0,0,0,0,0,0.80000000000002292,0,0.80000000000002292,0,0
none,0.80000000000000004,1.9750000000000001,0,0,0,0,0,0,0,0,0,0.80000000000002292,0,0.80000000000002292,0,0
none,0.80000000000000004,1.9750000000000001,1,0,0,0,0,0,0,0,0,0.80000000000002292,0,0.80000000000002292,0,0
none,0.80000000000000004,1.9750000000000001,4,0,0,0,0,0,0,0,0,0.80000000000002292,0,0.80000000000002292,0,0
none,0.80000000000000004,2,0,0,0,0,0,0,0,0,0,0.80000000000002292,0,0.80000000000002292,0,0
none,0.80000000000000004,2,1,0,0,0,0,0,0,0,0,0.80000000000002292,0,0.80000000000002292,0,0
none,0.80000000000000004,2,4,0,0,0,0,0,0,0,0,0.80000000000002292,0,0.80000000000002292,0,0
front,0,0.75,0,1,16.487212707001284,-16.487212707001284,0,0,0,-16.487212707001284,0,-12.487212707001284,0,-3,0,1
front,0,0.75,1,1,16.487212707001284,-16.487212707001284,0,-0.58659583047125352,0,-17.073808537472537,0,-13.073808537472537,0,-3,0,1
front,0,0.75,4,1,16.487212707001284,-16.487212707001284,0,-2.3463833218850141,0,-18.833596028886298,0,-14.833596028886298,0,-3,0,1
front,0,0.77500000000000002,0,1,14.549914146181989,-14.549914146181989,0,0,0,-14.549914146181989,0,-10.549914146181989,0,-3,0,1
front,0,0.77500000000000002,1,1,14.549914146181989,-14.549914146181989,0,-0.54615754448135512,0,-15.096071690663344,0,-11.096071690663344,0,-3.0000000000000004,0,1
front,0,0.77500000000000002,4,1,14.549914146181989,-14.549914146181989,0,-2.1846301779254187,0,-16.734544324107407,0,-12.734544324107407,0,-3,0,1
front,0,0.80000000000000004,0,1,12.840254166877369,-12.840254166877369,0,0,0,-12.840254166877369,0,-8.8402541668773686,0,-3,0,1
front,0,0.80000000000000004,1,1,12.840254166877369,-12.840254166877369,0,-0.5085069615211335,0,-13.348761128398502,0,-9.3487611283985022,0,-3,0,1
front,0,0.80000000000000004,4,1,12.840254166877369,-12.840254166877369,0,-2.0340278460845322,0,-14.874282012961901,0,-10.874282012961901,0,-3.0000000000000004,0,1
front,0,0.82499999999999996,0,1,11.331484530668304,-11.331484530668304,0,0,0,-11.331484530668304,0,-7.3314845306683036,0,-3,0,1
front,0,0.82499999999999996,1,1,11.331484530668304,-11.331484530668304,0,-0.4734519050927144,0,-11.804936435761018,0,-7.804936435761018,0,-3,0,1
front,0,0.82499999999999996,4,1,11.331484530668304,-11.331484530668304,0,-1.8938076203708576,0,-13.225292151039161,0,-9.2252921510391612,0,-3,0,1
front,0,0.84999999999999998,0,1,10.000000000000018,-10.000000000000018,0,0,0,-10.000000000000018,0,-6.0000000000000178,0,-3,0,1
front,0,0.84999999999999998,1,1,10.000000000000018,-10.000000000000018,0,-0.44081344681178791,0,-10.440813446811806,0,-6.4408134468118057,0,-3,0,1
front,0,0.84999999999999998,4,1,10.000000000000018,-10.000000000000018,0,-1.7632537872471516,0,-11.763253787247169,0,-7.7632537872471694,0,-3,0,1
front,0,0.875,0,1,8.8249690258459541,-8.8249690258459541,0,0,0,-8.8249690258459541,0,-4.8249690258459541,0,-3,0,1
front,0,0.875,1,1,8.8249690258459541,-8.8249690258459541,0,-0.41042499311949321,0,-9.2353940189654473,0,-5.2353940189654473,0,-3,0,1
front,0,0.875,4,1,8.8249690258459541,-8.8249690258459541,0,-1.6416999724779764,0,-10.46666899832393,0,-6.4666689983239305,0,-3,0,1
front,0,0.90000000000000002,0,1,7.7880078307140357,-7.7880078307140357,0,0,0,-7.7880078307140357,0,-3.7880078307140357,0,-3,0,1
front,0,0.90000000000000002,1,1,7.7880078307140357,-7.7880078307140357,0,-0.38213143495384028,0,-8.170139265667876,0,-4.170139265667876,0,-3,0,1
front,0,0.90000000000000002,4,1,7.7880078307140357,-7.7880078307140357,0,-1.5285257398153602,0,-9.3165335705293959,0,-5.3165335705293959,0,-3,0,1
front,0,0.92500000000000004,0,1,6.8728927879096977,-6.8728927879096977,0,0,0,-6.8728927879096977,0,-2.8728927879096977,0,-2.8728927879096977,0,0
front,0,0.92500000000000004,1,1,6.8728927879096977,-6.8728927879096977,0,-0.35578835604040915,0,-7.2286811439501069,0,-3.2286811439501069,0,-3,0,1
front,0,0.92500000000000004,4,1,6.8728927879096977,-6.8728927879096977,0,-1.4231534241616357,0,-8.2960462120713334,0,-4.2960462120713334,0,-3,0,1
front,0,0.94999999999999996,0,1,6.0653065971263569,-6.0653065971263569,0,0,0,-6.0653065971263569,0,-2.0653065971263569,0,-2.0653065971263569,0,0
front,0,0.94999999999999996,1,1,6.0653065971263569,-6.0653065971263569,0,-0.33126129576130925,0,-6.3965678928876661,0,-2.3965678928876661,0,-2.3965678928876661,0,0
front,0,0.94999999999999996,4,1,6.0653065971263569,-6.0653065971263569,0,-1.3250451830452352,0,-7.3903517801715921,0,-3.3903517801715921,0,-3,0,1
front,0,0.97499999999999998,0,1,5.3526142851899126,-5.3526142851899126,0,0,0,-5.3526142851899126,0,-1.3526142851899126,0,-1.3526142851899126,0,0
front,0,0.97499999999999998,1,1,5.3526142851899126,-5.3526142851899126,0,-0.30842506283988058,0,-5.6610393480297931,0,-1.6610393480297931,0,-1.6610393480297931,0,0
front,0,0.97499999999999998,4,1,5.3526142851899126,-5.3526142851899126,0,-1.2337002513595223,0,-6.5863145365494349,0,-2.5863145365494349,0,-2.5863145365494349,0,0
front,0,1,0,1,4.7236655274101471,-4.7236655274101471,0,0,0,-4.7236655274101471,0,-0.72366552741014711,0,-0.72366552741014711,0,0
front,0,1,1,1,4.7236655274101471,-4.7236655274101471,0,-0.28716309633808645,0,-5.0108286237482336,0,-1.0108286237482336,0,-1.0108286237482336,0,0
front,0,1,4,1,4.7236655274101471,-4.7236655274101471,0,-1.1486523853523467,0,-5.8723179127624938,0,-1.8723179127624938,0,-1.8723179127624938,0,0
front,0,1.0249999999999999,0,1,4.1686201967851142,-4.1686201967851142,0,0,0,-4.1686201967851142,0,-0.1686201967851142,0,-0.1686201967851142,0,0
front,0,1.0249999999999999,1,1,4.1686201967851142,-4.1686201967851142,0,-0.26736687070495435,0,-4.4359870674900685,0,-0.43598706749006855,0,-0.43598706749006855,0,0
front,0,1.0249999999999999,4,1,4.1686201967851142,-4.1686201967851142,0,-1.0694674828198165,0,-5.2380876796049307,0,-1.2380876796049307,0,-1.2380876796049307,0,0
front,0,1.05,0,1,3.67879441171441,-3.67879441171441,0,0,0,-3.67879441171441,0,0.32120558828558998,0,0.32120558828558998,0,0
front,0,1.05,1,1,3.67879441171441,-3.67879441171441,0,-0.24893534183931898,0,-3.927729753553729,0,0.072270246446271003,0,0.072270246446271003,0,0
front,0,1.05,4,1,3.67879441171441,-3.67879441171441,0,-0.99574136735727681,0,-4.6745357790716868,0,-0.67453577907168683,0,-0.67453577907168683,0,0
front,0,1.075,0,1,3.2465246735835089,-3.2465246735835089,0,0,0,-3.2465246735835089,0,0.75347532641649106,0,0.75347532641649106,0,0
front,0,1.075,1,1,3.2465246735835089,-3.2465246735835089,0,-0.23177443133948872,0,-3.4782991049229977,0,0.52170089507700235,0,0.52170089507700235,0,0
front,0,1.075,4,1,3.2465246735835089,-3.2465246735835089,0,-0.92709772535795398,0,-4.1736223989414629,0,-0.17362239894146292,0,-0.17362239894146292,0,0
front,0,1.1000000000000001,0,1,2.8650479686018802,-2.8650479686018802,0,0,0,-2.8650479686018802,0,1.1349520313981198,0,1.1349520313981198,0,0
front,0,1.1000000000000001,1,1,2.8650479686018802,-2.8650479686018802,0,-0.21579654630726219,0,-3.0808445149091424,0,0.91915548509085765,0,0.91915548509085765,0,0
front,0,1.1000000000000001,4,1,2.8650479686018802,-2.8650479686018802,0,-0.86318618522904789,0,-3.728234153830928,0,0.27176584616907196,0,0.27176584616907196,0,0
front,0,1.125,0,1,2.5283959580474646,-2.5283959580474646,0,0,0,-2.5283959580474646,0,1.4716040419525354,0,1.4716040419525354,0,0
front,0,1.125,1,1,2.5283959580474646,-2.5283959580474646,0,-0.20092013225536798,0,-2.7293160903028326,0,1.2706839096971674,0,1.2706839096971674,0,0
front,0,1.125,4,1,2.5283959580474646,-2.5283959580474646,0,-0.80368052902147236,0,-3.332076487068937,0,0.667923512931063,0,0.667923512931063,0,0
front,0,1.1499999999999999,0,1,2.2313016014843141,-2.2313016014843141,0,0,0,-2.2313016014843141,0,1.7686983985156859,0,1.7686983985156859,0,0
front,0,1.1499999999999999,1,1,2.2313016014843141,-2.2313016014843141,0,-0.18706925683618358,0,-2.4183708583204977,0,1.5816291416795023,0,1.5816291416795023,0,0
front,0,1.1499999999999999,4,1,2.2313016014843141,-2.2313016014843141,0,-0.74827702734473434,0,-2.9795786288290484,0,1.0204213711709516,0,1.0204213711709516,0,0
front,0,1.175,0,1,1.9691167520419333,-1.9691167520419333,0,0,0,-1.9691167520419333,0,2.0308832479580667,0,2.0308832479580667,0,0
front,0,1.175,1,1,1.9691167520419333,-1.9691167520419333,0,-0.17417322226706178,0,-2.143289974308995,0,1.856710025691005,0,1.856710025691005,0,0
front,0,1.175,4,1,1.9691167520419333,-1.9691167520419333,0,-0.69669288906824756,0,-2.6658096411101808,0,1.3341903588898192,0,1.3341903588898192,0,0
front,0,1.2,0,1,1.7377394345044574,-1.7377394345044574,0,0,0,-1.7377394345044574,0,2.2622605654955423,0,2.2622605654955423,0,0
front,0,1.2,1,1,1.7377394345044574,-1.7377394345044574,0,-0.162166204473978,0,-1.8999056389784355,0,2.1000943610215645,0,2.1000943610215645,0,0
front,0,1.2,4,1,1.7377394345044574,-1.7377394345044574,0,-0.64866481789591135,0,-2.3864042524003688,0,1.6135957475996312,0,1.6135957475996312,0,0
front,0,1.2250000000000001,0,1,1.533549668449274,-1.533549668449274,0,0,0,-1.533549668449274,0,2.466450331550726,0,2.466450331550726,0,0
front,0,1.2250000000000001,1,1,1.533549668449274,-1.533549668449274,0,-0.15098691711159185,0,-1.6845365855608658,0,2.3154634144391339,0,2.3154634144391339,0,0
front,0,1.2250000000000001,4,1,1.533549668449274,-1.533549668449274,0,-0.60394766844636738,0,-2.1374973368956414,0,1.8625026631043586,0,1.8625026631043586,0,0
front,0,1.25,0,1,1.353352832366127,-1.353352832366127,0,0,0,-1.353352832366127,0,2.6466471676338728,0,2.6466471676338728,0,0
front,0,1.25,1,1,1.353352832366127,-1.353352832366127,0,-0.14057829874486027,0,-1.4939311311109873,0,2.5060688688890127,0,2.5060688688890127,0,0
front,0,1.25,4,1,1.353352832366127,-1.353352832366127,0,-0.56231319497944066,0,-1.9156660273455677,0,2.0843339726544325,0,2.0843339726544325,0,0
front,0,1.2749999999999999,0,1,1.1943296826672047,-1.1943296826672047,0,0,0,-1.1943296826672047,0,2.8056703173327953,0,2.8056703173327953,0,0
front,0,1.2749999999999999,1,1,1.1943296826672047,-1.1943296826672047,0,-0.13088722159545263,0,-1.3252169042626574,0,2.6747830957373426,0,2.6747830957373426,0,0
front,0,1.2749999999999999,4,1,1.1943296826672047,-1.1943296826672047,0,-0.52354888638181007,0,-1.7178785690490148,0,2.2821214309509852,0,2.2821214309509852,0,0
front,0,1.3,0,1,1.0539922456186397,-1.0539922456186397,0,0,0,-1.0539922456186397,0,2.9460077543813603,0,2.9460077543813603,0,0
front,0,1.3,1,1,1.0539922456186397,-1.0539922456186397,0,-0.12186422036639777,0,-1.1758564659850375,0,2.8241435340149623,0,2.8241435340149623,0,0
front,0,1.3,4,1,1.0539922456186397,-1.0539922456186397,0,-0.48745688146559085,0,-1.5414491270842305,0,2.4585508729157697,0,2.4585508729157697,0,0
front,0,1.3250000000000002,0,1,0.93014489210663809,-0.93014489210663809,0,0,0,-0.93014489210663809,0,3.0698551078933618,0,3,0,1
front,0,1.3250000000000002,1,1,0.93014489210663809,-0.93014489210663809,0,-0.1134632397608023,0,-1.0436081318674404,0,2.9563918681325596,0,2.9563918681325596,0,0
front,0,1.3250000000000002,4,1,0.93014489210663809,-0.93014489210663809,0,-0.45385295904320933,0,-1.3839978511498474,0,2.6160021488501526,0,2.6160021488501526,0,0
front,0,1.3500000000000001,0,1,0.8208499862389822,-0.8208499862389822,0,0,0,-0.8208499862389822,0,3.179150013761018,0,3,0,1
front,0,1.3500000000000001,1,1,0.8208499862389822,-0.8208499862389822,0,-0.10564139940591588,0,-0.92649138564489808,0,3.0735086143551018,0,3,0,1
front,0,1.3500000000000001,4,1,0.8208499862389822,-0.8208499862389822,0,-0.42256559762366375,0,-1.2434155838626459,0,2.7565844161373541,0,2.7565844161373541,0,0
front,0,1.375,0,1,0.72439757034251451,-0.72439757034251451,0,0,0,-0.72439757034251451,0,3.2756024296574857,0,3,0,1
front,0,1.375,1,1,0.72439757034251451,-0.72439757034251451,0,-0.098358774982695407,0,-0.82275634532520991,0,3.1772436546747902,0,3,0,1
front,0,1.375,4,1,0.72439757034251451,-0.72439757034251451,0,-0.39343509993078163,0,-1.1178326702732961,0,2.8821673297267036,0,2.8821673297267036,0,0
front,0,1.3999999999999999,0,1,0.63927861206708025,-0.63927861206708025,0,0,0,-0.63927861206708025,0,3.3607213879329199,0,3,0,1
front,0,1.3999999999999999,1,1,0.63927861206708025,-0.63927861206708025,0,-0.091578194443671213,0,-0.73085680651075147,0,3.2691431934892483,0,3,0,1
front,0,1.3999999999999999,4,1,0.63927861206708025,-0.63927861206708025,0,-0.36631277777468518,0,-1.0055913898417654,0,2.9944086101582346,0,2.9944086101582346,0,0
front,0,1.425,0,1,0.56416139503777152,-0.56416139503777152,0,0,0,-0.56416139503777152,0,3.4358386049622283,0,3,0,1
front,0,1.425,1,1,0.56416139503777152,-0.56416139503777152,0,-0.0852650482789995,0,-0.64942644331677102,0,3.3505735566832291,0,3,0,1
front,0,1.425,4,1,0.56416139503777152,-0.56416139503777152,0,-0.34106019311599811,0,-0.90522158815376963,0,3.0947784118462303,0,3,0,1
front,0,1.4500000000000002,0,1,0.49787068367864118,-0.49787068367864118,0,0,0,-0.49787068367864118,0,3.5021293163213589,0,3,0,1
front,0,1.4500000000000002,1,1,0.49787068367864118,-0.49787068367864118,0,-0.079387112862243314,0,-0.57725779654088449,0,3.4227422034591157,0,3,0,1
front,0,1.4500000000000002,4,1,0.49787068367864118,-0.49787068367864118,0,-0.31754845144897315,0,-0.81541913512761433,0,3.1845808648723857,0,3,0,1
front,0,1.4750000000000001,0,1,0.4393693362340711,-0.4393693362340711,0,0,0,-0.4393693362340711,0,3.5606306637659291,0,3,0,1
front,0,1.4750000000000001,1,1,0.4393693362340711,-0.4393693362340711,0,-0.073914385974196806,0,-0.5132837222082679,0,3.4867162777917322,0,3,0,1
front,0,1.4750000000000001,4,1,0.4393693362340711,-0.4393693362340711,0,-0.29565754389678706,0,-0.73502688013085815,0,3.2649731198691416,0,3,0,1
front,0,1.5,0,1,0.38774207831722007,-0.38774207831722007,0,0,0,-0.38774207831722007,0,3.6122579216827799,0,3,0,1
front,0,1.5,1,1,0.38774207831722007,-0.38774207831722007,0,-0.068818933665251991,0,-0.45656101198247206,0,3.5434389880175279,0,3,0,1
front,0,1.5,4,1,0.38774207831722007,-0.38774207831722007,0,-0.27527573466100796,0,-0.66301781297822804,0,3.3369821870217722,0,3,0,1
front,0,1.5249999999999999,0,1,0.34218118311666273,-0.34218118311666273,0,0,0,-0.34218118311666273,0,3.6578188168833372,0,3,0,1
front,0,1.5249999999999999,1,1,0.34218118311666273,-0.34218118311666273,0,-0.064074747674636556,0,-0.40625593079129929,0,3.5937440692087006,0,3,0,1
front,0,1.5249999999999999,4,1,0.34218118311666273,-0.34218118311666273,0,-0.25629899069854606,0,-0.59848017381520879,0,3.4015198261847912,0,3,0,1
front,0,1.55,0,1,0.30197383422318391,-0.30197383422318391,0,0,0,-0.30197383422318391,0,3.6980261657768159,0,3,0,1
front,0,1.55,1,1,0.30197383422318391,-0.30197383422318391,0,-0.059657612678780614,0,-0.36163144690196453,0,3.6383685530980356,0,3,0,1
front,0,1.55,4,1,0.30197383422318391,-0.30197383422318391,0,-0.23863045071512246,0,-0.54060428493830637,0,3.4593957150616936,0,3,0,1
front,0,1.5750000000000002,0,1,0.26649097336355582,-0.26649097336355582,0,0,0,-0.26649097336355582,0,3.7335090266364444,0,3,0,1
front,0,1.5750000000000002,1,1,0.26649097336355582,-0.26649097336355582,0,-0.055544982691211608,0,-0.32203595605476742,0,3.6779640439452326,0,3,0,1
front,0,1.5750000000000002,4,1,0.26649097336355582,-0.26649097336355582,0,-0.22217993076484654,0,-0.48867090412840236,0,3.5113290958715977,0,3,0,1
front,0,1.6000000000000001,0,1,0.2351774585600894,-0.2351774585600894,0,0,0,-0.2351774585600894,0,3.7648225414399108,0,3,0,1
front,0,1.6000000000000001,1,1,0.2351774585600894,-0.2351774585600894,0,-0.051715865983090997,0,-0.28689332454318039,0,3.7131066754568196,0,3,0,1
front,0,1.6000000000000001,4,1,0.2351774585600894,-0.2351774585600894,0,-0.20686346393236413,0,-0.44204092249245353,0,3.5579590775075465,0,3,0,1
front,0,1.625,0,1,0.20754337873699741,-0.20754337873699741,0,0,0,-0.20754337873699741,0,3.7924566212630024,0,3,0,1
front,0,1.625,1,1,0.20754337873699741,-0.20754337873699741,0,-0.04815071793701764,0,-0.25569409667401505,0,3.7443059033259849,0,3,0,1
front,0,1.625,4,1,0.20754337873699741,-0.20754337873699741,0,-0.1926028717480705,0,-0.40014625048506791,0,3.5998537495149323,0,3,0,1
front,0,1.6499999999999999,0,1,0.18315638888734309,-0.18315638888734309,0,0,0,-0.18315638888734309,0,3.8168436111126569,0,3,0,1
front,0,1.6499999999999999,1,1,0.18315638888734309,-0.18315638888734309,0,-0.044831341287184134,0,-0.22798773017452723,0,3.7720122698254728,0,3,0,1
front,0,1.6499999999999999,4,1,0.18315638888734309,-0.18315638888734309,0,-0.17932536514873659,0,-0.36248175403607968,0,3.6375182459639204,0,3,0,1
front,0,1.675,0,1,0.16163494588165819,-0.16163494588165819,0,0,0,-0.16163494588165819,0,3.8383650541183418,0,3,0,1
front,0,1.675,1,1,0.16163494588165819,-0.16163494588165819,0,-0.041740793236705154,0,-0.20337573911836335,0,3.7966242608816367,0,3,0,1
front,0,1.675,4,1,0.16163494588165819,-0.16163494588165819,0,-0.16696317294682059,0,-0.32859811882847878,0,3.671401881171521,0,3,0,1
front,0,1.7000000000000002,0,1,0.14264233908999305,-0.14264233908999305,0,0,0,-0.14264233908999305,0,3.8573576609100071,0,3,0,1
front,0,1.7000000000000002,1,1,0.14264233908999305,-0.14264233908999305,0,-0.038863298978017741,0,-0.18150563806801079,0,3.8184943619319891,0,3,0,1
front,0,1.7000000000000002,4,1,0.14264233908999305,-0.14264233908999305,0,-0.15545319591207105,0,-0.29809553500206409,0,3.701904464997936,0,3,0,1
front,0,1.7250000000000001,0,1,0.12588142242433908,-0.12588142242433908,0,0,0,-0.12588142242433908,0,3.8741185775756608,0,3,0,1
front,0,1.7250000000000001,1,1,0.12588142242433908,-0.12588142242433908,0,-0.036184171174941465,0,-0.16206559359928055,0,3.8379344064007195,0,3,0,1
front,0,1.7250000000000001,4,1,0.12588142242433908,-0.12588142242433908,0,-0.14473668469976586,0,-0.27061810712410495,0,3.7293818928758951,0,3,0,1
front,0,1.75,0,1,0.11108996538242306,-0.11108996538242306,0,0,0,-0.11108996538242306,0,3.8889100346175769,0,3,0,1
front,0,1.75,1,1,0.11108996538242306,-0.11108996538242306,0,-0.033689734995427337,0,-0.1447797003778504,0,3.8552202996221494,0,3,0,1
front,0,1.75,4,1,0.11108996538242306,-0.11108996538242306,0,-0.13475893998170935,0,-0.2458489053641324,0,3.7541510946358674,0,3,0,1
front,0,1.7750000000000001,0,1,0.098036550358218968,-0.098036550358218968,0,0,0,-0.098036550358218968,0,3.901963449641781,0,3,0,1
front,0,1.7750000000000001,1,1,0.098036550358218968,-0.098036550358218968,0,-0.031367258312334598,0,-0.12940380867055357,0,3.8705961913294464,0,3,0,1
front,0,1.7750000000000001,4,1,0.098036550358218968,-0.098036550358218968,0,-0.12546903324933834,0,-0.22350558360755729,0,3.7764944163924428,0,3,0,1
front,0,1.8,0,1,0.086516952031206032,-0.086516952031206032,0,0,0,-0.086516952031206032,0,3.9134830479687945,0,3,0,1
front,0,1.8,1,1,0.086516952031206032,-0.086516952031206032,0,-0.02920488671597618,0,-0.11572183874718221,0,3.8842781612528179,0,3,0,1
front,0,1.8,4,1,0.086516952031206032,-0.086516952031206032,0,-0.11681954686390471,0,-0.20333649889511074,0,3.7966635011048893,0,3,0,1
front,0,1.825,0,1,0.076350942188599891,-0.076350942188599891,0,0,0,-0.076350942188599891,0,3.9236490578114003,0,3,0,1
front,0,1.825,1,1,0.076350942188599891,-0.076350942188599891,0,-0.027191583006717979,0,-0.10354252519531787,0,3.8964574748046821,0,3,0,1
front,0,1.825,4,1,0.076350942188599891,-0.076350942188599891,0,-0.10876633202687191,0,-0.18511727421547181,0,3.8148827257845284,0,3,0,1
front,0,1.8500000000000001,0,1,0.067379469990854257,-0.067379469990854257,0,0,0,-0.067379469990854257,0,3.9326205300091464,0,3,0,1
front,0,1.8500000000000001,1,1,0.067379469990854257,-0.067379469990854257,0,-0.025317070858787358,0,-0.092696540849641615,0,3.9073034591503584,0,3,0,1
front,0,1.8500000000000001,4,1,0.067379469990854257,-0.067379469990854257,0,-0.10126828343514943,0,-0.16864775342600369,0,3.8313522465739962,0,3,0,1
front,0,1.875,0,1,0.059462173564720992,-0.059462173564720992,0,0,0,-0.059462173564720992,0,3.9405378264352788,0,3,0,1
front,0,1.875,1,1,0.059462173564720992,-0.059462173564720992,0,-0.023571782367746354,0,-0.083033955932467346,0,3.9169660440675327,0,3,0,1
front,0,1.875,4,1,0.059462173564720992,-0.059462173564720992,0,-0.094287129470985415,0,-0.15374930303570641,0,3.8462506969642938,0,3,0,1
front,0,1.9000000000000001,0,1,0.052475183991814264,-0.052475183991814264,0,0,0,-0.052475183991814264,0,3.9475248160081864,0,3,0,1
front,0,1.9000000000000001,1,1,0.052475183991814264,-0.052475183991814264,0,-0.021946809213892277,0,-0.074421993205706541,0,3.9255780067942934,0,3,0,1
front,0,1.9000000000000001,4,1,0.052475183991814264,-0.052475183991814264,0,-0.08778723685556912,0,-0.14026242084738338,0,3.8597375791526165,0,3,0,1
front,0,1.925,0,1,0.046309187335332333,-0.046309187335332333,0,0,0,-0.046309187335332333,0,3.9536908126646675,0,3,0,1
front,0,1.925,1,1,0.046309187335332333,-0.046309187335332333,0,-0.020433857192320284,0,-0.066743044527652617,0,3.9332569554723475,0,3,0,1
front,0,1.925,4,1,0.046309187335332333,-0.046309187335332333,0,-0.081735428769281124,0,-0.12804461610461346,0,3.8719553838953864,0,3,0,1
front,0,1.9500000000000002,0,1,0.040867714384640846,-0.040867714384640846,0,0,0,-0.040867714384640846,0,3.9591322856153592,0,3,0,1
front,0,1.9500000000000002,1,1,0.040867714384640846,-0.040867714384640846,0,-0.019025203877556851,0,-0.059892918262197697,0,3.9401070817378021,0,3,0,1
front,0,1.9500000000000002,4,1,0.040867714384640846,-0.040867714384640846,0,-0.07610081551022739,0,-0.11696852989486824,0,3.8830314701051316,0,3,0,1
front,0,1.9750000000000001,0,1,0.036065631360157079,-0.036065631360157079,0,0,0,-0.036065631360157079,0,3.9639343686398432,0,3,0,1
front,0,1.9750000000000001,1,1,0.036065631360157079,-0.036065631360157079,0,-0.017713659206673706,0,-0.053779290566830784,0,3.9462207094331694,0,3,0,1
front,0,1.9750000000000001,4,1,0.036065631360157079,-0.036065631360157079,0,-0.070854636826694822,0,-0.10692026818685191,0,3.893079731813148,0,3,0,1
front,0,2,0,1,0.031827807965096697,-0.031827807965096697,0,0,0,-0.031827807965096697,0,3.9681721920349036,0,3,0,1
front,0,2,1,1,0.031827807965096697,-0.031827807965096697,0,-0.016492528779695453,0,-0.04832033674479215,0,3.951679663255208,0,3,0,1
front,0,2,4,1,0.031827807965096697,-0.031827807965096697,0,-0.065970115118781827,0,-0.097797923083878524,0,3.9022020769161214,0,3,0,1
front,0.80000000000000004,0.75,0,1,16.487212707001284,-16.487212707001284,0,0,0,-16.487212707001284,0,-15.68721270700124,0,-3.0000000000000027,0,1
front,0.80000000000000004,0.75,1,1,16.487212707001284,-16.487212707001284,0,-2.1929816201548178,0,-18.680194327156102,0,-17.880194327156151,0,-3.0000000000000027,0,1
front,0.80000000000000004,0.75,4,1,16.487212707001284,-16.487212707001284,0,-8.7719264806192783,0,-25.259139187620562,0,-24.459139187620547,0,-3.0000000000000027,0,1
front,0.80000000000000004,0.77500000000000002,0,1,14.549914146181989,-14.549914146181989,0,0,0,-14.549914146181989,0,-13.749914146181984,0,-3.0000000000000027,0,1
front,0.80000000000000004,0.77500000000000002,1,1,14.549914146181989,-14.549914146181989,0,-2.1335549108944516,0,-16.68346905707644,0,-15.883469057076383,0,-3.0000000000000027,0,1
front,0.80000000000000004,0.77500000000000002,4,1,14.549914146181989,-14.549914146181989,0,-8.5342196435778011,0,-23.08413378975979,0,-22.284133789759796,0,-3.0000000000000027,0,1
front,0.80000000000000004,0.80000000000000004,0,1,12.840254166877369,-12.840254166877369,0,0,0,-12.840254166877369,0,-12.040254166877373,0,-3.0000000000000027,0,1
front,0.80000000000000004,0.80000000000000004,1,1,12.840254166877369,-12.840254166877369,0,-2.0757385816486966,0,-14.915992748526065,0,-14.11599274852604,0,-3.0000000000000027,0,1
front,0.80000000000000004,0.80000000000000004,4,1,12.840254166877369,-12.840254166877369,0,-8.3029543265947865,0,-21.143208493472155,0,-20.343208493472154,0,-3.0000000000000027,0,1
front,0.80000000000000004,0.82499999999999996,0,1,11.331484530668304,-11.331484530668304,0,0,0,-11.331484530668304,0,-10.531484530668322,0,-3.0000000000000027,0,1
front,0.80000000000000004,0.82499999999999996,1,1,11.331484530668304,-11.331484530668304,0,-2.0194889933901994,0,-13.350973524058503,0,-12.55097352405854,0,-3.0000000000000027,0,1
front,0.80000000000000004,0.82499999999999996,4,1,11.331484530668304,-11.331484530668304,0,-8.0779559735607993,0,-19.409440504229103,0,-18.609440504229081,0,-3.0000000000000027,0,1
front,0.80000000000000004,0.84999999999999998,0,1,10.000000000000018,-10.000000000000018,0,0,0,-10.000000000000018,0,-9.1999999999999851,0,-3.0000000000000027,0,1
front,0.80000000000000004,0.84999999999999998,1,1,10.000000000000018,-10.000000000000018,0,-1.9647636896476897,0,-11.964763689647707,0,-11.164763689647694,0,-3.0000000000000027,0,1
front,0.80000000000000004,0.84999999999999998,4,1,10.000000000000018,-10.000000000000018,0,-7.8590547585907551,0,-17.859054758590773,0,-17.059054758590818,0,-3.0000000000000027,0,1
front,0.80000000000000004,0.875,0,1,8.8249690258459541,-8.8249690258459541,0,0,0,-8.8249690258459541,0,-8.0249690258459285,0,-3.0000000000000027,0,1
front,0.80000000000000004,0.875,1,1,8.8249690258459541,-8.8249690258459541,0,-1.9115213644604037,0,-10.736490390306358,0,-9.9364903903063073,0,-3.0000000000000027,0,1
front,0.80000000000000004,0.875,4,1,8.8249690258459541,-8.8249690258459541,0,-7.6460854578416129,0,-16.471054483687567,0,-15.671054483687552,0,-3.0000000000000027,0,1
front,0.80000000000000004,0.90000000000000002,0,1,7.7880078307140357,-7.7880078307140357,0,0,0,-7.7880078307140357,0,-6.9880078307140714,0,-3.0000000000000027,0,1
front,0.80000000000000004,0.90000000000000002,1,1,7.7880078307140357,-7.7880078307140357,0,-1.8597218312008623,0,-9.647729661914898,0,-8.8477296619149381,0,-3.0000000000000027,0,1
front,0.80000000000000004,0.90000000000000002,4,1,7.7880078307140357,-7.7880078307140357,0,-7.4388873248034466,0,-15.226895155517482,0,-14.426895155517427,0,-3.0000000000000027,0,1
front,0.80000000000000004,0.92500000000000004,0,1,6.8728927879096977,-6.8728927879096977,0,0,0,-6.8728927879096977,0,-6.0728927879096783,0,-3.0000000000000027,0,1
front,0.80000000000000004,0.92500000000000004,1,1,6.8728927879096977,-6.8728927879096977,0,-1.809325992242516,0,-8.6822187801522137,0,-7.8822187801521615,0,-3.0000000000000027,0,1
front,0.80000000000000004,0.92500000000000004,4,1,6.8728927879096977,-6.8728927879096977,0,-7.2373039689700613,0,-14.110196756879759,0,-13.310196756879721,0,-3.0000000000000027,0,1
front,0.80000000000000004,0.94999999999999996,0,1,6.0653065971263569,-6.0653065971263569,0,0,0,-6.0653065971263569,0,-5.265306597126318,0,-3.0000000000000027,0,1
front,0.80000000000000004,0.94999999999999996,1,1,6.0653065971263569,-6.0653065971263569,0,-1.760295809449361,0,-7.8256024065757179,0,-7.0256024065756817,0,-3.0000000000000027,0,1
front,0.80000000000000004,0.94999999999999996,4,1,6.0653065971263569,-6.0653065971263569,0,-7.0411832377974459,0,-13.106489834923803,0,-12.306489834923772,0,-3.0000000000000027,0,1
front,0.80000000000000004,0.97499999999999998,0,1,5.3526142851899126,-5.3526142851899126,0,0,0,-5.3526142851899126,0,-4.5526142851899376,0,-3.0000000000000027,0,1
front,0.80000000000000004,0.97499999999999998,1,1,5.3526142851899126,-5.3526142851899126,0,-1.7125942754652286,0,-7.0652085606551411,0,-6.2652085606551555,0,-3.0000000000000027,0,1
front,0.80000000000000004,0.97499999999999998,4,1,5.3526142851899126,-5.3526142851899126,0,-6.8503771018609134,0,-12.202991387050826,0,-11.402991387050809,0,-3.0000000000000027,0,1
front,0.80000000000000004,1,0,1,4.7236655274101471,-4.7236655274101471,0,0,0,-4.7236655274101471,0,-3.9236655274101917,0,-3.0000000000000027,0,1
front,0.80000000000000004,1,1,1,4.7236655274101471,-4.7236655274101471,0,-1.6661853857811186,0,-6.3898509131912657,0,-5.5898509131913077,0,-3.0000000000000027,0,1
front,0.80000000000000004,1,4,1,4.7236655274101471,-4.7236655274101471,0,-6.6647415431244754,0,-11.388407070534623,0,-10.588407070534656,0,-3.0000000000000027,0,1
front,0.80000000000000004,1.0249999999999999,0,1,4.1686201967851142,-4.1686201967851142,0,0,0,-4.1686201967851142,0,-3.3686201967850771,0,-3.0000000000000027,0,1
front,0.80000000000000004,1.0249999999999999,1,1,4.1686201967851142,-4.1686201967851142,0,-1.6210341115594531,0,-5.7896543083445673,0,-4.9896543083445266,0,-3.0000000000000027,0,1
front,0.80000000000000004,1.0249999999999999,4,1,4.1686201967851142,-4.1686201967851142,0,-6.4841364462378115,0,-10.652756643022926,0,-9.8527566430228752,0,-3.0000000000000027,0,1
front,0.80000000000000004,1.05,0,1,3.67879441171441,-3.67879441171441,0,0,0,-3.67879441171441,0,-2.8787944117144582,0,-2.8787944117144582,0,0
front,0.80000000000000004,1.05,1,1,3.67879441171441,-3.67879441171441,0,-1.577106373194737,0,-5.255900784909147,0,-4.4559007849090948,0,-3.0000000000000027,0,1
front,0.80000000000000004,1.05,4,1,3.67879441171441,-3.67879441171441,0,-6.308425492778948,0,-9.9872199044933581,0,-9.1872199044933378,0,-3.0000000000000027,0,1
front,0.80000000000000004,1.075,0,1,3.2465246735835089,-3.2465246735835089,0,0,0,-3.2465246735835089,0,-2.4465246735835278,0,-2.4465246735835278,0,0
front,0.80000000000000004,1.075,1,1,3.2465246735835089,-3.2465246735835089,0,-1.534369014590748,0,-4.780893688174257,0,-3.9808936881742252,0,-3.0000000000000027,0,1
front,0.80000000000000004,1.075,4,1,3.2465246735835089,-3.2465246735835089,0,-6.1374760583629913,0,-9.3840007319465002,0,-8.5840007319465386,0,-3.0000000000000027,0,1
front,0.80000000000000004,1.1000000000000001,0,1,2.8650479686018802,-2.8650479686018802,0,0,0,-2.8650479686018802,0,-2.0650479686018519,0,-2.0650479686018519,0,0
front,0.80000000000000004,1.1000000000000001,1,1,2.8650479686018802,-2.8650479686018802,0,-1.4927897781346884,0,-4.3578377467365685,0,-3.5578377467365696,0,-3.0000000000000027,0,1
front,0.80000000000000004,1.1000000000000001,4,1,2.8650479686018802,-2.8650479686018802,0,-5.9711591125387535,0,-8.8362070811406337,0,-8.0362070811406117,0,-3.0000000000000027,0,1
front,0.80000000000000004,1.125,0,1,2.5283959580474646,-2.5283959580474646,0,0,0,-2.5283959580474646,0,-1.7283959580474129,0,-1.7283959580474129,0,0
front,0.80000000000000004,1.125,1,1,2.5283959580474646,-2.5283959580474646,0,-1.4523372803495986,0,-3.9807332383970633,0,-3.180733238397071,0,-3.0000000000000027,0,1
front,0.80000000000000004,1.125,4,1,2.5283959580474646,-2.5283959580474646,0,-5.8093491213983945,0,-8.3377450794458596,0,-7.5377450794458234,0,-3.0000000000000027,0,1
front,0.80000000000000004,1.1499999999999999,0,1,2.2313016014843141,-2.2313016014843141,0,0,0,-2.2313016014843141,0,-1.4313016014843027,0,-1.4313016014843027,0,0
front,0.80000000000000004,1.1499999999999999,1,1,2.2313016014843141,-2.2313016014843141,0,-1.4129809882064697,0,-3.6442825896907838,0,-2.8442825896908275,0,-2.8442825896908275,0,0
front,0.80000000000000004,1.1499999999999999,4,1,2.2313016014843141,-2.2313016014843141,0,-5.6519239528258787,0,-7.8832255543101928,0,-7.0832255543101796,0,-3.0000000000000027,0,1
front,0.80000000000000004,1.175,0,1,1.9691167520419333,-1.9691167520419333,0,0,0,-1.9691167520419333,0,-1.1691167520418988,0,-1.1691167520418988,0,0
front,0.80000000000000004,1.175,1,1,1.9691167520419333,-1.9691167520419333,0,-1.3746911960783197,0,-3.3438079481202529,0,-2.543807948120258,0,-2.543807948120258,0,0
front,0.80000000000000004,1.175,4,1,1.9691167520419333,-1.9691167520419333,0,-5.4987647843132788,0,-7.467881536355212,0,-6.6678815363552246,0,-3.0000000000000027,0,1
front,0.80000000000000004,1.2,0,1,1.7377394345044574,-1.7377394345044574,0,0,0,-1.7377394345044574,0,-0.93773943450448094,0,-0.93773943450448094,0,0
front,0.80000000000000004,1.2,1,1,1.7377394345044574,-1.7377394345044574,0,-1.3374390033187826,0,-3.0751784378232401,0,-2.2751784378232109,0,-2.2751784378232109,0,0
front,0.80000000000000004,1.2,4,1,1.7377394345044574,-1.7377394345044574,0,-5.3497560132751296,0,-7.0874954477795873,0,-6.287495447779623,0,-3.0000000000000027,0,1
front,0.80000000000000004,1.2250000000000001,0,1,1.533549668449274,-1.533549668449274,0,0,0,-1.533549668449274,0,-0.73354966844929592,0,-0.73354966844929592,0,0
front,0.80000000000000004,1.2250000000000001,1,1,1.533549668449274,-1.533549668449274,0,-1.3011962924482288,0,-2.8347459608975027,0,-2.0347459608974772,0,-2.0347459608974772,0,0
front,0.80000000000000004,1.2250000000000001,4,1,1.533549668449274,-1.533549668449274,0,-5.2047851697929168,0,-6.7383348382421904,0,-5.938334838242243,0,-3.0000000000000027,0,1
front,0.80000000000000004,1.25,0,1,1.353352832366127,-1.353352832366127,0,0,0,-1.353352832366127,0,-0.55335283236612742,0,-0.55335283236612742,0,0
front,0.80000000000000004,1.25,1,1,1.353352832366127,-1.353352832366127,0,-1.2659357079310969,0,-2.6192885402972239,0,-1.8192885402972259,0,-1.8192885402972259,0,0
front,0.80000000000000004,1.25,4,1,1.353352832366127,-1.353352832366127,0,-5.0637428317243867,0,-6.4170956640905139,0,-5.6170956640905212,0,-3.0000000000000027,0,1
front,0.80000000000000004,1.2749999999999999,0,1,1.1943296826672047,-1.1943296826672047,0,0,0,-1.1943296826672047,0,-0.39432968266717161,0,-0.39432968266717161,0,0
front,0.80000000000000004,1.2749999999999999,1,1,1.1943296826672047,-1.1943296826672047,0,-1.2316306355282447,0,-2.4259603181954494,0,-1.6259603181953963,0,-1.6259603181953963,0,0
front,0.80000000000000004,1.2749999999999999,4,1,1.1943296826672047,-1.1943296826672047,0,-4.9265225421129788,0,-6.1208522247801831,0,-5.3208522247801815,0,-3.0000000000000027,0,1
front,0.80000000000000004,1.3,0,1,1.0539922456186397,-1.0539922456186397,0,0,0,-1.0539922456186397,0,-0.25399224561861722,0,-0.25399224561861722,0,0
front,0.80000000000000004,1.3,1,1,1.0539922456186397,-1.0539922456186397,0,-1.1982551822088778,0,-2.2522474278275175,0,-1.4522474278275688,0,-1.4522474278275688,0,0
front,0.80000000000000004,1.3,4,1,1.0539922456186397,-1.0539922456186397,0,-4.7930207288355113,0,-5.8470129744541506,0,-5.0470129744542014,0,-3.0000000000000027,0,1
front,0.80000000000000004,1.3250000000000002,0,1,0.93014489210663809,-0.93014489210663809,0,0,0,-0.93014489210663809,0,-0.13014489210660951,0,-0.13014489210660951,0,0
front,0.80000000000000004,1.3250000000000002,1,1,0.93014489210663809,-0.93014489210663809,0,-1.1657841566068368,0,-2.095929048713475,0,-1.2959290487134512,0,-1.2959290487134512,0,0
front,0.80000000000000004,1.3250000000000002,4,1,0.93014489210663809,-0.93014489210663809,0,-4.6631366264273471,0,-5.5932815185339848,0,-4.7932815185339761,0,-3.0000000000000027,0,1
front,0.80000000000000004,1.3500000000000001,0,1,0.8208499862389822,-0.8208499862389822,0,0,0,-0.8208499862389822,0,-0.020849986238968832,0,-0.020849986238968832,0,0
front,0.80000000000000004,1.3500000000000001,1,1,0.8208499862389822,-0.8208499862389822,0,-1.1341930500064388,0,-1.955043036245421,0,-1.1550430362454733,0,-1.1550430362454733,0,0
front,0.80000000000000004,1.3500000000000001,4,1,0.8208499862389822,-0.8208499862389822,0,-4.5367722000257551,0,-5.3576221862647371,0,-4.5576221862647648,0,-3.0000000000000027,0,1
front,0.80000000000000004,1.375,0,1,0.72439757034251451,-0.72439757034251451,0,0,0,-0.72439757034251451,0,0.075602429657539716,0,0.075602429657539716,0,0
front,0.80000000000000004,1.375,1,1,0.72439757034251451,-0.72439757034251451,0,-1.1034580178436515,0,-1.827855588186166,0,-1.0278555881861884,0,-1.0278555881861884,0,0
front,0.80000000000000004,1.375,4,1,0.72439757034251451,-0.72439757034251451,0,-4.413832071374606,0,-5.1382296417171203,0,-4.3382296417171506,0,-3.0000000000000027,0,1
front,0.80000000000000004,1.3999999999999999,0,1,0.63927861206708025,-0.63927861206708025,0,0,0,-0.63927861206708025,0,0.16072138793288282,0,0.16072138793288282,0,0
front,0.80000000000000004,1.3999999999999999,1,1,0.63927861206708025,-0.63927861206708025,0,-1.0735558617084879,0,-1.7128344737755681,0,-0.91283447377554783,0,-0.91283447377554783,0,0
front,0.80000000000000004,1.3999999999999999,4,1,0.63927861206708025,-0.63927861206708025,0,-4.2942234468339517,0,-4.9335020589010323,0,-4.1335020589010618,0,-3.0000000000000027,0,1
front,0.80000000000000004,1.425,0,1,0.56416139503777152,-0.56416139503777152,0,0,0,-0.56416139503777152,0,0.23583860496223519,0,0.23583860496223519,0,0
front,0.80000000000000004,1.425,1,1,0.56416139503777152,-0.56416139503777152,0,-1.044464011835156,0,-1.6086254068729275,0,-0.80862540687287598,0,-0.80862540687287598,0,0
front,0.80000000000000004,1.425,4,1,0.56416139503777152,-0.56416139503777152,0,-4.1778560473406241,0,-4.7420174423783958,0,-3.9420174423784315,0,-3.0000000000000027,0,1
front,0.80000000000000004,1.4500000000000002,0,1,0.49787068367864118,-0.49787068367864118,0,0,0,-0.49787068367864118,0,0.30212931632134232,0,0.30212931632134232,0,0
front,0.80000000000000004,1.4500000000000002,1,1,0.49787068367864118,-0.49787068367864118,0,-1.0161605100667006,0,-1.5140311937453417,0,-0.71403119374535695,0,-0.71403119374535695,0,0
front,0.80000000000000004,1.4500000000000002,4,1,0.49787068367864118,-0.49787068367864118,0,-4.0646420402668015,0,-4.562512723945443,0,-3.7625127239454548,0,-3.0000000000000027,0,1
front,0.80000000000000004,1.4750000000000001,0,1,0.4393693362340711,-0.4393693362340711,0,0,0,-0.4393693362340711,0,0.36063066376590402,0,0.36063066376590402,0,0
front,0.80000000000000004,1.4750000000000001,1,1,0.4393693362340711,-0.4393693362340711,0,-0.98862399328123662,0,-1.4279933295153078,0,-0.62799332951535281,0,-0.62799332951535281,0,0
front,0.80000000000000004,1.4750000000000001,4,1,0.4393693362340711,-0.4393693362340711,0,-3.9544959731249465,0,-4.3938653093590174,0,-3.5938653093590123,0,-3.0000000000000027,0,1
front,0.80000000000000004,1.5,0,1,0.38774207831722007,-0.38774207831722007,0,0,0,-0.38774207831722007,0,0.4122579216827571,0,0.4122579216827571,0,0
front,0.80000000000000004,1.5,1,1,0.38774207831722007,-0.38774207831722007,0,-0.96183367726737168,0,-1.3495757555845918,0,-0.54957575558456373,0,-0.54957575558456373,0,0
front,0.80000000000000004,1.5,4,1,0.38774207831722007,-0.38774207831722007,0,-3.8473347090694863,0,-4.2350767873867063,0,-3.4350767873867483,0,-3.0000000000000027,0,1
front,0.80000000000000004,1.5249999999999999,0,1,0.34218118311666273,-0.34218118311666273,0,0,0,-0.34218118311666273,0,0.45781881688333748,0,0.45781881688333748,0,0
front,0.80000000000000004,1.5249999999999999,1,1,0.34218118311666273,-0.34218118311666273,0,-0.93576934103651865,0,-1.2779505241531814,0,-0.47795052415322559,0,-0.47795052415322559,0,0
front,0.80000000000000004,1.5249999999999999,4,1,0.34218118311666273,-0.34218118311666273,0,-3.7430773641460742,0,-4.085258547262737,0,-3.2852585472626927,0,-3.0000000000000027,0,1
front,0.80000000000000004,1.55,0,1,0.30197383422318391,-0.30197383422318391,0,0,0,-0.30197383422318391,0,0.49802616577676595,0,0.49802616577676595,0,0
front,0.80000000000000004,1.55,1,1,0.30197383422318391,-0.30197383422318391,0,-0.91041131156036514,0,-1.2123851457835491,0,-0.412385145783567,0,-0.412385145783567,0,0
front,0.80000000000000004,1.55,4,1,0.30197383422318391,-0.30197383422318391,0,-3.6416452462414606,0,-3.9436190804646447,0,-3.1436190804646769,0,-3.0000000000000027,0,1
front,0.80000000000000004,1.5750000000000002,0,1,0.26649097336355582,-0.26649097336355582,0,0,0,-0.26649097336355582,0,0.53350902663640287,0,0.53350902663640287,0,0
front,0.80000000000000004,1.5750000000000002,1,1,0.26649097336355582,-0.26649097336355582,0,-0.88574044892193315,0,-1.152231422285489,0,-0.352231422285465,0,-0.352231422285465,0,0
front,0.80000000000000004,1.5750000000000002,4,1,0.26649097336355582,-0.26649097336355582,0,-3.5429617956877331,0,-3.8094527690512887,0,-3.0094527690512907,0,-3.0000000000000027,0,1
front,0.80000000000000004,1.6000000000000001,0,1,0.2351774585600894,-0.2351774585600894,0,0,0,-0.2351774585600894,0,0.56482254143985777,0,0.56482254143985777,0,0
front,0.80000000000000004,1.6000000000000001,1,1,0.2351774585600894,-0.2351774585600894,0,-0.86173813186898851,0,-1.0969155904290779,0,-0.2969155904291032,0,-0.2969155904291032,0,0
front,0.80000000000000004,1.6000000000000001,4,1,0.2351774585600894,-0.2351774585600894,0,-3.446952527475954,0,-3.6821299860360432,0,-2.8821299860360972,0,-2.8821299860360972,0,0
front,0.80000000000000004,1.625,0,1,0.20754337873699741,-0.20754337873699741,0,0,0,-0.20754337873699741,0,0.59245662126294896,0,0.59245662126294896,0,0
front,0.80000000000000004,1.625,1,1,0.20754337873699741,-0.20754337873699741,0,-0.83838624375898529,0,-1.0459296224959826,0,-0.24592962249603278,0,-0.24592962249603278,0,0
front,0.80000000000000004,1.625,4,1,0.20754337873699741,-0.20754337873699741,0,-3.3535449750359412,0,-3.5610883537729388,0,-2.761088353772978,0,-2.761088353772978,0,0
front,0.80000000000000004,1.6499999999999999,0,1,0.18315638888734309,-0.18315638888734309,0,0,0,-0.18315638888734309,0,0.61684361111269403,0,0.61684361111269403,0,0
front,0.80000000000000004,1.6499999999999999,1,1,0.18315638888734309,-0.18315638888734309,0,-0.81566715888483232,0,-0.99882354777217541,0,-0.19882354777212008,0,-0.19882354777212008,0,0
front,0.80000000000000004,1.6499999999999999,4,1,0.18315638888734309,-0.18315638888734309,0,-3.2626686355393293,0,-3.4458250244266724,0,-2.6458250244266734,0,-2.6458250244266734,0,0
front,0.80000000000000004,1.675,0,1,0.16163494588165819,-0.16163494588165819,0,0,0,-0.16163494588165819,0,0.63836505411829503,0,0.63836505411829503,0,0
front,0.80000000000000004,1.675,1,1,0.16163494588165819,-0.16163494588165819,0,-0.79356372917124363,0,-0.95519867505290179,0,-0.15519867505286999,0,-0.15519867505286999,0,0
front,0.80000000000000004,1.675,4,1,0.16163494588165819,-0.16163494588165819,0,-3.1742549166849745,0,-3.3358898625666327,0,-2.5358898625665871,0,-2.5358898625665871,0,0
front,0.80000000000000004,1.7000000000000002,0,1,0.14264233908999305,-0.14264233908999305,0,0,0,-0.14264233908999305,0,0.65735766091001846,0,0.65735766091001846,0,0
front,0.80000000000000004,1.7000000000000002,1,1,0.14264233908999305,-0.14264233908999305,0,-0.77205927123160001,0,-0.91470161032159303,0,-0.11470161032156589,0,-0.11470161032156589,0,0
front,0.80000000000000004,1.7000000000000002,4,1,0.14264233908999305,-0.14264233908999305,0,-3.0882370849264,0,-3.2308794240163929,0,-2.43087942401643,0,-2.43087942401643,0,0
front,0.80000000000000004,1.7250000000000001,0,1,0.12588142242433908,-0.12588142242433908,0,0,0,-0.12588142242433908,0,0.67411857757571081,0,0.67411857757571081,0,0
front,0.80000000000000004,1.7250000000000001,1,1,0.12588142242433908,-0.12588142242433908,0,-0.75113755377551983,0,-0.87701897619985891,0,-0.077018976199827449,0,-0.077018976199827449,0,0
front,0.80000000000000004,1.7250000000000001,4,1,0.12588142242433908,-0.12588142242433908,0,-3.0045502151020793,0,-3.1304316375264185,0,-2.3304316375264422,0,-2.3304316375264422,0,0
front,0.80000000000000004,1.75,0,1,0.11108996538242306,-0.11108996538242306,0,0,0,-0.11108996538242306,0,0.68891003461757361,0,0.68891003461757361,0,0
front,0.80000000000000004,1.75,1,1,0.11108996538242306,-0.11108996538242306,0,-0.73078278535771213,0,-0.84187275074013523,0,-0.04187275074019059,0,-0.04187275074019059,0,0
front,0.80000000000000004,1.75,4,1,0.11108996538242306,-0.11108996538242306,0,-2.9231311414308485,0,-3.0342211068132716,0,-2.2342211068132611,0,-2.2342211068132611,0,0
front,0.80000000000000004,1.7750000000000001,0,1,0.098036550358218968,-0.098036550358218968,0,0,0,-0.098036550358218968,0,0.70196344964179591,0,0.70196344964179591,0,0
front,0.80000000000000004,1.7750000000000001,1,1,0.098036550358218968,-0.098036550358218968,0,-0.71097960245877545,0,-0.80901615281699446,0,-0.0090161528170096261,0,-0.0090161528170096261,0,0
front,0.80000000000000004,1.7750000000000001,4,1,0.098036550358218968,-0.098036550358218968,0,-2.8439184098351018,0,-2.9419549601933208,0,-2.1419549601933152,0,-2.1419549601933152,0,0
front,0.80000000000000004,1.8,0,1,0.086516952031206032,-0.086516952031206032,0,0,0,-0.086516952031206032,0,0.71348304796881035,0,0.71348304796881035,0,0
front,0.80000000000000004,1.8,1,1,0.086516952031206032,-0.086516952031206032,0,-0.69171305788901716,0,-0.77823000992022318,0,0.021769990079745227,0,0.021769990079745227,0,0
front,0.80000000000000004,1.8,4,1,0.086516952031206032,-0.086516952031206032,0,-2.7668522315560686,0,-2.8533691835872745,0,-2.0533691835872281,0,-2.0533691835872281,0,0
front,0.80000000000000004,1.825,0,1,0.076350942188599891,-0.076350942188599891,0,0,0,-0.076350942188599891,0,0.7236490578114152,0,0.7236490578114152,0,0
front,0.80000000000000004,1.825,1,1,0.076350942188599891,-0.076350942188599891,0,-0.67296860950651438,0,-0.74931955169511433,0,0.050680448304918357,0,0.050680448304918357,0,0
front,0.80000000000000004,1.825,4,1,0.076350942188599891,-0.076350942188599891,0,-2.691874438026058,0,-2.7682253802146577,0,-1.9682253802146832,0,-1.9682253802146832,0,0
front,0.80000000000000004,1.8500000000000001,0,1,0.067379469990854257,-0.067379469990854257,0,0,0,-0.067379469990854257,0,0.73262053000910932,0,0.73262053000910932,0,0
front,0.80000000000000004,1.8500000000000001,1,1,0.067379469990854257,-0.067379469990854257,0,-0.65473210924087244,0,-0.72211157923172675,0,0.077888420768279509,0,0.077888420768279509,0,0
front,0.80000000000000004,1.8500000000000001,4,1,0.067379469990854257,-0.067379469990854257,0,-2.6189284369634902,0,-2.6863079069543443,0,-1.8863079069543209,0,-1.8863079069543209,0,0
front,0.80000000000000004,1.875,0,1,0.059462173564720992,-0.059462173564720992,0,0,0,-0.059462173564720992,0,0.74053782643523913,0,0.74053782643523913,0,0
front,0.80000000000000004,1.875,1,1,0.059462173564720992,-0.059462173564720992,0,-0.63698979241446141,0,-0.69645196597918235,0,0.10354803402079504,0,0.10354803402079504,0,0
front,0.80000000000000004,1.875,4,1,0.059462173564720992,-0.059462173564720992,0,-2.5479591696578456,0,-2.6074213432225668,0,-1.8074213432225372,0,-1.8074213432225372,0,0
front,0.80000000000000004,1.9000000000000001,0,1,0.052475183991814264,-0.052475183991814264,0,0,0,-0.052475183991814264,0,0.74752481600814935,0,0.74752481600814935,0,0
front,0.80000000000000004,1.9000000000000001,1,1,0.052475183991814264,-0.052475183991814264,0,-0.61972826735299635,0,-0.67220345134481063,0,0.12779654865513468,0,0.12779654865513468,0,0
front,0.80000000000000004,1.9000000000000001,4,1,0.052475183991814264,-0.052475183991814264,0,-2.4789130694119854,0,-2.5313882534037995,0,-1.7313882534037983,0,-1.7313882534037983,0,0
front,0.80000000000000004,1.925,0,1,0.046309187335332333,-0.046309187335332333,0,0,0,-0.046309187335332333,0,0.75369081266463134,0,0.75369081266463134,0,0
front,0.80000000000000004,1.925,1,1,0.046309187335332333,-0.046309187335332333,0,-0.60293450527768022,0,-0.64924369261301251,0,0.15075630738703438,0,0.15075630738703438,0,0
front,0.80000000000000004,1.925,4,1,0.046309187335332333,-0.046309187335332333,0,-2.4117380211107209,0,-2.4580472084460534,0,-1.6580472084460895,0,-1.6580472084460895,0,0
front,0.80000000000000004,1.9500000000000002,0,1,0.040867714384640846,-0.040867714384640846,0,0,0,-0.040867714384640846,0,0.75913228561530488,0,0.75913228561530488,0,0
front,0.80000000000000004,1.9500000000000002,1,1,0.040867714384640846,-0.040867714384640846,0,-0.58659583047125419,0,-0.62746354485589506,0,0.17253645514414551,0,0.17253645514414551,0,0
front,0.80000000000000004,1.9500000000000002,4,1,0.040867714384640846,-0.040867714384640846,0,-2.3463833218850167,0,-2.3872510362696575,0,-1.5872510362696657,0,-1.5872510362696657,0,0
front,0.80000000000000004,1.9750000000000001,0,1,0.036065631360157079,-0.036065631360157079,0,0,0,-0.036065631360157079,0,0.76393436863986253,0,0.76393436863986253,0,0
front,0.80000000000000004,1.9750000000000001,1,1,0.036065631360157079,-0.036065631360157079,0,-0.57069991071051251,0,-0.60676554207066957,0,0.19323445792929217,0,0.19323445792929217,0,0
front,0.80000000000000004,1.9750000000000001,4,1,0.036065631360157079,-0.036065631360157079,0,-2.2827996428420501,0,-2.3188652742022073,0,-1.5188652742021969,0,-1.5188652742021969,0,0
front,0.80000000000000004,2,0,1,0.031827807965096697,-0.031827807965096697,0,0,0,-0.031827807965096697,0,0.7681721920349549,0,0.7681721920349549,0,0
front,0.80000000000000004,2,1,1,0.031827807965096697,-0.031827807965096697,0,-0.55523474795811523,0,-0.58706255592321188,0,0.21293744407679949,0,0.21293744407679949,0,0
front,0.80000000000000004,2,4,1,0.031827807965096697,-0.031827807965096697,0,-2.2209389918324609,0,-2.2527667997975578,0,-1.4527667997975557,0,-1.4527667997975557,0,0
rear,0,0.75,0,1,16.487212707001284,16.487212707001284,0,0,0,16.487212707001284,0,20.487212707001284,0,3,0,1
rear,0,0.75,1,1,16.487212707001284,16.487212707001284,0,0.58659583047125352,0,17.073808537472537,0,21.073808537472537,0,3,0,1
rear,0,0.75,4,1,16.487212707001284,16.487212707001284,0,2.3463833218850141,0,18.833596028886298,0,22.833596028886298,0,3,0,1
rear,0,0.77500000000000002,0,1,14.549914146181989,14.549914146181989,0,0,0,14.549914146181989,0,18.54991414618199,0,3,0,1
rear,0,0.77500000000000002,1,1,14.549914146181989,14.549914146181989,0,0.54615754448135512,0,15.096071690663344,0,19.096071690663344,0,3.0000000000000004,0,1
rear,0,0.77500000000000002,4,1,14.549914146181989,14.549914146181989,0,2.1846301779254187,0,16.734544324107407,0,20.734544324107407,0,3.0000000000000004,0,1
rear,0,0.80000000000000004,0,1,12.840254166877369,12.840254166877369,0,0,0,12.840254166877369,0,16.840254166877369,0,3,0,1
rear,0,0.80000000000000004,1,1,12.840254166877369,12.840254166877369,0,0.5085069615211335,0,13.348761128398502,0,17.3487611283985,0,3,0,1
rear,0,0.80000000000000004,4,1,12.840254166877369,12.840254166877369,0,2.0340278460845322,0,14.874282012961901,0,18.874282012961899,0,3,0,1
rear,0,0.82499999999999996,0,1,11.331484530668304,11.331484530668304,0,0,0,11.331484530668304,0,15.331484530668304,0,3,0,1
rear,0,0.82499999999999996,1,1,11.331484530668304,11.331484530668304,0,0.4734519050927144,0,11.804936435761018,0,15.80493643576102,0,3,0,1
rear,0,0.82499999999999996,4,1,11.331484530668304,11.331484530668304,0,1.8938076203708576,0,13.225292151039161,0,17.225292151039163,0,2.9999999999999996,0,1
rear,0,0.84999999999999998,0,1,10.000000000000018,10.000000000000018,0,0,0,10.000000000000018,0,14.000000000000018,0,3,0,1
rear,0,0.84999999999999998,1,1,10.000000000000018,10.000000000000018,0,0.44081344681178791,0,10.440813446811806,0,14.440813446811806,0,3,0,1
rear,0,0.84999999999999998,4,1,10.000000000000018,10.000000000000018,0,1.7632537872471516,0,11.763253787247169,0,15.763253787247168,0,3,0,1
rear,0,0.875,0,1,8.8249690258459541,8.8249690258459541,0,0,0,8.8249690258459541,0,12.824969025845954,0,3,0,1
rear,0,0.875,1,1,8.8249690258459541,8.8249690258459541,0,0.41042499311949321,0,9.2353940189654473,0,13.235394018965447,0,3,0,1
rear,0,0.875,4,1,8.8249690258459541,8.8249690258459541,0,1.6416999724779764,0,10.46666899832393,0,14.46666899832393,0,3,0,1
rear,0,0.90000000000000002,0,1,7.7880078307140357,7.7880078307140357,0,0,0,7.7880078307140357,0,11.788007830714037,0,2.9999999999999996,0,1
rear,0,0.90000000000000002,1,1,7.7880078307140357,7.7880078307140357,0,0.38213143495384028,0,8.170139265667876,0,12.170139265667876,0,3,0,1
rear,0,0.90000000000000002,4,1,7.7880078307140357,7.7880078307140357,0,1.5285257398153602,0,9.3165335705293959,0,13.316533570529396,0,3,0,1
rear,0,0.92500000000000004,0,1,6.8728927879096977,6.8728927879096977,0,0,0,6.8728927879096977,0,10.872892787909699,0,3,0,1
rear,0,0.92500000000000004,1,1,6.8728927879096977,6.8728927879096977,0,0.35578835604040915,0,7.2286811439501069,0,11.228681143950107,0,3,0,1
rear,0,0.92500000000000004,4,1,6.8728927879096977,6.8728927879096977,0,1.4231534241616357,0,8.2960462120713334,0,12.296046212071333,0,3,0,1
rear,0,0.94999999999999996,0,1,6.0653065971263569,6.0653065971263569,0,0,0,6.0653065971263569,0,10.065306597126357,0,3,0,1
rear,0,0.94999999999999996,1,1,6.0653065971263569,6.0653065971263569,0,0.33126129576130925,0,6.3965678928876661,0,10.396567892887667,0,3,0,1
rear,0,0.94999999999999996,4,1,6.0653065971263569,6.0653065971263569,0,1.3250451830452352,0,7.3903517801715921,0,11.390351780171592,0,2.9999999999999996,0,1
rear,0,0.97499999999999998,0,1,5.3526142851899126,5.3526142851899126,0,0,0,5.3526142851899126,0,9.3526142851899117,0,3,0,1
rear,0,0.97499999999999998,1,1,5.3526142851899126,5.3526142851899126,0,0.30842506283988058,0,5.6610393480297931,0,9.6610393480297923,0,3,0,1
rear,0,0.97499999999999998,4,1,5.3526142851899126,5.3526142851899126,0,1.2337002513595223,0,6.5863145365494349,0,10.586314536549434,0,2.9999999999999996,0,1
rear,0,1,0,1,4.7236655274101471,4.7236655274101471,0,0,0,4.7236655274101471,0,8.723665527410148,0,3,0,1
rear,0,1,1,1,4.7236655274101471,4.7236655274101471,0,0.28716309633808645,0,5.0108286237482336,0,9.0108286237482336,0,3,0,1
rear,0,1,4,1,4.7236655274101471,4.7236655274101471,0,1.1486523853523467,0,5.8723179127624938,0,9.8723179127624938,0,3,0,1
rear,0,1.0249999999999999,0,1,4.1686201967850769,4.1686201967850769,0,0,0,4.1686201967850769,0,8.1686201967850778,0,3,0,1
rear,0,1.0249999999999999,1,1,4.1686201967850769,4.1686201967850769,0,0.26736687070495258,0,4.4359870674900295,0,8.4359870674900286,0,3,0,1
rear,0,1.0249999999999999,4,1,4.1686201967850769,4.1686201967850769,0,1.0694674828198112,0,5.2380876796048881,0,9.2380876796048881,0,3,0,1
rear,0,1.05,0,1,3.67879441171441,3.67879441171441,0,0,0,3.67879441171441,0,7.67879441171441,0,3,0,1
rear,0,1.05,1,1,3.67879441171441,3.67879441171441,0,0.24893534183931898,0,3.927729753553729,0,7.927729753553729,0,3,0,1
rear,0,1.05,4,1,3.67879441171441,3.67879441171441,0,0.99574136735727681,0,4.6745357790716868,0,8.6745357790716859,0,3,0,1
rear,0,1.075,0,1,3.2465246735835089,3.2465246735835089,0,0,0,3.2465246735835089,0,7.2465246735835089,0,3,0,1
rear,0,1.075,1,1,3.2465246735835089,3.2465246735835089,0,0.23177443133948872,0,3.4782991049229977,0,7.4782991049229981,0,3,0,1
rear,0,1.075,4,1,3.2465246735835089,3.2465246735835089,0,0.92709772535795398,0,4.1736223989414629,0,8.1736223989414629,0,3,0,1
rear,0,1.1000000000000001,0,1,2.8650479686019059,2.8650479686019059,0,0,0,2.8650479686019059,0,6.8650479686019059,0,3,0,1
rear,0,1.1000000000000001,1,1,2.8650479686019059,2.8650479686019059,0,0.21579654630726308,0,3.080844514909169,0,7.0808445149091686,0,3,0,1
rear,0,1.1000000000000001,4,1,2.8650479686019059,2.8650479686019059,0,0.86318618522905277,0,3.7282341538309587,0,7.7282341538309591,0,3,0,1
rear,0,1.125,0,1,2.5283959580474646,2.5283959580474646,0,0,0,2.5283959580474646,0,6.5283959580474651,0,3,0,1
rear,0,1.125,1,1,2.5283959580474646,2.5283959580474646,0,0.20092013225536798,0,2.7293160903028326,0,6.7293160903028326,0,3,0,1
rear,0,1.125,4,1,2.5283959580474646,2.5283959580474646,0,0.80368052902147236,0,3.332076487068937,0,7.332076487068937,0,3,0,1
rear,0,1.1499999999999999,0,1,2.2313016014842941,2.2313016014842941,0,0,0,2.2313016014842941,0,6.2313016014842937,0,3,0,1
rear,0,1.1499999999999999,1,1,2.2313016014842941,2.2313016014842941,0,0.1870692568361827,0,2.4183708583204768,0,6.4183708583204773,0,3,0,1
rear,0,1.1499999999999999,4,1,2.2313016014842941,2.2313016014842941,0,0.74827702734473078,0,2.9795786288290249,0,6.9795786288290245,0,3,0,1
rear,0,1.175,0,1,1.9691167520419333,1.9691167520419333,0,0,0,1.9691167520419333,0,5.9691167520419333,0,3,0,1
rear,0,1.175,1,1,1.9691167520419333,1.9691167520419333,0,0.17417322226706178,0,2.143289974308995,0,6.1432899743089955,0,3,0,1
rear,0,1.175,4,1,1.9691167520419333,1.9691167520419333,0,0.69669288906824756,0,2.6658096411101808,0,6.6658096411101813,0,3,0,1
rear,0,1.2,0,1,1.7377394345044574,1.7377394345044574,0,0,0,1.7377394345044574,0,5.7377394345044577,0,2.9999999999999996,0,1
rear,0,1.2,1,1,1.7377394345044574,1.7377394345044574,0,0.162166204473978,0,1.8999056389784355,0,5.899905638978435,0,3,0,1
rear,0,1.2,4,1,1.7377394345044574,1.7377394345044574,0,0.64866481789591135,0,2.3864042524003688,0,6.3864042524003688,0,3,0,1
rear,0,1.2250000000000001,0,1,1.5335496684492875,1.5335496684492875,0,0,0,1.5335496684492875,0,5.5335496684492878,0,2.9999999999999996,0,1
rear,0,1.2250000000000001,1,1,1.5335496684492875,1.5335496684492875,0,0.15098691711159273,0,1.6845365855608803,0,5.6845365855608803,0,3,0,1
rear,0,1.2250000000000001,4,1,1.5335496684492875,1.5335496684492875,0,0.60394766844637071,0,2.1374973368956582,0,6.1374973368956578,0,3,0,1
rear,0,1.25,0,1,1.353352832366127,1.353352832366127,0,0,0,1.353352832366127,0,5.3533528323661272,0,2.9999999999999996,0,1
rear,0,1.25,1,1,1.353352832366127,1.353352832366127,0,0.14057829874486027,0,1.4939311311109873,0,5.4939311311109869,0,3,0,1
rear,0,1.25,4,1,1.353352832366127,1.353352832366127,0,0.56231319497944066,0,1.9156660273455677,0,5.9156660273455675,0,3,0,1
rear,0,1.2749999999999999,0,1,1.1943296826671941,1.1943296826671941,0,0,0,1.1943296826671941,0,5.1943296826671936,0,3,0,1
rear,0,1.2749999999999999,1,1,1.1943296826671941,1.1943296826671941,0,0.13088722159545196,0,1.325216904262646,0,5.3252169042626463,0,3.0000000000000004,0,1
rear,0,1.2749999999999999,4,1,1.1943296826671941,1.1943296826671941,0,0.52354888638180763,0,1.7178785690490017,0,5.7178785690490015,0,3,0,1
rear,0,1.3,0,1,1.0539922456186397,1.0539922456186397,0,0,0,1.0539922456186397,0,5.0539922456186392,0,3,0,1
rear,0,1.3,1,1,1.0539922456186397,1.0539922456186397,0,0.12186422036639777,0,1.1758564659850375,0,5.1758564659850377,0,3,0,1
rear,0,1.3,4,1,1.0539922456186397,1.0539922456186397,0,0.48745688146559085,0,1.5414491270842305,0,5.5414491270842303,0,3,0,1
rear,0,1.3250000000000002,0,1,0.93014489210663809,0.93014489210663809,0,0,0,0.93014489210663809,0,4.9301448921066378,0,3,0,1
rear,0,1.3250000000000002,1,1,0.93014489210663809,0.93014489210663809,0,0.1134632397608023,0,1.0436081318674404,0,5.0436081318674404,0,3,0,1
rear,0,1.3250000000000002,4,1,0.93014489210663809,0.93014489210663809,0,0.45385295904320933,0,1.3839978511498474,0,5.3839978511498474,0,3,0,1
rear,0,1.3500000000000001,0,1,0.82084998623898942,0.82084998623898942,0,0,0,0.82084998623898942,0,4.8208499862389891,0,3,0,1
rear,0,1.3500000000000001,1,1,0.82084998623898942,0.82084998623898942,0,0.10564139940591655,0,0.92649138564490596,0,4.9264913856449057,0,3,0,1
rear,0,1.3500000000000001,4,1,0.82084998623898942,0.82084998623898942,0,0.42256559762366586,0,1.2434155838626553,0,5.2434155838626548,0,3,0,1
rear,0,1.375,0,1,0.72439757034251451,0.72439757034251451,0,0,0,0.72439757034251451,0,4.7243975703425143,0,3,0,1
rear,0,1.375,1,1,0.72439757034251451,0.72439757034251451,0,0.098358774982695407,0,0.82275634532520991,0,4.8227563453252102,0,3,0,1
rear,0,1.375,4,1,0.72439757034251451,0.72439757034251451,0,0.39343509993078163,0,1.1178326702732961,0,5.1178326702732964,0,3,0,1
rear,0,1.3999999999999999,0,1,0.63927861206707459,0.63927861206707459,0,0,0,0.63927861206707459,0,4.6392786120670744,0,3,0,1
rear,0,1.3999999999999999,1,1,0.63927861206707459,0.63927861206707459,0,0.091578194443670879,0,0.73085680651074547,0,4.7308568065107455,0,3,0,1
rear,0,1.3999999999999999,4,1,0.63927861206707459,0.63927861206707459,0,0.3663127777746833,0,1.0055913898417579,0,5.0055913898417579,0,3,0,1
rear,0,1.425,0,1,0.56416139503777152,0.56416139503777152,0,0,0,0.56416139503777152,0,4.5641613950377717,0,3,0,1
rear,0,1.425,1,1,0.56416139503777152,0.56416139503777152,0,0.0852650482789995,0,0.64942644331677102,0,4.6494264433167709,0,3,0,1
rear,0,1.425,4,1,0.56416139503777152,0.56416139503777152,0,0.34106019311599811,0,0.90522158815376963,0,4.9052215881537693,0,3,0,1
rear,0,1.4500000000000002,0,1,0.49787068367864118,0.49787068367864118,0,0,0,0.49787068367864118,0,4.4978706836786415,0,3,0,1
rear,0,1.4500000000000002,1,1,0.49787068367864118,0.49787068367864118,0,0.079387112862243314,0,0.57725779654088449,0,4.5772577965408843,0,3,0,1
rear,0,1.4500000000000002,4,1,0.49787068367864118,0.49787068367864118,0,0.31754845144897315,0,0.81541913512761433,0,4.8154191351276143,0,3.0000000000000004,0,1
rear,0,1.4750000000000001,0,1,0.43936933623407498,0.43936933623407498,0,0,0,0.43936933623407498,0,4.4393693362340754,0,3,0,1
rear,0,1.4750000000000001,1,1,0.43936933623407498,0.43936933623407498,0,0.073914385974197139,0,0.51328372220827212,0,4.5132837222082722,0,3,0,1
rear,0,1.4750000000000001,4,1,0.43936933623407498,0.43936933623407498,0,0.29565754389678872,0,0.7350268801308637,0,4.7350268801308637,0,3,0,1
rear,0,1.5,0,1,0.38774207831722007,0.38774207831722007,0,0,0,0.38774207831722007,0,4.3877420783172205,0,3,0,1
rear,0,1.5,1,1,0.38774207831722007,0.38774207831722007,0,0.068818933665251991,0,0.45656101198247206,0,4.4565610119824717,0,3,0,1
rear,0,1.5,4,1,0.38774207831722007,0.38774207831722007,0,0.27527573466100796,0,0.66301781297822804,0,4.6630178129782278,0,3,0,1
rear,0,1.5249999999999999,0,1,0.34218118311665979,0.34218118311665979,0,0,0,0.34218118311665979,0,4.3421811831166597,0,3,0,1
rear,0,1.5249999999999999,1,1,0.34218118311665979,0.34218118311665979,0,0.064074747674636168,0,0.40625593079129596,0,4.4062559307912963,0,2.9999999999999996,0,1
rear,0,1.5249999999999999,4,1,0.34218118311665979,0.34218118311665979,0,0.25629899069854478,0,0.59848017381520457,0,4.5984801738152044,0,2.9999999999999996,0,1
rear,0,1.55,0,1,0.30197383422318391,0.30197383422318391,0,0,0,0.30197383422318391,0,4.3019738342231841,0,3,0,1
rear,0,1.55,1,1,0.30197383422318391,0.30197383422318391,0,0.059657612678780614,0,0.36163144690196453,0,4.3616314469019644,0,3,0,1
rear,0,1.55,4,1,0.30197383422318391,0.30197383422318391,0,0.23863045071512246,0,0.54060428493830637,0,4.5406042849383059,0,3,0,1
rear,0,1.5750000000000002,0,1,0.26649097336355582,0.26649097336355582,0,0,0,0.26649097336355582,0,4.2664909733635561,0,3,0,1
rear,0,1.5750000000000002,1,1,0.26649097336355582,0.26649097336355582,0,0.055544982691211608,0,0.32203595605476742,0,4.3220359560547674,0,3,0,1
rear,0,1.5750000000000002,4,1,0.26649097336355582,0.26649097336355582,0,0.22217993076484654,0,0.48867090412840236,0,4.4886709041284023,0,3,0,1
rear,0,1.6000000000000001,0,1,0.23517745856009148,0.23517745856009148,0,0,0,0.23517745856009148,0,4.2351774585600914,0,3,0,1
rear,0,1.6000000000000001,1,1,0.23517745856009148,0.23517745856009148,0,0.051715865983091303,0,0.28689332454318278,0,4.2868933245431826,0,3,0,1
rear,0,1.6000000000000001,4,1,0.23517745856009148,0.23517745856009148,0,0.20686346393236521,0,0.44204092249245669,0,4.4420409224924571,0,3,0,1
rear,0,1.625,0,1,0.20754337873699741,0.20754337873699741,0,0,0,0.20754337873699741,0,4.2075433787369976,0,3,0,1
rear,0,1.625,1,1,0.20754337873699741,0.20754337873699741,0,0.04815071793701764,0,0.25569409667401505,0,4.2556940966740147,0,3,0,1
rear,0,1.625,4,1,0.20754337873699741,0.20754337873699741,0,0.1926028717480705,0,0.40014625048506791,0,4.4001462504850677,0,3,0,1
rear,0,1.6499999999999999,0,1,0.18315638888734148,0.18315638888734148,0,0,0,0.18315638888734148,0,4.1831563888873413,0,3,0,1
rear,0,1.6499999999999999,1,1,0.18315638888734148,0.18315638888734148,0,0.044831341287183968,0,0.22798773017452545,0,4.2279877301745259,0,3,0,1
rear,0,1.6499999999999999,4,1,0.18315638888734148,0.18315638888734148,0,0.17932536514873582,0,0.3624817540360773,0,4.362481754036077,0,3,0,1
rear,0,1.675,0,1,0.16163494588165819,0.16163494588165819,0,0,0,0.16163494588165819,0,4.1616349458816586,0,3,0,1
rear,0,1.675,1,1,0.16163494588165819,0.16163494588165819,0,0.041740793236705154,0,0.20337573911836335,0,4.2033757391183633,0,3,0,1
rear,0,1.675,4,1,0.16163494588165819,0.16163494588165819,0,0.16696317294682059,0,0.32859811882847878,0,4.328598118828479,0,3,0,1
rear,0,1.7000000000000002,0,1,0.14264233908999305,0.14264233908999305,0,0,0,0.14264233908999305,0,4.1426423390899929,0,3,0,1
rear,0,1.7000000000000002,1,1,0.14264233908999305,0.14264233908999305,0,0.038863298978017741,0,0.18150563806801079,0,4.1815056380680105,0,3,0,1
rear,0,1.7000000000000002,4,1,0.14264233908999305,0.14264233908999305,0,0.15545319591207105,0,0.29809553500206409,0,4.298095535002064,0,3,0,1
rear,0,1.7250000000000001,0,1,0.12588142242434019,0.12588142242434019,0,0,0,0.12588142242434019,0,4.1258814224243405,0,3,0,1
rear,0,1.7250000000000001,1,1,0.12588142242434019,0.12588142242434019,0,0.036184171174941659,0,0.16206559359928185,0,4.1620655935992819,0,3,0,1
rear,0,1.7250000000000001,4,1,0.12588142242434019,0.12588142242434019,0,0.14473668469976664,0,0.27061810712410683,0,4.2706181071241067,0,3,0,1
rear,0,1.75,0,1,0.11108996538242306,0.11108996538242306,0,0,0,0.11108996538242306,0,4.1110899653824227,0,3,0,1
rear,0,1.75,1,1,0.11108996538242306,0.11108996538242306,0,0.033689734995427337,0,0.1447797003778504,0,4.1447797003778506,0,3,0,1
rear,0,1.75,4,1,0.11108996538242306,0.11108996538242306,0,0.13475893998170935,0,0.2458489053641324,0,4.2458489053641326,0,3,0,1
rear,0,1.7750000000000001,0,1,0.098036550358218108,0.098036550358218108,0,0,0,0.098036550358218108,0,4.0980365503582181,0,3,0,1
rear,0,1.7750000000000001,1,1,0.098036550358218108,0.098036550358218108,0,0.031367258312334403,0,0.12940380867055251,0,4.1294038086705527,0,3,0,1
rear,0,1.7750000000000001,4,1,0.098036550358218108,0.098036550358218108,0,0.12546903324933767,0,0.22350558360755579,0,4.2235055836075555,0,3,0,1
rear,0,1.8,0,1,0.086516952031206032,0.086516952031206032,0,0,0,0.086516952031206032,0,4.0865169520312064,0,3,0,1
rear,0,1.8,1,1,0.086516952031206032,0.086516952031206032,0,0.02920488671597618,0,0.11572183874718221,0,4.1157218387471826,0,3,0,1
rear,0,1.8,4,1,0.086516952031206032,0.086516952031206032,0,0.11681954686390471,0,0.20333649889511074,0,4.2033364988951103,0,3,0,1
rear,0,1.825,0,1,0.076350942188599891,0.076350942188599891,0,0,0,0.076350942188599891,0,4.0763509421885997,0,3,0,1
rear,0,1.825,1,1,0.076350942188599891,0.076350942188599891,0,0.027191583006717979,0,0.10354252519531787,0,4.1035425251953175,0,3,0,1
rear,0,1.825,4,1,0.076350942188599891,0.076350942188599891,0,0.10876633202687191,0,0.18511727421547181,0,4.1851172742154716,0,3,0,1
rear,0,1.8500000000000001,0,1,0.067379469990854785,0.067379469990854785,0,0,0,0.067379469990854785,0,4.067379469990855,0,3,0,1
rear,0,1.8500000000000001,1,1,0.067379469990854785,0.067379469990854785,0,0.025317070858787497,0,0.092696540849642281,0,4.0926965408496425,0,3,0,1
rear,0,1.8500000000000001,4,1,0.067379469990854785,0.067379469990854785,0,0.10126828343514996,0,0.16864775342600474,0,4.1686477534260051,0,3,0,1
rear,0,1.875,0,1,0.059462173564720992,0.059462173564720992,0,0,0,0.059462173564720992,0,4.0594621735647207,0,3,0,1
rear,0,1.875,1,1,0.059462173564720992,0.059462173564720992,0,0.023571782367746354,0,0.083033955932467346,0,4.0830339559324678,0,3,0,1
rear,0,1.875,4,1,0.059462173564720992,0.059462173564720992,0,0.094287129470985415,0,0.15374930303570641,0,4.1537493030357062,0,3,0,1
rear,0,1.9000000000000001,0,1,0.052475183991813792,0.052475183991813792,0,0,0,0.052475183991813792,0,4.0524751839918141,0,3,0,1
rear,0,1.9000000000000001,1,1,0.052475183991813792,0.052475183991813792,0,0.021946809213892179,0,0.074421993205705972,0,4.0744219932057062,0,3,0,1
rear,0,1.9000000000000001,4,1,0.052475183991813792,0.052475183991813792,0,0.087787236855568704,0,0.1402624208473825,0,4.1402624208473826,0,3,0,1
rear,0,1.925,0,1,0.046309187335332333,0.046309187335332333,0,0,0,0.046309187335332333,0,4.0463091873353321,0,3,0,1
rear,0,1.925,1,1,0.046309187335332333,0.046309187335332333,0,0.020433857192320284,0,0.066743044527652617,0,4.0667430445276525,0,3,0,1
rear,0,1.925,4,1,0.046309187335332333,0.046309187335332333,0,0.081735428769281124,0,0.12804461610461346,0,4.1280446161046136,0,3,0,1
rear,0,1.9500000000000002,0,1,0.040867714384640846,0.040867714384640846,0,0,0,0.040867714384640846,0,4.0408677143846408,0,3,0,1
rear,0,1.9500000000000002,1,1,0.040867714384640846,0.040867714384640846,0,0.019025203877556851,0,0.059892918262197697,0,4.0598929182621974,0,3,0,1
rear,0,1.9500000000000002,4,1,0.040867714384640846,0.040867714384640846,0,0.07610081551022739,0,0.11696852989486824,0,4.1169685298948684,0,3,0,1
rear,0,1.9750000000000001,0,1,0.036065631360157398,0.036065631360157398,0,0,0,0.036065631360157398,0,4.0360656313601577,0,3,0,1
rear,0,1.9750000000000001,1,1,0.036065631360157398,0.036065631360157398,0,0.017713659206673803,0,0.0537792905668312,0,4.0537792905668315,0,3,0,1
rear,0,1.9750000000000001,4,1,0.036065631360157398,0.036065631360157398,0,0.070854636826695211,0,0.1069202681868526,0,4.1069202681868529,0,3,0,1
rear,0,2,0,1,0.031827807965096697,0.031827807965096697,0,0,0,0.031827807965096697,0,4.0318278079650964,0,3,0,1
rear,0,2,1,1,0.031827807965096697,0.031827807965096697,0,0.016492528779695453,0,0.04832033674479215,0,4.0483203367447924,0,3,0,1
rear,0,2,4,1,0.031827807965096697,0.031827807965096697,0,0.065970115118781827,0,0.097797923083878524,0,4.0977979230838786,0,3,0,1
rear,0.80000000000000004,0.75,0,1,16.487212707001284,16.487212707001284,0,0,0,16.487212707001284,0,17.287212707001288,0,3.0000000000000027,0,1
rear,0.80000000000000004,0.75,1,1,16.487212707001284,16.487212707001284,0,-0.0027969195006321002,-0.024649741253926733,16.484415787500652,-0.024649741253926733,17.284415787500617,-0.024649741253926733,2.9999969492549017,-0.0042783713068960507,1
rear,0.80000000000000004,0.75,4,1,16.487212707001284,16.487212707001284,0,-0.011187678002531953,-0.098598965015706933,16.476025028998752,-0.098598965015706933,17.276025028998721,-0.098598965015706933,2.9999511417718727,-0.017121535606708923,1
rear,0.80000000000000004,0.77500000000000002,0,1,14.549914146181989,14.549914146181989,0,0,0,14.549914146181989,0,15.34991414618203,0,3.0000000000000027,0,1
rear,0.80000000000000004,0.77500000000000002,1,1,14.549914146181989,14.549914146181989,0,-0.002483008709440071,-0.021883190490498486,14.547431137472548,-0.021883190490498486,15.347431137472499,-0.021883190490498486,2.9999969504167501,-0.0042775565597159533,1
rear,0.80000000000000004,0.77500000000000002,4,1,14.549914146181989,14.549914146181989,0,-0.0099320348377585077,-0.087532761961993943,14.53998211134423,-0.087532761961993943,15.339982111344241,-0.087532761961993943,2.9999511603873152,-0.017118273601218384,1
rear,0.80000000000000004,0.80000000000000004,0,1,12.840254166877369,12.840254166877369,0,0,0,12.840254166877369,0,13.640254166877419,0,3.0000000000000027,0,1
rear,0.80000000000000004,0.80000000000000004,1,1,12.840254166877369,12.840254166877369,0,-0.0022043295310290034,-0.019427142098992951,12.83804983734634,-0.019427142098992951,13.638049837346289,-0.019427142098992951,2.999996956285722,-0.0042734384946087559,1
rear,0.80000000000000004,0.80000000000000004,4,1,12.840254166877369,12.840254166877369,0,-0.0088173181241142373,-0.077708568395971803,12.831436848753254,-0.077708568395971803,13.63143684875323,-0.077708568395971803,2.9999512544226503,-0.017101786101162697,1
rear,0.80000000000000004,0.82499999999999996,0,1,11.331484530668304,11.331484530668304,0,0,0,11.331484530668304,0,12.131484530668256,0,3.0000000000000027,0,1
rear,0.80000000000000004,0.82499999999999996,1,1,11.331484530668304,11.331484530668304,0,-0.0019569277638424865,-0.017246747008775411,11.329527602904461,-0.017246747008775411,12.129527602904421,-0.017246747008775411,2.9999969673855098,-0.0042656392249934977,1
rear,0.80000000000000004,0.82499999999999996,4,1,11.331484530668304,11.331484530668304,0,-0.0078277110553663931,-0.068986988035101643,11.323656819612937,-0.068986988035101643,12.123656819612915,-0.068986988035101643,2.9999514322692766,-0.017070560198391885,1
rear,0.80000000000000004,0.84999999999999998,0,1,10.000000000000018,10.000000000000018,0,0,0,10.000000000000018,0,10.800000000000031,0,3.0000000000000027,0,1
rear,0.80000000000000004,0.84999999999999998,1,1,10.000000000000018,10.000000000000018,0,-0.0017372930040586709,-0.015311067416350443,9.9982627069959591,-0.015311067416350443,10.798262706995908,-0.015311067416350441,2.9999969842608998,-0.0042537542678145728,1
rear,0.80000000000000004,0.84999999999999998,4,1,10.000000000000018,10.000000000000018,0,-0.0069491720162329074,-0.061244269665401772,9.9930508279837849,-0.061244269665401772,10.793050827983762,-0.061244269665401765,2.9999517026562117,-0.017022976541932737,1
rear,0.80000000000000004,0.875,0,1,8.8249690258459541,8.8249690258459541,0,0,0,8.8249690258459541,0,9.6249690258459744,0,3.0000000000000027,0,1
rear,0.80000000000000004,0.875,1,1,8.8249690258459541,8.8249690258459541,0,-0.0015423088361856685,-0.013592637806349655,8.8234267170097684,-0.013592637806349655,9.6234267170097745,-0.013592637806349655,2.999997007469335,-0.004237354732549361,1
rear,0.80000000000000004,0.875,4,1,8.8249690258459541,8.8249690258459541,0,-0.006169235344742674,-0.05437055122539862,8.8187997905012114,-0.05437055122539862,9.6187997905011748,-0.05437055122539862,2.9999520745108699,-0.01695731811592651,1
rear,0.80000000000000004,0.90000000000000002,0,1,7.7880078307140357,7.7880078307140357,0,0,0,7.7880078307140357,0,8.5880078307140053,0,3.0000000000000027,0,1
rear,0.80000000000000004,0.90000000000000002,1,1,7.7880078307140357,7.7880078307140357,0,-0.0013692086139869275,-0.012067075241096761,7.7866386221000488,-0.012067075241096761,8.5866386221000734,-0.012067075241096761,2.9999970375687024,-0.0042159908630876137,1
rear,0.80000000000000004,0.90000000000000002,4,1,7.7880078307140357,7.7880078307140357,0,-0.00547683445594771,-0.048268300964387043,7.782530996258088,-0.048268300964387043,8.5825309962580523,-0.048268300964387043,2.999952556773211,-0.01687178443658903,1
rear,0.80000000000000004,0.92500000000000004,0,1,6.8728927879096977,6.8728927879096977,0,0,0,6.8728927879096977,0,7.6728927879097242,0,3.0000000000000027,0,1
rear,0.80000000000000004,0.92500000000000004,1,1,6.8728927879096977,6.8728927879096977,0,-0.001215536204313139,-0.010712733389119542,6.8716772517053846,-0.010712733389119542,7.6716772517053666,-0.010712733389119542,2.9999970751030114,-0.0041891971962940968,1
rear,0.80000000000000004,0.92500000000000004,4,1,6.8728927879096977,6.8728927879096977,0,-0.0048621448172543325,-0.04285093355647817,6.8680306430924434,-0.04285093355647817,7.668030643092405,-0.04285093355647817,2.9999531581559324,-0.016764512224333561,1
rear,0.80000000000000004,0.94999999999999996,0,1,6.0653065971263569,6.0653065971263569,0,0,0,6.0653065971263569,0,6.8653065971263638,0,3.0000000000000027,0,1
rear,0.80000000000000004,0.94999999999999996,1,1,6.0653065971263569,6.0653065971263569,0,-0.0010791111368302353,-0.0095103953835898158,6.0642274859895267,-0.0095103953835898158,6.8642274859895824,-0.0095103953835898158,2.9999971205838527,-0.0041564995951281448,1
rear,0.80000000000000004,0.94999999999999996,4,1,6.0653065971263569,6.0653065971263569,0,-0.004316444547320053,-0.038041581534359263,6.0609901525790368,-0.038041581534359263,6.8609901525790162,-0.038041581534359263,2.9999538868509257,-0.016633603583158903,1
rear,0.80000000000000004,0.97499999999999998,0,1,5.3526142851899126,5.3526142851899126,0,0,0,5.3526142851899126,0,6.1526142851898724,0,3.0000000000000027,0,1
rear,0.80000000000000004,0.97499999999999998,1,1,5.3526142851899126,5.3526142851899126,0,-0.00095799766514392815,-0.0084430011526348166,5.3516562875247686,-0.0084430011526348166,6.1516562875247871,-0.0084430011526348166,2.9999971744680831,-0.0041174243842753335,1
rear,0.80000000000000004,0.97499999999999998,4,1,5.3526142851899126,5.3526142851899126,0,-0.0038319906605766008,-0.033772004610539266,5.348782294529336,-0.033772004610539266,6.1487822945293091,-0.033772004610539266,2.9999547501775581,-0.016477162599258955,1
rear,0.80000000000000004,1,0,1,4.7236655274101471,4.7236655274101471,0,0,0,4.7236655274101471,0,5.5236655274101265,0,3.0000000000000027,0,1
rear,0.80000000000000004,1,1,1,4.7236655274101471,4.7236655274101471,0,-0.00085047730034304436,-0.0074954053525885722,4.7228150501098041,-0.0074954053525885722,5.5228150501097639,-0.0074954053525885722,2.9999972371334005,-0.0040715097545252583,1
rear,0.80000000000000004,1,4,1,4.7236655274101471,4.7236655274101471,0,-0.0034019092013739538,-0.029981621410354289,4.7202636182087732,-0.029981621410354289,5.5202636182087872,-0.029981621410354289,2.9999557541801058,-0.016293341023236631,1
rear,0.80000000000000004,1.0249999999999999,0,1,4.1686201967850769,4.1686201967850769,0,0,0,4.1686201967850769,0,4.9686201967851229,0,3.0000000000000027,0,1
rear,0.80000000000000004,1.0249999999999999,1,1,4.1686201967850769,4.1686201967850769,0,-0.00075502442721564478,-0.0066541624694769798,4.1678651723578612,-0.0066541624694769798,4.9678651723578104,-0.0066541624694769798,2.9999973088501442,-0.0040183195011325636,1
rear,0.80000000000000004,1.0249999999999999,4,1,4.1686201967850769,4.1686201967850769,0,-0.0030200977088625791,-0.026616649877907919,4.1656000990762143,-0.026616649877907919,4.9656000990762061,-0.026616649877907919,2.9999569031823325,-0.016080393295398974,1
rear,0.80000000000000004,1.05,0,1,3.67879441171441,3.67879441171441,0,0,0,3.67879441171441,0,4.478794411714393,0,3.0000000000000027,0,1
rear,0.80000000000000004,1.05,1,1,3.67879441171441,3.67879441171441,0,-0.0006702846571706722,-0.0059073360395251219,3.6781241270572393,-0.0059073360395251219,4.4781241270572814,-0.0059073360395251219,2.9999973897518739,-0.0039574590154579925,1
rear,0.80000000000000004,1.05,4,1,3.67879441171441,3.67879441171441,0,-0.002681138628683577,-0.023629344158100488,3.6761132730857264,-0.023629344158100488,4.4761132730857245,-0.023629344158100488,2.9999581993167546,-0.015836740588716598,1
rear,0.80000000000000004,1.075,0,1,3.2465246735835089,3.2465246735835089,0,0,0,3.2465246735835089,0,4.0465246735834626,0,3.0000000000000027,0,1
rear,0.80000000000000004,1.075,1,1,3.2465246735835089,3.2465246735835089,0,-0.00059505561071127033,-0.0052443292817007997,3.2459296179727977,-0.0052443292817007997,4.0459296179727877,-0.0052443292817007997,2.9999974798060602,-0.0038885932564141565,1
rear,0.80000000000000004,1.075,4,1,3.2465246735835089,3.2465246735835089,0,-0.0023802224428446372,-0.020977317126803199,3.2441444511406643,-0.020977317126803199,4.0441444511406521,-0.020977317126803199,2.9999596420531294,-0.015561042771657351,1
rear,0.80000000000000004,1.1000000000000001,0,1,2.8650479686019059,2.8650479686019059,0,0,0,2.8650479686019059,0,3.6650479686018977,0,3.0000000000000027,0,1
rear,0.80000000000000004,1.1000000000000001,1,1,2.8650479686019059,2.8650479686019059,0,-0.00052826985677034699,-0.0046557347391253398,2.8645196987451356,-0.0046557347391253398,3.66451969874515,-0.0046557347391253398,2.9999975787865507,-0.0038114661928632981,1
rear,0.80000000000000004,1.1000000000000001,4,1,2.8650479686019059,2.8650479686019059,0,-0.0021130794270804998,-0.018622938956501359,2.8629348891748254,-0.018622938956501359,3.6629348891747959,-0.018622938956501359,2.9999612277610277,-0.015252276250274668,1
rear,0.80000000000000004,1.125,0,1,2.5283959580474646,2.5283959580474646,0,0,0,2.5283959580474646,0,3.3283959580474587,0,3.0000000000000027,0,1
rear,0.80000000000000004,1.125,1,1,2.5283959580474646,2.5283959580474646,0,-0.0004689797668464557,-0.0041332007959021082,2.5279269782806182,-0.0041332007959021082,3.3279269782806598,-0.0041332007959021082,2.9999976862512545,-0.003725920942810055,1
rear,0.80000000000000004,1.125,4,1,2.5283959580474646,2.5283959580474646,0,-0.0018759190673853787,-0.016532803183608433,2.5265200389800793,-0.016532803183608433,3.3265200389800409,-0.016532803183608433,2.9999629493426827,-0.014909814586539295,1
rear,0.80000000000000004,1.1499999999999999,0,1,2.2313016014842941,2.2313016014842941,0,0,0,2.2313016014842941,0,3.0313016014843486,0,3.0000000000000027,0,1
rear,0.80000000000000004,1.1499999999999999,1,1,2.2313016014842941,2.2313016014842941,0,-0.00041634406902568699,-0.0036693131753582752,2.2308852574152684,-0.0036693131753582752,3.030885257415239,-0.0036693131753582752,2.9999978015259332,-0.003631919562858152,1
rear,0.80000000000000004,1.1499999999999999,4,1,2.2313016014842941,2.2313016014842941,0,-0.0016653762761023039,-0.014677252701433101,2.2296362252081918,-0.014677252701433101,3.0296362252082432,-0.014677252701433101,2.9999647959857434,-0.014533507699611889,1
rear,0.80000000000000004,1.175,0,1,1.9691167520419333,1.9691167520419333,0,0,0,1.9691167520419333,0,2.7691167520419446,0,2.7691167520419446,0,0
rear,0.80000000000000004,1.175,1,1,1.9691167520419333,1.9691167520419333,0,-0.00036961591110507008,-0.0032574897382693477,1.9687471361308282,-0.0032574897382693477,2.7687471361308447,-0.0032574897382693477,2.7687471361308447,-0.0032574897382693477,0
rear,0.80000000000000004,1.175,4,1,1.9691167520419333,1.9691167520419333,0,-0.0014784636444207244,-0.013029958953077391,1.9676382883975125,-0.013029958953077391,2.7676382883975448,-0.013029958953077391,2.7676382883975448,-0.013029958953077391,0
rear,0.80000000000000004,1.2,0,1,1.7377394345044574,1.7377394345044574,0,0,0,1.7377394345044574,0,2.5377394345044157,0,2.5377394345044157,0,0
rear,0.80000000000000004,1.2,1,1,1.7377394345044574,1.7377394345044574,0,-0.00032813226344696744,-0.0028918870883497473,1.7374113022410105,-0.0028918870883497473,2.5374113022410549,-0.0028918870883497473,2.5374113022410549,-0.0028918870883497473,0
rear,0.80000000000000004,1.2,4,1,1.7377394345044574,1.7377394345044574,0,-0.0013125290537878698,-0.011567548353398989,1.7364269054506696,-0.011567548353398989,2.5364269054506394,-0.011567548353398989,2.5364269054506394,-0.011567548353398989,0
rear,0.80000000000000004,1.2250000000000001,0,1,1.5335496684492875,1.5335496684492875,0,0,0,1.5335496684492875,0,2.3335496684493418,0,2.3335496684493418,0,0
rear,0.80000000000000004,1.2250000000000001,1,1,1.5335496684492875,1.5335496684492875,0,-0.00029130451119629974,-0.0025673176598269287,1.5332583639380912,-0.0025673176598269287,2.3332583639380511,-0.0025673176598269287,2.3332583639380511,-0.0025673176598269287,0
rear,0.80000000000000004,1.2250000000000001,4,1,1.5335496684492875,1.5335496684492875,0,-0.0011652180447849769,-0.010269270639307715,1.5323844504045026,-0.010269270639307715,2.3323844504045121,-0.010269270639307715,2.3323844504045121,-0.010269270639307715,0
rear,0.80000000000000004,1.25,0,1,1.353352832366127,1.353352832366127,0,0,0,1.353352832366127,0,2.1533528323661733,0,2.1533528323661733,0,0
rear,0.80000000000000004,1.25,1,1,1.353352832366127,1.353352832366127,0,-0.00025861010237715476,-0.0022791761106483728,1.3530942222637499,-0.0022791761106483728,2.1530942222637295,-0.0022791761106483728,2.1530942222637295,-0.0022791761106483728,0
rear,0.80000000000000004,1.25,4,1,1.353352832366127,1.353352832366127,0,-0.001034440409508619,-0.0091167044425934912,1.3523183919566184,-0.0091167044425934912,2.1523183919566202,-0.0091167044425934912,2.1523183919566202,-0.0091167044425934912,0
rear,0.80000000000000004,1.2749999999999999,0,1,1.1943296826671941,1.1943296826671941,0,0,0,1.1943296826671941,0,1.9943296826672174,0,1.9943296826672174,0,0
rear,0.80000000000000004,1.2749999999999999,1,1,1.1943296826671941,1.1943296826671941,0,-0.00022958513336068798,-0.0020233739769080334,1.1941000975338334,-0.0020233739769080334,1.9941000975338685,-0.0020233739769080334,1.9941000975338685,-0.0020233739769080334,0
rear,0.80000000000000004,1.2749999999999999,4,1,1.1943296826671941,1.1943296826671941,0,-0.00091834053344230782,-0.0080934959076321335,1.1934113421337518,-0.0080934959076321335,1.9934113421337107,-0.0080934959076321335,1.9934113421337107,-0.0080934959076321335,0
rear,0.80000000000000004,1.3,0,1,1.0539922456186397,1.0539922456186397,0,0,0,1.0539922456186397,0,1.853992245618663,0,1.853992245618663,0,0
rear,0.80000000000000004,1.3,1,1,1.0539922456186397,1.0539922456186397,0,-0.00020381776649758265,-0.0017962816612990802,1.0537884278521421,-0.0017962816612990802,1.85378842785211,-0.0017962816612990802,1.85378842785211,-0.0017962816612990802,0
rear,0.80000000000000004,1.3,4,1,1.0539922456186397,1.0539922456186397,0,-0.00081527106598988652,-0.0071851266451963209,1.0531769745526498,-0.0071851266451963209,1.8531769745526727,-0.0071851266451963209,1.8531769745526727,-0.0071851266451963209,0
rear,0.80000000000000004,1.3250000000000002,0,1,0.93014489210663809,0.93014489210663809,0,0,0,0.93014489210663809,0,1.7301448921066553,0,1.7301448921066553,0,0
rear,0.80000000000000004,1.3250000000000002,1,1,0.93014489210663809,0.93014489210663809,0,-0.00018094238652111017,-0.0015946769324621324,0.92996394972011698,-0.0015946769324621324,1.7299639497201369,-0.0015946769324621324,1.7299639497201369,-0.0015946769324621324,0
rear,0.80000000000000004,1.3250000000000002,4,1,0.93014489210663809,0.93014489210663809,0,-0.00072376954608432964,-0.0063787077298485297,0.92942112256055376,-0.0063787077298485297,1.7294211225605816,-0.0063787077298485297,1.7294211225605816,-0.0063787077298485297,0
rear,0.80000000000000004,1.3500000000000001,0,1,0.82084998623898942,0.82084998623898942,0,0,0,0.82084998623898942,0,1.6208499862390147,0,1.6208499862390147,0,0
rear,0.80000000000000004,1.3500000000000001,1,1,0.82084998623898942,0.82084998623898942,0,-0.00016063441280200763,-0.0014156992044820577,0.82068935182618741,-0.0014156992044820577,1.6206893518261323,-0.0014156992044820577,1.6206893518261323,-0.0014156992044820577,0
rear,0.80000000000000004,1.3500000000000001,4,1,0.82084998623898942,0.82084998623898942,0,-0.00064253765120803052,-0.0056627968179282307,0.82020744858778138,-0.0056627968179282307,1.6202074485878182,-0.0056627968179282307,1.6202074485878182,-0.0056627968179282307,0
rear,0.80000000000000004,1.375,0,1,0.72439757034251451,0.72439757034251451,0,0,0,0.72439757034251451,0,1.5243975703425061,0,1.5243975703425061,0,0
rear,0.80000000000000004,1.375,1,1,0.72439757034251451,0.72439757034251451,0,-0.00014260569384738631,-0.0012568089478015468,0.72425496464866712,-0.0012568089478015468,1.5242549646486969,-0.0012568089478015468,1.5242549646486969,-0.0012568089478015468,0
rear,0.80000000000000004,1.375,4,1,0.72439757034251451,0.72439757034251451,0,-0.00057042277538976727,-0.0050272357912061871,0.72382714756712474,-0.0050272357912061871,1.5238271475671583,-0.0050272357912061871,1.5238271475671583,-0.0050272357912061871,0
rear,0.80000000000000004,1.3999999999999999,0,1,0.63927861206707459,0.63927861206707459,0,0,0,0.63927861206707459,0,1.439278612067052,0,1.439278612067052,0,0
rear,0.80000000000000004,1.3999999999999999,1,1,0.63927861206707459,0.63927861206707459,0,-0.00012660041869594352,-0.0011157516556293649,0.63915201164837865,-0.0011157516556293649,1.4391520116483481,-0.0011157516556293649,1.4391520116483481,-0.0011157516556293649,0
rear,0.80000000000000004,1.3999999999999999,4,1,0.63927861206707459,0.63927861206707459,0,-0.00050640167478366305,-0.0044630066225174597,0.63877221039229093,-0.0044630066225174597,1.4387722103922362,-0.0044630066225174597,1.4387722103922362,-0.0044630066225174597,0
rear,0.80000000000000004,1.425,0,1,0.56416139503777152,0.56416139503777152,0,0,0,0.56416139503777152,0,1.3641613950378106,0,1.3641613950378106,0,0
rear,0.80000000000000004,1.425,1,1,0.56416139503777152,0.56416139503777152,0,-0.00011239148719499603,-0.00099052585455991081,0.56404900355057652,-0.00099052585455991081,1.3640490035505826,-0.00099052585455991081,1.3640490035505826,-0.00099052585455991081,0
rear,0.80000000000000004,1.425,4,1,0.56416139503777152,0.56416139503777152,0,-0.00044956594877976208,-0.0039621034182396432,0.56371182908899176,-0.0039621034182396432,1.3637118290890093,-0.0039621034182396432,1.3637118290890093,-0.0039621034182396432,0
rear,0.80000000000000004,1.4500000000000002,0,1,0.49787068367864118,0.49787068367864118,0,0,0,0.49787068367864118,0,1.2978706836785925,0,1.2978706836785925,0,0
rear,0.80000000000000004,1.4500000000000002,1,1,0.49787068367864118,0.49787068367864118,0,-9.9777287658364688e-05,-0.0008793547055040786,0.49777090639098281,-0.0008793547055040786,1.2977709063909382,-0.0008793547055040786,1.2977709063909382,-0.0008793547055040786,0
rear,0.80000000000000004,1.4500000000000002,4,1,0.49787068367864118,0.49787068367864118,0,-0.00039910915063351426,-0.0035174188220163144,0.49747157452800767,-0.0035174188220163144,1.2974715745279752,-0.0035174188220163144,1.2974715745279752,-0.0035174188220163144,0
rear,0.80000000000000004,1.4750000000000001,0,1,0.43936933623407498,0.43936933623407498,0,0,0,0.43936933623407498,0,1.2393693362340308,0,1.2393693362340308,0,0
rear,0.80000000000000004,1.4750000000000001,1,1,0.43936933623407498,0.43936933623407498,0,-8.8578836181740783e-05,-0.00078066079197470291,0.43928075739789324,-0.00078066079197470291,1.2392807573978759,-0.00078066079197470291,1.2392807573978759,-0.00078066079197470291,0
rear,0.80000000000000004,1.4750000000000001,4,1,0.43936933623407498,0.43936933623407498,0,-0.00035431534472690762,-0.0031226431678988116,0.43901502088934807,-0.0031226431678988116,1.2390150208893003,-0.0031226431678988116,1.2390150208893003,-0.0031226431678988116,0
rear,0.80000000000000004,1.5,0,1,0.38774207831722007,0.38774207831722007,0,0,0,0.38774207831722007,0,1.1877420783171777,0,1.1877420783171777,0,0
rear,0.80000000000000004,1.5,1,1,0.38774207831722007,0.38774207831722007,0,-7.8637237025058759e-05,-0.00069304373799560404,0.38766344108019501,-0.00069304373799560404,1.1876634410802334,-0.00069304373799560404,1.1876634410802334,-0.00069304373799560404,0
rear,0.80000000000000004,1.5,4,1,0.38774207831722007,0.38774207831722007,0,-0.00031454894810023504,-0.0027721749519824162,0.38742752936911984,-0.0027721749519824162,1.1874275293690673,-0.0027721749519824162,1.1874275293690673,-0.0027721749519824162,0
rear,0.80000000000000004,1.5249999999999999,0,1,0.34218118311665979,0.34218118311665979,0,0,0,0.34218118311665979,0,1.1421811831167084,0,1.1421811831167084,0,0
rear,0.80000000000000004,1.5249999999999999,1,1,0.34218118311665979,0.34218118311665979,0,-6.9811428028365707e-05,-0.00061526033805279665,0.34211137168863143,-0.00061526033805279665,1.1421113716886255,-0.00061526033805279665,1.1421113716886255,-0.00061526033805279665,0
rear,0.80000000000000004,1.5249999999999999,4,1,0.34218118311665979,0.34218118311665979,0,-0.00027924571211335181,-0.0024610413522111866,0.34190193740454644,-0.0024610413522111866,1.1419019374045991,-0.0024610413522111866,1.1419019374045991,-0.0024610413522111866,0
rear,0.80000000000000004,1.55,0,1,0.30197383422318391,0.30197383422318391,0,0,0,0.30197383422318391,0,1.1019738342231689,0,1.1019738342231689,0,0
rear,0.80000000000000004,1.55,1,1,0.30197383422318391,0.30197383422318391,0,-6.1976179069000992e-05,-0.00054620691715021594,0.30191185804411491,-0.00054620691715021594,1.1019118580440912,-0.00054620691715021594,1.1019118580440912,-0.00054620691715021594,0
rear,0.80000000000000004,1.55,4,1,0.30197383422318391,0.30197383422318391,0,-0.00024790471627600397,-0.0021848276686008638,0.30172592950690791,-0.0021848276686008638,1.1017259295068582,-0.0021848276686008638,1.1017259295068582,-0.0021848276686008638,0
rear,0.80000000000000004,1.5750000000000002,0,1,0.26649097336355582,0.26649097336355582,0,0,0,0.26649097336355582,0,1.0664909733635319,0,1.0664909733635319,0,0
rear,0.80000000000000004,1.5750000000000002,1,1,0.26649097336355582,0.26649097336355582,0,-5.5020315161469213e-05,-0.00048490367067533088,0.26643595304839435,-0.00048490367067533088,1.0664359530483392,-0.00048490367067533088,1.0664359530483392,-0.00048490367067533088,0
rear,0.80000000000000004,1.5750000000000002,4,1,0.26649097336355582,0.26649097336355582,0,-0.00022008126064598788,-0.0019396146827013235,0.26627089210290983,-0.0019396146827013235,1.0662708921028718,-0.0019396146827013235,1.0662708921028718,-0.0019396146827013235,0
rear,0.80000000000000004,1.6000000000000001,0,1,0.23517745856009148,0.23517745856009148,0,0,0,0.23517745856009148,0,1.035177458560077,0,1.035177458560077,0,0
rear,0.80000000000000004,1.6000000000000001,1,1,0.23517745856009148,0.23517745856009148,0,-4.8845138986369774e-05,-0.00043048076187168197,0.23512861342110511,-0.00043048076187168197,1.0351286134211435,-0.00043048076187168197,1.0351286134211435,-0.00043048076187168197,0
rear,0.80000000000000004,1.6000000000000001,4,1,0.23517745856009148,0.23517745856009148,0,-0.0001953805559454791,-0.0017219230474867279,0.234982078004146,-0.0017219230474867279,1.0349820780041208,-0.0017219230474867279,1.0349820780041208,-0.0017219230474867279,0
rear,0.80000000000000004,1.625,0,1,0.20754337873699741,0.20754337873699741,0,0,0,0.20754337873699741,0,1.0075433787369859,0,1.0075433787369859,0,0
rear,0.80000000000000004,1.625,1,1,0.20754337873699741,0.20754337873699741,0,-4.3363030466037067e-05,-0.000382165979654341,0.20750001570653137,-0.000382165979654341,1.0075000157064862,-0.000382165979654341,1.0075000157064862,-0.000382165979654341,0
rear,0.80000000000000004,1.625,4,1,0.20754337873699741,0.20754337873699741,0,-0.00017345212186409276,-0.001528663918617364,0.20736992661513332,-0.001528663918617364,1.0073699266150982,-0.001528663918617364,1.0073699266150982,-0.001528663918617364,0
rear,0.80000000000000004,1.6499999999999999,0,1,0.18315638888734148,0.18315638888734148,0,0,0,0.18315638888734148,0,0.9831563888873518,0,0.9831563888873518,0,0
rear,0.80000000000000004,1.6499999999999999,1,1,0.18315638888734148,0.18315638888734148,0,-3.849620351623062e-05,-0.00033927378164392191,0.18311789268382525,-0.00033927378164392191,0.98311789268379357,-0.00033927378164392191,0.98311789268379357,-0.00033927378164392191,0
rear,0.80000000000000004,1.6499999999999999,4,1,0.18315638888734148,0.18315638888734148,0,-0.00015398481406486697,-0.0013570951265756877,0.18300240407327661,-0.0013570951265756877,0.98300240407322992,-0.0013570951265756877,0.98300240407322992,-0.0013570951265756877,0
rear,0.80000000000000004,1.675,0,1,0.16163494588165819,0.16163494588165819,0,0,0,0.16163494588165819,0,0.96163494588163978,0,0.96163494588163978,0,0
rear,0.80000000000000004,1.675,1,1,0.16163494588165819,0.16163494588165819,0,-3.4175602333041954e-05,-0.00030119556694993723,0.16160077027932515,-0.00030119556694993723,0.96160077027929169,-0.00030119556694993723,0.96160077027929169,-0.00030119556694993723,0
rear,0.80000000000000004,1.675,4,1,0.16163494588165819,0.16163494588165819,0,-0.00013670240933214006,-0.0012047822677997489,0.16149824347232605,-0.0012047822677997489,0.96149824347235846,-0.0012047822677997489,0.96149824347235846,-0.0012047822677997489,0
rear,0.80000000000000004,1.7000000000000002,0,1,0.14264233908999305,0.14264233908999305,0,0,0,0.14264233908999305,0,0.94264233909002737,0,0.94264233909002737,0,0
rear,0.80000000000000004,1.7000000000000002,1,1,0.14264233908999305,0.14264233908999305,0,-3.0339921554434213e-05,-0.00026739104068320601,0.14261199916843861,-0.00026739104068320601,0.94261199916845229,-0.00026739104068320601,0.94261199916845229,-0.00026739104068320601,0
rear,0.80000000000000004,1.7000000000000002,4,1,0.14264233908999305,0.14264233908999305,0,-0.00012135968621776461,-0.001069564162732824,0.14252097940377528,-0.001069564162732824,0.94252097940372703,-0.001069564162732824,0.94252097940372703,-0.001069564162732824,0
rear,0.80000000000000004,1.7250000000000001,0,1,0.12588142242434019,0.12588142242434019,0,0,0,0.12588142242434019,0,0.92588142242433502,0,0.92588142242433502,0,0
rear,0.80000000000000004,1.7250000000000001,1,1,0.12588142242434019,0.12588142242434019,0,-2.6934736393507963e-05,-0.00023738054766765949,0.12585448768794669,-0.00023738054766765949,0.9258544876878938,-0.00023738054766765949,0.9258544876878938,-0.00023738054766765949,0
rear,0.80000000000000004,1.7250000000000001,4,1,0.12588142242434019,0.12588142242434019,0,-0.0001077389455740041,-0.00094952219067063798,0.12577368347876619,-0.00094952219067063798,0.92577368347879219,-0.00094952219067063798,0.92577368347879219,-0.00094952219067063798,0
rear,0.80000000000000004,1.75,0,1,0.11108996538242306,0.11108996538242306,0,0,0,0.11108996538242306,0,0.91108996538247222,0,0.91108996538247222,0,0
rear,0.80000000000000004,1.75,1,1,0.11108996538242306,0.11108996538242306,0,-2.3911730400685838e-05,-0.00021073826657400454,0.11106605365202238,-0.00021073826657400454,0.91106605365198767,-0.00021073826657400454,0.91106605365198767,-0.00021073826657400454,0
rear,0.80000000000000004,1.75,4,1,0.11108996538242306,0.11108996538242306,0,-9.5646921602715596e-05,-0.00084295306629601817,0.11099431846082035,-0.00084295306629601817,0.91099431846086709,-0.00084295306629601817,0.91099431846086709,-0.00084295306629601817,0
rear,0.80000000000000004,1.7750000000000001,0,1,0.098036550358218108,0.098036550358218108,0,0,0,0.098036550358218108,0,0.89803655035824992,0,0.89803655035824992,0,0
rear,0.80000000000000004,1.7750000000000001,1,1,0.098036550358218108,0.098036550358218108,0,-2.1228009897761302e-05,-0.00018708616790619469,0.098015322348320347,-0.00018708616790619469,0.89801532234834447,-0.00018708616790619469,0.89801532234834447,-0.00018708616790619469,0
rear,0.80000000000000004,1.7750000000000001,4,1,0.098036550358218108,0.098036550358218108,0,-8.491203959103133e-05,-0.00074834467162477876,0.097951638318627077,-0.00074834467162477876,0.89795163831862812,-0.00074834467162477876,0.89795163831862812,-0.00074834467162477876,0
rear,0.80000000000000004,1.8,0,1,0.086516952031206032,0.086516952031206032,0,0,0,0.086516952031206032,0,0.88651695203123548,0,0.88651695203123548,0,0
rear,0.80000000000000004,1.8,1,1,0.086516952031206032,0.086516952031206032,0,-1.8845495355968023e-05,-0.00016608865011012841,0.086498106535850064,-0.00016608865011012841,0.88649810653584904,-0.00016608865011012841,0.88649810653584904,-0.00016608865011012841,0
rear,0.80000000000000004,1.8,4,1,0.086516952031206032,0.086516952031206032,0,-7.5381981423885969e-05,-0.00066435460044051364,0.086441570049782146,-0.00066435460044051364,0.88644157004980073,-0.00066435460044051364,0.88644157004980073,-0.00066435460044051364,0
rear,0.80000000000000004,1.825,0,1,0.076350942188599891,0.076350942188599891,0,0,0,0.076350942188599891,0,0.87635094218863063,0,0.87635094218863063,0,0
rear,0.80000000000000004,1.825,1,1,0.076350942188599891,0.076350942188599891,0,-1.6730381082477597e-05,-0.0001474477776958708,0.076334211807517413,-0.0001474477776958708,0.87633421180755011,-0.0001474477776958708,0.87633421180755011,-0.0001474477776958708,0
rear,0.80000000000000004,1.825,4,1,0.076350942188599891,0.076350942188599891,0,-6.6921524329896509e-05,-0.00058979111078348318,0.076284020664269994,-0.00058979111078348318,0.87628402066430855,-0.00058979111078348318,0.87628402066430855,-0.00058979111078348318,0
rear,0.80000000000000004,1.8500000000000001,0,1,0.067379469990854785,0.067379469990854785,0,0,0,0.067379469990854785,0,0.86737946999082549,0,0.86737946999082549,0,0
rear,0.80000000000000004,1.8500000000000001,1,1,0.067379469990854785,0.067379469990854785,0,-1.4852655548583393e-05,-0.00013089905380671732,0.067364617335306201,-0.00013089905380671732,0.86736461733527559,-0.00013089905380671732,0.86736461733527559,-0.00013089905380671732,0
rear,0.80000000000000004,1.8500000000000001,4,1,0.067379469990854785,0.067379469990854785,0,-5.9410622194347451e-05,-0.00052359621522686929,0.067320059368660437,-0.00052359621522686929,0.86732005936862588,-0.00052359621522686929,0.86732005936862588,-0.00052359621522686929,0
rear,0.80000000000000004,1.875,0,1,0.059462173564720992,0.059462173564720992,0,0,0,0.059462173564720992,0,0.85946217356469568,0,0.85946217356469568,0,0
rear,0.80000000000000004,1.875,1,1,0.059462173564720992,0.059462173564720992,0,-1.3185675553806231e-05,-0.00011620766725176432,0.059448987889167186,-0.00011620766725176432,0.85944898788914426,-0.00011620766725176432,0.85944898788914426,-0.00011620766725176432,0
rear,0.80000000000000004,1.875,4,1,0.059462173564720992,0.059462173564720992,0,-5.2742702215217985e-05,-0.00046483066900705728,0.059409430862505774,-0.00046483066900705728,0.85940943086249,-0.00046483066900705728,0.85940943086249,-0.00046483066900705728,0
rear,0.80000000000000004,1.9000000000000001,0,1,0.052475183991813792,0.052475183991813792,0,0,0,0.052475183991813792,0,0.85247518399178546,0,0.85247518399178546,0,0
rear,0.80000000000000004,1.9000000000000001,1,1,0.052475183991813792,0.052475183991813792,0,-1.1705788183227761e-05,-0.00010316516075079347,0.052463478203630565,-0.00010316516075079347,0.85246347820366886,-0.00010316516075079347,0.85246347820366886,-0.00010316516075079347,0
rear,0.80000000000000004,1.9000000000000001,4,1,0.052475183991813792,0.052475183991813792,0,-4.6823152732904105e-05,-0.0004126606430031739,0.052428360839080888,-0.0004126606430031739,0.85242836083909701,-0.0004126606430031739,0.85242836083909701,-0.0004126606430031739,0
rear,0.80000000000000004,1.925,0,1,0.046309187335332333,0.046309187335332333,0,0,0,0.046309187335332333,0,0.84630918733530347,0,0.84630918733530347,0,0
rear,0.80000000000000004,1.925,1,1,0.046309187335332333,0.046309187335332333,0,-1.039199519443923e-05,-9.1586473116949074e-05,0.046298795340137894,-9.1586473116949074e-05,0.84629879534015018,-9.1586473116949074e-05,0.84629879534015018,-9.1586473116949074e-05,0
rear,0.80000000000000004,1.925,4,1,0.046309187335332333,0.046309187335332333,0,-4.1567980777756919e-05,-0.0003663458924677963,0.046267619354554576,-0.0003663458924677963,0.84626761935457928,-0.0003663458924677963,0.84626761935457928,-0.0003663458924677963,0
rear,0.80000000000000004,1.9500000000000002,0,1,0.040867714384640846,0.040867714384640846,0,0,0,0.040867714384640846,0,0.84086771438462993,0,0.84086771438462993,0,0
rear,0.80000000000000004,1.9500000000000002,1,1,0.040867714384640846,0.040867714384640846,0,-9.225655071734562e-06,-8.1307313408487015e-05,0.040858488729569112,-8.1307313408487015e-05,0.84085848872961222,-8.1307313408487015e-05,0.84085848872961222,-8.1307313408487015e-05,0
rear,0.80000000000000004,1.9500000000000002,4,1,0.040867714384640846,0.040867714384640846,0,-3.6902620286945187e-05,-0.00032522925363394806,0.040830811764353901,-0.00032522925363394806,0.84083081176433705,-0.00032522925363394806,0.84083081176433705,-0.00032522925363394806,0
rear,0.80000000000000004,1.9750000000000001,0,1,0.036065631360157398,0.036065631360157398,0,0,0,0.036065631360157398,0,0.8360656313601833,0,0.8360656313601833,0,0
rear,0.80000000000000004,1.9750000000000001,1,1,0.036065631360157398,0.036065631360157398,0,-8.1902185201307431e-06,-7.2181829791221215e-05,0.036057441141637267,-7.2181829791221215e-05,0.8360574411416799,-7.2181829791221215e-05,0.8360574411416799,-7.2181829791221215e-05,0
rear,0.80000000000000004,1.9750000000000001,4,1,0.036065631360157398,0.036065631360157398,0,-3.276087408053685e-05,-0.00028872731916488486,0.036032870486076861,-0.00028872731916488486,0.83603287048605868,-0.00028872731916488486,0.83603287048605868,-0.00028872731916488486,0
rear,0.80000000000000004,2,0,1,0.031827807965096697,0.031827807965096697,0,0,0,0.031827807965096697,0,0.83182780796509093,0,0.83182780796509093,0,0
rear,0.80000000000000004,2,1,1,0.031827807965096697,0.031827807965096697,0,-7.2709936460857438e-06,-6.4080540034975109e-05,0.031820536971450611,-6.4080540034975109e-05,0.83182053697150593,-6.4080540034975109e-05,0.83182053697150593,-6.4080540034975109e-05,0
rear,0.80000000000000004,2,4,1,0.031827807965096697,0.031827807965096697,0,-2.9083974584336036e-05,-0.00025632216013990043,0.031798723990512361,-0.00025632216013990043,0.8317987239905289,-0.00025632216013990043,0.8317987239905289,-0.00025632216013990043,0
side,0,0.75,0,1,16.487212707001284,0,-16.487212707001284,0,0,0,-16.487212707001284,4,-16.487212707001284,0.70731780108715125,-2.9154247594930718,1
side,0,0.75,1,1,16.487212707001284,0,-16.487212707001284,0,-0.58659583047125352,0,-17.073808537472537,4,-17.073808537472537,0.68430251712642565,-2.9209125397817783,1
side,0,0.75,4,1,16.487212707001284,0,-16.487212707001284,0,-2.3463833218850141,0,-18.833596028886298,4,-18.833596028886298,0.62325735337715804,-2.9345443038845569,1
side,0,0.77500000000000002,0,1,14.549914146181989,0,-14.549914146181989,0,0,0,-14.549914146181989,4,-14.549914146181989,0.79524276958655515,-2.8926785057140907,1
side,0,0.77500000000000002,1,1,14.549914146181989,0,-14.549914146181989,0,-0.54615754448135512,0,-15.096071690663344,4,-15.096071690663344,0.76839232814057268,-2.8999264180414492,1
side,0,0.77500000000000002,4,1,14.549914146181989,0,-14.549914146181989,0,-2.1846301779254187,0,-16.734544324107407,4,-16.734544324107407,0.69743285109594733,-2.9178052399384331,1
side,0,0.80000000000000004,0,1,12.840254166877369,0,-12.840254166877369,0,0,0,-12.840254166877369,4,-12.840254166877369,0.89226821613213902,-2.8642376700407337,1
side,0,0.80000000000000004,1,1,12.840254166877369,0,-12.840254166877369,0,-0.5085069615211335,0,-13.348761128398502,4,-13.348761128398502,0.86112948492065644,-2.8737529487066706,1
side,0,0.80000000000000004,4,1,12.840254166877369,0,-12.840254166877369,0,-2.0340278460845322,0,-14.874282012961901,4,-14.874282012961901,0.77908238349830317,-2.8970727708710742,1
side,0,0.82499999999999996,0,1,11.331484530668304,0,-11.331484530668304,0,0,0,-11.331484530668304,4,-11.331484530668304,0.99860520946968601,-2.8289198708376322,1
side,0,0.82499999999999996,1,1,11.331484530668304,0,-11.331484530668304,0,-0.4734519050927144,0,-11.804936435761018,4,-11.804936435761018,0.96275658526840435,-2.8413200730509613,1
side,0,0.82499999999999996,4,1,11.331484530668304,0,-11.331484530668304,0,-1.8938076203708576,0,-13.225292151039161,4,-13.225292151039161,0.86849791700617907,-2.87153467124392,1
side,0,0.84999999999999998,0,1,10.000000000000018,0,-10.000000000000018,0,0,0,-10.000000000000018,4,-10.000000000000018,1.1141720290623094,-2.7854300726557786,1
side,0,0.84999999999999998,1,1,10.000000000000018,0,-10.000000000000018,0,-0.44081344681178791,0,-10.440813446811806,4,-10.440813446811806,1.0732671861784295,-2.8014456173684041,1
side,0,0.84999999999999998,4,1,10.000000000000018,0,-10.000000000000018,0,-1.7632537872471516,0,-11.763253787247169,4,-11.763253787247169,0.96581505516549471,-2.84028190136396,1
side,0,0.875,0,1,8.8249690258459541,0,-8.8249690258459541,0,0,0,-8.8249690258459541,4,-8.8249690258459541,1.23849576098058,-2.7324216823237832,1
side,0,0.875,1,1,8.8249690258459541,0,-8.8249690258459541,0,-0.41042499311949321,0,-9.2353940189654473,4,-9.2353940189654473,1.1923193585795866,-2.7528847682306581,1
side,0,0.875,4,1,8.8249690258459541,0,-8.8249690258459541,0,-1.6416999724779764,0,-10.46666899832393,4,-10.46666899832393,1.0709541580954587,-2.8023306712909606,1
side,0,0.90000000000000002,0,1,7.7880078307140357,0,-7.7880078307140357,0,0,0,-7.7880078307140357,4,-7.7880078307140357,1.370618157208104,-2.6685962353138888,1
side,0,0.90000000000000002,1,1,7.7880078307140357,0,-7.7880078307140357,0,-0.38213143495384028,0,-8.170139265667876,4,-8.170139265667876,1.3191499333525569,-2.6944096669467217,1
side,0,0.90000000000000002,4,1,7.7880078307140357,0,-7.7880078307140357,0,-1.5285257398153602,0,-9.3165335705293959,4,-9.3165335705293959,1.1835574421543733,-2.7566631606202807,1
side,0,0.92500000000000004,0,1,6.8728927879096977,0,-6.8728927879096977,0,0,0,-6.8728927879096977,4,-6.8728927879096977,1.5090262707611524,-2.5928439432701476,1
side,0,0.92500000000000004,1,1,6.8728927879096977,0,-6.8728927879096977,0,-0.35578835604040915,0,-7.2286811439501069,4,-7.2286811439501069,1.4525053121980178,-2.6249244404432934,1
side,0,0.92500000000000004,4,1,6.8728927879096977,0,-6.8728927879096977,0,-1.4231534241616357,0,-8.2960462120713334,4,-8.2960462120713334,1.3029294244992513,-2.7022906791783239,1
side,0,0.94999999999999996,0,1,6.0653065971263569,0,-6.0653065971263569,0,0,0,-6.0653065971263569,4,-6.0653065971263569,1.6516342181953321,-2.5044169799149452,1
side,0,0.94999999999999996,1,1,6.0653065971263569,0,-6.0653065971263569,0,-0.33126129576130925,0,-6.3965678928876661,4,-6.3965678928876661,1.5906101608088017,-2.5436114711826172,1
side,0,0.94999999999999996,4,1,6.0653065971263569,0,-6.0653065971263569,0,-1.3250451830452352,0,-7.3903517801715921,4,-7.3903517801715921,1.427991733883444,-2.6383403131439573,1
side,0,0.97499999999999998,0,1,5.3526142851899126,0,-5.3526142851899126,0,0,0,-5.3526142851899126,4,-5.3526142851899126,1.7958422366838305,-2.4031127025053189,1
side,0,0.97499999999999998,1,1,5.3526142851899126,0,-5.3526142851899126,0,-0.30842506283988058,0,-5.6610393480297931,4,-5.6610393480297931,1.7311968438651801,-2.4500933630764439,1
side,0,0.97499999999999998,4,1,5.3526142851899126,0,-5.3526142851899126,0,-1.2337002513595223,0,-6.5863145365494349,4,-6.5863145365494349,1.5572661180776823,-2.5641611176927368,1
side,0,1,0,1,4.7236655274101471,0,-4.7236655274101471,0,0,0,-4.7236655274101471,4,-4.7236655274101471,1.9386886844882307,-2.2894292268242955,1
side,0,1,1,1,4.7236655274101471,0,-4.7236655274101471,0,-0.28716309633808645,0,-5.0108286237482336,4,-5.0108286237482336,1.8716125157278423,-2.3445823915936281,1
side,0,1,4,1,4.7236655274101471,0,-4.7236655274101471,0,-1.1486523853523467,0,-5.8723179127624938,4,-5.8723179127624938,1.688899709078606,-2.4794390036204157,1
side,0,1.0249999999999999,0,1,4.1686201967850769,0,-4.1686201967850769,0,0,0,-4.1686201967850769,4,-4.1686201967850769,2.0770886430230711,-2.1646484169547207,1
side,0,1.0249999999999999,1,1,4.1686201967850769,0,-4.1686201967850769,0,-0.26736687070495258,0,-4.4359870674900295,4,-4.4359870674900295,2.0090054250634681,-2.2279805210247137,1
side,0,1.0249999999999999,4,1,4.1686201967850769,0,-4.1686201967850769,0,-1.0694674828198112,0,-5.2380876796048881,4,-5.2380876796048881,1.8207424696377599,-2.3843021744857316,1
side,0,1.05,0,1,3.67879441171441,0,-3.67879441171441,0,0,0,-3.67879441171441,4,-3.67879441171441,2.2081246135903276,-2.0308091222112847,1
side,0,1.05,1,1,3.67879441171441,0,-3.67879441171441,0,-0.24893534183931898,0,-3.927729753553729,4,-3.9277297535537294,2.1405696409942521,-2.101894767121737,1
side,0,1.05,4,1,3.67879441171441,0,-3.67879441171441,0,-0.99574136735727681,0,-4.6745357790716868,4,-4.6745357790716868,1.9504774495683033,-2.2793941560698814,1
side,0,1.075,0,1,3.2465246735835089,0,-3.2465246735835089,0,0,0,-3.2465246735835089,4,-3.2465246735835089,2.3293321514767507,-1.8905585756851577,1
side,0,1.075,1,1,3.2465246735835089,0,-3.2465246735835089,0,-0.23177443133948872,0,-3.4782991049229977,4,-3.4782991049229977,2.2638058515979176,-1.9685484668331203,1
side,0,1.075,4,1,3.2465246735835089,0,-3.2465246735835089,0,-0.92709772535795398,0,-4.1736223989414629,4,-4.1736223989414629,2.0757914348823596,-2.1658924070389638,1
side,0,1.1000000000000001,0,1,2.8650479686019059,0,-2.8650479686019059,0,0,0,-2.8650479686019059,4,-2.8650479686019059,2.4389186066000952,-1.7469046998562483,1
side,0,1.1000000000000001,1,1,2.8650479686019059,0,-2.8650479686019059,0,-0.21579654630726308,0,-3.080844514909169,4,-3.080844514909169,2.3767454630082145,-1.8305958057610277,1
side,0,1.1000000000000001,4,1,2.8650479686019059,0,-2.8650479686019059,0,-0.86318618522905277,0,-3.7282341538309587,4,-3.7282341538309587,2.1945607799100562,-2.0454591130796445,1
side,0,1.125,0,1,2.5283959580474646,0,-2.5283959580474646,0,0,0,-2.5283959580474646,4,-2.5283959580474646,2.5358711334139592,-1.6029215809632744,1
side,0,1.125,1,1,2.5283959580474646,0,-2.5283959580474646,0,-0.20092013225536798,0,-2.7293160903028326,4,-2.7293160903028326,2.4780926668575711,-1.6908745472289566,1
side,0,1.125,4,1,2.5283959580474646,0,-2.5283959580474646,0,-0.80368052902147236,0,-3.332076487068937,4,-3.332076487068937,2.3050199945365586,-1.9201257315047591,1
side,0,1.1499999999999999,0,1,2.2313016014842941,0,-2.2313016014842941,0,0,0,-2.2313016014842941,4,-2.2313016014842941,2.6199432787470767,-1.4614709084165911,1
side,0,1.1499999999999999,1,1,2.2313016014842941,0,-2.2313016014842941,0,-0.1870692568361827,0,-2.4183708583204768,4,-2.4183708583204768,2.5672623872084688,-1.5521481357218052,1
side,0,1.1499999999999999,4,1,2.2313016014842941,0,-2.2313016014842941,0,-0.74827702734473078,0,-2.9795786288290249,4,-2.9795786288290249,2.4058828971635933,-1.7921293159634752,1
side,0,1.175,0,1,1.9691167520419333,0,-1.9691167520419333,0,0,0,-1.9691167520419333,4,-1.9691167520419335,2.691542429145465,-1.3249903215154935,1
side,0,1.175,1,1,1.9691167520419333,0,-1.9691167520419333,0,-0.17417322226706178,0,-2.143289974308995,4,-2.143289974308995,2.6443207954409544,-1.4168865624313463,1
side,0,1.175,4,1,1.9691167520419333,0,-1.9691167520419333,0,-0.69669288906824756,0,-2.6658096411101808,4,-2.6658096411101808,2.4963977182373647,-1.6637302763306558,1
side,0,1.2,0,1,1.7377394345044574,0,-1.7377394345044574,0,0,0,-1.7377394345044574,4,-1.7377394345044574,2.7515599345115356,-1.1953735511507995,1
side,0,1.2,1,1,1.7377394345044574,0,-1.7377394345044574,0,-0.162166204473978,0,-1.8999056389784355,4,-1.8999056389784355,2.7098572876406486,-1.287118285403819,1
side,0,1.2,4,1,1.7377394345044574,0,-1.7377394345044574,0,-0.64866481789591135,0,-2.3864042524003688,4,-2.3864042524003688,2.5763340117360238,-1.5370436103026373,1
side,0,1.2250000000000001,0,1,1.5335496684492875,0,-1.5335496684492875,0,0,0,-1.5335496684492875,4,-1.5335496684492875,2.8011877146509851,-1.0739401227668088,1
side,0,1.2250000000000001,1,1,1.5335496684492875,0,-1.5335496684492875,0,-0.15098691711159273,0,-1.6845365855608803,4,-1.6845365855608803,2.76482551435643,-1.1643624329063962,1
side,0,1.2250000000000001,4,1,1.5335496684492875,0,-1.5335496684492875,0,-0.60394766844637071,0,-2.1374973368956582,4,-2.1374973368956582,2.6459142597815477,-1.4139086709843263,1
side,0,1.25,0,1,1.353352832366127,0,-1.353352832366127,0,0,0,-1.353352832366127,4,-1.353352832366127,2.8417543212822891,-0.96147406489901677,1
side,0,1.25,1,1,1.353352832366127,0,-1.353352832366127,0,-0.14057829874486027,0,-1.4939311311109873,4,-1.4939311311109873,2.8103868975078647,-1.0496311191633556,1
side,0,1.25,4,1,1.353352832366127,0,-1.353352832366127,0,-0.56231319497944066,0,-1.9156660273455677,4,-1.9156660273455677,2.7057117978694425,-1.295810042741647,1
side,0,1.2749999999999999,0,1,1.1943296826671941,0,-1.1943296826671941,0,0,0,-1.1943296826671941,4,-1.1943296826671941,2.8745979752573088,-0.85830442189620504,1
side,0,1.2749999999999999,1,1,1.1943296826671941,0,-1.1943296826671941,0,-0.13088722159545196,0,-1.325216904262646,4,-1.325216904262646,2.8477786771241012,-0.94348111063089368,1
side,0,1.2749999999999999,4,1,1.1943296826671941,0,-1.1943296826671941,0,-0.52354888638180763,0,-1.7178785690490017,4,-1.7178785690490017,2.7565378283795652,-1.1838493150365326,1
side,0,1.3,0,1,1.0539922456186397,0,-1.0539922456186397,0,0,0,-1.0539922456186397,4,-1.0539922456186397,2.9009805955512107,-0.76440276310027977,1
side,0,1.3,1,1,1.0539922456186397,0,-1.0539922456186397,0,-0.12186422036639777,0,-1.1758564659850375,4,-1.1758564659850375,2.8782160970012969,-0.84609225204029814,1
side,0,1.3,4,1,1.0539922456186397,0,-1.0539922456186397,0,-0.48745688146559085,0,-1.5414491270842305,4,-1.5414491270842305,2.7993356951290731,-1.0787583909181093,1
side,0,1.3250000000000002,0,1,0.93014489210663809,0,-0.93014489210663809,0,0,0,-0.93014489210663809,4,-0.93014489210663809,2.9220382095655122,-0.67947972879194685,1
side,0,1.3250000000000002,1,1,0.93014489210663809,0,-0.93014489210663809,0,-0.1134632397608023,0,-1.0436081318674404,4,-1.0436081318674404,2.9028287959061094,-0.75735393420664654,1
side,0,1.3250000000000002,4,1,0.93014489210663809,0,-0.93014489210663809,0,-0.45385295904320933,0,-1.3839978511498474,4,-1.3839978511498474,2.8350934902841587,-0.9809408245905491,1
side,0,1.3500000000000001,0,1,0.82084998623898942,0,-0.82084998623898942,0,0,0,-0.82084998623898942,4,-0.82084998623898942,2.9387593312911013,-0.60307013916250052,1
side,0,1.3500000000000001,1,1,0.82084998623898942,0,-0.82084998623898942,0,-0.10564139940591655,0,-0.92649138564490596,4,-0.92649138564490596,2.922626014092204,-0.67694695637953362,1
side,0,1.3500000000000001,4,1,0.82084998623898942,0,-0.82084998623898942,0,-0.42256559762366586,0,-1.2434155838626553,4,-1.2434155838626553,2.8647792662855815,-0.89052779600652887,1
side,0,1.375,0,1,0.72439757034251451,0,-0.72439757034251451,0,0,0,-0.72439757034251451,4,-0.72439757034251451,2.9519824618158341,-0.53460223075827618,1
side,0,1.375,1,1,0.72439757034251451,0,-0.72439757034251451,0,-0.098358774982695407,0,-0.82275634532520991,4,-0.82275634532520991,2.9384832475149247,-0.6044139343811834,1
side,0,1.375,4,1,0.72439757034251451,0,-0.72439757034251451,0,-0.39343509993078163,0,-1.1178326702732961,4,-1.1178326702732961,2.8892981709583254,-0.80743797241452386,1
side,0,1.3999999999999999,0,1,0.63927861206707459,0,-0.63927861206707459,0,0,0,-0.63927861206707459,4,-0.63927861206707459,2.9624051979727457,-0.47345057083507608,1
side,0,1.3999999999999999,1,1,0.63927861206707459,0,-0.63927861206707459,0,-0.091578194443670879,0,-0.73085680651074547,4,-0.73085680651074547,2.9511432266441839,-0.53921577854524638,1
side,0,1.3999999999999999,4,1,0.63927861206707459,0,-0.63927861206707459,0,-0.3663127777746833,0,-1.0055913898417579,4,-1.0055913898417579,2.9094680439099014,-0.73143400349388465,1
side,0,1.425,0,1,0.56416139503777152,0,-0.56416139503777152,0,0,0,-0.56416139503777152,4,-0.56416139503777152,2.9705993467730196,-0.41897436789343989,1
side,0,1.425,1,1,0.56416139503777152,0,-0.56416139503777152,0,-0.0852650482789995,0,-0.64942644331677102,4,-0.64942644331677102,2.9612253985954484,-0.4807745196172824,1
side,0,1.425,4,1,0.56416139503777152,0,-0.56416139503777152,0,-0.34106019311599811,0,-0.90522158815376963,4,-0.90522158815376963,2.9260090107857728,-0.66217163092393438,1
side,0,1.4500000000000002,0,1,0.49787068367864118,0,-0.49787068367864118,0,0,0,-0.49787068367864118,4,-0.49787068367864123,2.9770282684135991,-0.37054377483142997,1
side,0,1.4500000000000002,1,1,0.49787068367864118,0,-0.49787068367864118,0,-0.079387112862243314,0,-0.57725779654088449,4,-0.57725779654088449,2.9692396606868066,-0.42850418598246737,1
side,0,1.4500000000000002,4,1,0.49787068367864118,0,-0.49787068367864118,0,-0.31754845144897315,0,-0.81541913512761433,4,-0.81541913512761433,2.9395427534350738,-0.59923985241916844,1
side,0,1.4750000000000001,0,1,0.43936933623407498,0,-0.43936933623407498,0,0,0,-0.43936933623407498,4,-0.43936933623407498,2.9820641320015211,-0.32755688457123783,1
side,0,1.4750000000000001,1,1,0.43936933623407498,0,-0.43936933623407498,0,-0.073914385974197139,0,-0.51328372220827212,4,-0.51328372220827212,2.9756015119910058,-0.38183195497082645,1
side,0,1.4750000000000001,4,1,0.43936933623407498,0,-0.43936933623407498,0,-0.29565754389678872,0,-0.7350268801308637,4,-0.7350268801308637,2.9505978441337422,-0.54219218197361929,1
side,0,1.5,0,1,0.38774207831722007,0,-0.38774207831722007,0,0,0,-0.38774207831722007,4,-0.38774207831722007,2.9860038169876146,-0.28944983146548242,1
side,0,1.5,1,1,0.38774207831722007,0,-0.38774207831722007,0,-0.068818933665251991,0,-0.45656101198247206,4,-0.45656101198247206,2.9806468991075219,-0.34021179115473688,1
side,0,1.5,4,1,0.38774207831722007,0,-0.38774207831722007,0,-0.27527573466100796,0,-0.66301781297822804,4,-0.66301781297822804,2.9596184115838038,-0.49056993162459772,1
side,0,1.5249999999999999,0,1,0.34218118311665979,0,-0.34218118311665979,0,0,0,-0.34218118311665979,4,-0.34218118311665979,2.9890828857102241,-0.25570197956652102,1
side,0,1.5249999999999999,1,1,0.34218118311665979,0,-0.34218118311665979,0,-0.064074747674636168,0,-0.40625593079129596,4,-0.40625593079129596,2.9846458211017373,-0.30313251653350953,1
side,0,1.5249999999999999,4,1,0.34218118311665979,0,-0.34218118311665979,0,-0.25629899069854478,0,-0.59848017381520457,4,-0.59848017381520457,2.9669742309537543,-0.44391881336160893,1
side,0,1.55,0,1,0.30197383422318391,0,-0.30197383422318391,0,0,0,-0.30197383422318391,4,-0.30197383422318391,2.9914874756723626,-0.22583773576485425,1
side,0,1.55,1,1,0.30197383422318391,0,-0.30197383422318391,0,-0.059657612678780614,0,-0.36163144690196453,4,-0.36163144690196453,2.9878142778774981,-0.27012190009579701,1
side,0,1.55,4,1,0.30197383422318391,0,-0.30197383422318391,0,-0.23863045071512246,0,-0.54060428493830637,4,-0.54060428493830637,2.9729710033138801,-0.40180021584720482,1
side,0,1.5750000000000002,0,1,0.26649097336355582,0,-0.26649097336355582,0,0,0,-0.26649097336355582,4,-0.26649097336355582,2.9933641971576606,-0.19942613463304093,1
side,0,1.5750000000000002,1,1,0.26649097336355582,0,-0.26649097336355582,0,-0.055544982691211608,0,-0.32203595605476742,4,-0.32203595605476742,2.9903244641293476,-0.24074799942996364,1
side,0,1.5750000000000002,4,1,0.26649097336355582,0,-0.26649097336355582,0,-0.22217993076484654,0,-0.48867090412840236,4,-0.48867090412840231,2.9778600919384384,-0.36379839587386104,1
side,0,1.6000000000000001,0,1,0.23517745856009148,0,-0.23517745856009148,0,0,0,-0.23517745856009148,4,-0.23517745856009148,2.9948282383952285,-0.17607902348244642,1
side,0,1.6000000000000001,1,1,0.23517745856009148,0,-0.23517745856009148,0,-0.051715865983091303,0,-0.28689332454318278,4,-0.28689332454318278,2.9923132896656939,-0.2146186769367347,1
side,0,1.6000000000000001,4,1,0.23517745856009148,0,-0.23517745856009148,0,-0.20686346393236521,0,-0.44204092249245669,4,-0.44204092249245669,2.9818473324452888,-0.32952463639144663,1
side,0,1.625,0,1,0.20754337873699741,0,-0.20754337873699741,0,0,0,-0.20754337873699741,4,-0.20754337873699741,2.9959699240082673,-0.15544843015577528,1
side,0,1.625,1,1,0.20754337873699741,0,-0.20754337873699741,0,-0.04815071793701764,0,-0.25569409667401505,4,-0.25569409667401505,2.9938893951657013,-0.19137996110970182,1
side,0,1.625,4,1,0.20754337873699741,0,-0.20754337873699741,0,-0.1926028717480705,0,-0.40014625048506791,4,-0.40014625048506791,2.985100762425632,-0.29861921935118352,1
side,0,1.6499999999999999,0,1,0.18315638888734148,0,-0.18315638888734148,0,0,0,-0.18315638888734148,4,-0.18315638888734148,2.9968599746320588,-0.13722351273865441,1
side,0,1.6499999999999999,1,1,0.18315638888734148,0,-0.18315638888734148,0,-0.044831341287183968,0,-0.22798773017452545,4,-0.22798773017452545,2.9951388654144968,-0.17071372787083866,1
side,0,1.6499999999999999,4,1,0.18315638888734148,0,-0.18315638888734148,0,-0.17932536514873582,0,-0.3624817540360773,4,-0.3624817540360773,2.9877572564399135,-0.27075187273708945,1
side,0,1.675,0,1,0.16163494588165819,0,-0.16163494588165819,0,0,0,-0.16163494588165819,4,-0.16163494588165819,2.9975536964823242,-0.12112735737707124,1
side,0,1.675,1,1,0.16163494588165819,0,-0.16163494588165819,0,-0.041740793236705154,0,-0.20337573911836335,4,-0.20337573911836335,2.996129843402739,-0.15233503034915458,1
side,0,1.675,4,1,0.16163494588165819,0,-0.16163494588165819,0,-0.16696317294682059,0,-0.32859811882847878,4,-0.32859811882847878,2.9899281314262947,-0.24562118985475731,1
side,0,1.7000000000000002,0,1,0.14264233908999305,0,-0.14264233908999305,0,0,0,-0.14264233908999305,4,-0.14264233908999305,2.9980943014232579,-0.10691379599184804,1
side,0,1.7000000000000002,1,1,0.14264233908999305,0,-0.14264233908999305,0,-0.038863298978017741,0,-0.18150563806801079,4,-0.18150563806801079,2.9969162335220099,-0.13598929830044801,1
side,0,1.7000000000000002,4,1,0.14264233908999305,0,-0.14264233908999305,0,-0.15545319591207105,0,-0.29809553500206409,4,-0.29809553500206409,2.9917038267000113,-0.22295338819696559,1
side,0,1.7250000000000001,0,1,0.12588142242434019,0,-0.12588142242434019,0,0,0,-0.12588142242434019,4,-0.12588142242434019,2.998515527633542,-0.094364349944995304,1
side,0,1.7250000000000001,1,1,0.12588142242434019,0,-0.12588142242434019,0,-0.036184171174941659,0,-0.16206559359928185,4,-0.16206559359928185,2.9975406596774099,-0.12144955158715058,1
side,0,1.7250000000000001,4,1,0.12588142242434019,0,-0.12588142242434019,0,-0.14473668469976664,0,-0.27061810712410683,4,-0.27061810712410683,2.993157776904467,-0.20250067297742164,1
side,0,1.75,0,1,0.11108996538242306,0,-0.11108996538242306,0,0,0,-0.11108996538242306,4,-0.11108996538242306,2.9988437019430068,-0.083285360759036517,1
side,0,1.75,1,1,0.11108996538242306,0,-0.11108996538242306,0,-0.033689734995427337,0,-0.1447797003778504,4,-0.1447797003778504,2.9980368198170892,-0.10851371812372042,1
side,0,1.75,4,1,0.11108996538242306,0,-0.11108996538242306,0,-0.13475893998170935,0,-0.2458489053641324,4,-0.2458489053641324,2.9943495958171913,-0.18403939260229718,1
side,0,1.7750000000000001,0,1,0.098036550358218108,0,-0.098036550358218108,0,0,0,-0.098036550358218108,4,-0.098036550358218108,2.9990993590014359,-0.073505338834510978,1
side,0,1.7750000000000001,1,1,0.098036550358218108,0,-0.098036550358218108,0,-0.031367258312334403,0,-0.12940380867055251,4,-0.12940380867055251,2.9984313550226154,-0.097002109344283008,1
side,0,1.7750000000000001,4,1,0.098036550358218108,0,-0.098036550358218108,0,-0.12546903324933767,0,-0.22350558360755579,4,-0.22350558360755579,2.995327680566708,-0.16736811533523213,1
side,0,1.8,0,1,0.086516952031206032,0,-0.086516952031206032,0,0,0,-0.086516952031206032,4,-0.086516952031206032,2.9992985102154939,-0.064872541333895403,1
side,0,1.8,1,1,0.086516952031206032,0,-0.086516952031206032,0,-0.02920488671597618,0,-0.11572183874718221,4,-0.11572183874718221,2.9987453302906459,-0.086755080888939948,1
side,0,1.8,4,1,0.086516952031206032,0,-0.086516952031206032,0,-0.11681954686390471,0,-0.20333649889511074,4,-0.20333649889511074,2.9961313338219431,-0.15230571391232306,1
side,0,1.825,0,1,0.076350942188599891,0,-0.076350942188599891,0,0,0,-0.076350942188599891,4,-0.076350942188599891,2.999453636820137,-0.057252777805559991,1
side,0,1.825,1,1,0.076350942188599891,0,-0.076350942188599891,0,-0.027191583006717979,0,-0.10354252519531787,4,-0.10354252519531787,2.998995405968369,-0.077630889345780593,1
side,0,1.825,4,1,0.076350942188599891,0,-0.076350942188599891,0,-0.10876633202687191,0,-0.18511727421547181,4,-0.18511727421547181,2.9967924884195445,-0.13868951421140674,1
side,0,1.8500000000000001,0,1,0.067379469990854785,0,-0.067379469990854785,0,0,0,-0.067379469990854785,4,-0.067379469990854785,2.9995744662151043,-0.050527434432918718,1
side,0,1.8500000000000001,1,1,0.067379469990854785,0,-0.067379469990854785,0,-0.025317070858787497,0,-0.092696540849642281,4,-0.092696540849642281,2.9991947635047076,-0.069503744977811838,1
side,0,1.8500000000000001,4,1,0.067379469990854785,0,-0.067379469990854785,0,-0.10126828343514996,0,-0.16864775342600474,4,-0.16864775342600474,2.9973371061336977,-0.12637354230246262,1
side,0,1.875,0,1,0.059462173564720992,0,-0.059462173564720992,0,0,0,-0.059462173564720992,4,-0.059462173564720992,2.9996685783577703,-0.044591703410737406,1
side,0,1.875,1,1,0.059462173564720992,0,-0.059462173564720992,0,-0.023571782367746354,0,-0.083033955932467346,4,-0.083033955932467346,2.9993538365262937,-0.062262053572000292,1
side,0,1.875,4,1,0.059462173564720992,0,-0.059462173564720992,0,-0.094287129470985415,0,-0.15374930303570641,4,-0.15374930303570641,2.9977863106060143,-0.1152268889764141,1
side,0,1.9000000000000001,0,1,0.052475183991813792,0,-0.052475183991813792,0,0,0,-0.052475183991813792,4,-0.052475183991813792,2.9997418791043668,-0.039353001758487723,1
side,0,1.9000000000000001,1,1,0.052475183991813792,0,-0.052475183991813792,0,-0.021946809213892179,0,-0.074421993205705972,4,-0.074421993205705972,2.9994808879192032,-0.055806836565341966,1
side,0,1.9000000000000001,4,1,0.052475183991813792,0,-0.052475183991813792,0,-0.087787236855568704,0,-0.1402624208473825,4,-0.1402624208473825,2.9981573041521803,-0.10513220039041173,1
side,0,1.925,0,1,0.046309187335332333,0,-0.046309187335332333,0,0,0,-0.046309187335332333,4,-0.046309187335332333,2.9997989695054676,-0.034729563111791394,1
side,0,1.925,1,1,0.046309187335332333,0,-0.046309187335332333,0,-0.020433857192320284,0,-0.066743044527652617,4,-0.066743044527652617,2.9995824652469865,-0.050050316510586404,1
side,0,1.925,4,1,0.046309187335332333,0,-0.046309187335332333,0,-0.081735428769281124,0,-0.12804461610461346,4,-0.12804461610461346,2.9984641093126223,-0.095984296445099107,1
side,0,1.9500000000000002,0,1,0.040867714384640846,0,-0.040867714384640846,0,0,0,-0.040867714384640846,4,-0.040867714384640846,2.9998434338124298,-0.030649186162921657,1
side,0,1.9500000000000002,1,1,0.040867714384640846,0,-0.040867714384640846,0,-0.019025203877556851,0,-0.059892918262197697,4,-0.059892918262197697,2.9996637601316394,-0.044914654099910217,1
side,0,1.9500000000000002,4,1,0.040867714384640846,0,-0.040867714384640846,0,-0.07610081551022739,0,-0.11696852989486824,4,-0.11696852989486824,2.9987181685468092,-0.087688913935987989,1
side,0,1.9750000000000001,0,1,0.036065631360157398,0,-0.036065631360157398,0,0,0,-0.036065631360157398,4,-0.036065631360157398,2.9998780640190876,-0.027048124095583766,1
side,0,1.9750000000000001,1,1,0.036065631360157398,0,-0.036065631360157398,0,-0.017713659206673803,0,-0.0537792905668312,4,-0.0537792905668312,2.9997288918704372,-0.040330822924404701,1
side,0,1.9750000000000001,4,1,0.036065631360157398,0,-0.036065631360157398,0,-0.070854636826695211,0,-0.1069202681868526,4,-0.1069202681868526,2.9989288292501532,-0.080161568674177563,1
side,0,2,0,1,0.031827807965096697,0,-0.031827807965096697,0,0,0,-0.031827807965096697,4,-0.031827807965096697,2.9999050348818899,-0.023870100340936874,1
side,0,2,1,1,0.031827807965096697,0,-0.031827807965096697,0,-0.016492528779695453,0,-0.04832033674479215,4,-0.04832033674479215,2.9997811313031648,-0.036237608606310617,1
side,0,2,4,1,0.031827807965096697,0,-0.031827807965096697,0,-0.065970115118781827,0,-0.097797923083878524,4,-0.097797923083878524,2.9991037361395492,-0.073326529126887086,1
side,0.80000000000000004,0.75,0,1,16.487212707001284,0,-16.487212707001284,0,0,0,-16.487212707001284,0.80000000000002292,-16.487212707001284,0.14539629637366769,-2.9964745814040894,1
side,0.80000000000000004,0.75,1,1,16.487212707001284,0,-16.487212707001284,0.11808725423752334,-0.24327269784055972,0.11808725423752334,-16.730485404841843,0.91808725423747628,-16.730485404841843,0.16437802697433224,-2.9954932589221461,1
side,0.80000000000000004,0.75,4,1,16.487212707001284,0,-16.487212707001284,0.47234901695009335,-0.97309079136224597,0.47234901695009335,-17.46030349836353,1.2723490169500584,-17.46030349836353,0.2180347345849265,-2.9920663185354828,1
side,0.80000000000000004,0.77500000000000002,0,1,14.549914146181989,0,-14.549914146181989,0,0,0,-14.549914146181989,0.80000000000002292,-14.549914146181989,0.16470065772222764,-2.9954755370968869,1
side,0.80000000000000004,0.77500000000000002,1,1,14.549914146181989,0,-14.549914146181989,0.11370037816727392,-0.23423525189779149,0.11370037816727392,-14.78414939807978,0.91370037816729255,-14.78414939807978,0.18505502686494424,-2.9942869997767425,1
side,0.80000000000000004,0.77500000000000002,4,1,14.549914146181989,0,-14.549914146181989,0.45480151266909569,-0.93694100759116594,0.45480151266909569,-15.486855153773154,1.2548015126691014,-15.486855153773154,0.24227699340839681,-2.9902009729222199,1
side,0.80000000000000004,0.80000000000000004,0,1,12.840254166877369,0,-12.840254166877369,0,0,0,-12.840254166877369,0.80000000000002292,-12.840254166877369,0.1865504631909376,-2.9941942029005473,1
side,0.80000000000000004,0.80000000000000004,1,1,12.840254166877369,0,-12.840254166877369,0.10947647211254381,-0.22553354206471887,0.10947647211254381,-13.065787708942088,0.90947647211259142,-13.065787708942088,0.20831835833245993,-2.9927585037188806,1
side,0.80000000000000004,0.80000000000000004,4,1,12.840254166877369,0,-12.840254166877369,0.43790588845017525,-0.90213416825887194,0.43790588845017525,-13.742388335136241,1.2379058884501859,-13.742388335136241,0.26914838616454162,-2.9879021312996534,1
side,0.80000000000000004,0.82499999999999996,0,1,11.331484530668304,0,-11.331484530668304,0,0,0,-11.331484530668304,0.80000000000002292,-11.331484530668304,0.21127338348170266,-2.9925513458305457,1
side,0.80000000000000004,0.82499999999999996,1,1,11.331484530668304,0,-11.331484530668304,0.10540948182754821,-0.21715509593087745,0.10540948182754821,-11.548639626599181,0.9054094818276015,-11.548639626599181,0.23447948497901105,-2.9908225241769157,1
side,0.80000000000000004,0.82499999999999996,4,1,11.331484530668304,0,-11.331484530668304,0.42163792731019284,-0.8686203837235098,0.42163792731019284,-12.200104914391813,1.2216379273102262,-12.200104914391813,0.29890540633970009,-2.9850721194069791,1
side,0.80000000000000004,0.84999999999999998,0,1,10.000000000000018,0,-10.000000000000018,0,0,0,-10.000000000000018,0.80000000000002292,-10.000000000000018,0.23923566684869169,-2.9904458356083747,1
side,0.80000000000000004,0.84999999999999998,1,1,10.000000000000018,0,-10.000000000000018,0.10149357797837799,-0.20908790442894087,0.10149357797837799,-10.209087904428959,0.90149357797841834,-10.209087904428959,0.26388233953789086,-2.9883718160362895,1
side,0.80000000000000004,0.84999999999999998,4,1,10.000000000000018,0,-10.000000000000018,0.40597431191351196,-0.83635161771576705,0.40597431191351196,-10.836351617715785,1.2059743119134936,-10.836351617715785,0.33182055638036889,-2.9815927150372903,1
side,0.80000000000000004,0.875,0,1,8.8249690258459541,0,-8.8249690258459541,0,0,0,-8.8249690258459541,0.80000000000002292,-8.8249690258459541,0.27084503560437234,-2.9877488125156173,1
side,0.80000000000000004,0.875,1,1,8.8249690258459541,0,-8.8249690258459541,0.097723147787649844,-0.20132040462178225,0.097723147787649844,-9.0262894304677364,0.89772314778768791,-9.0262894304677364,0.29690468065668441,-2.9852717816983017,1
side,0.80000000000000004,0.875,4,1,8.8249690258459541,0,-8.8249690258459541,0.39089259115059938,-0.80528161848712898,0.39089259115059938,-9.6302506443330831,1.1908925911505719,-9.6302506443330831,0.36818045699116286,-2.9773214725806461,1
side,0.80000000000000004,0.90000000000000002,0,1,7.7880078307140357,0,-7.7880078307140357,0,0,0,-7.7880078307140357,0.80000000000002292,-7.7880078307140357,0.306552998687315,-2.9842964428816123,1
side,0.80000000000000004,0.90000000000000002,1,1,7.7880078307140357,0,-7.7880078307140357,0.094092786989550536,-0.19384146312897865,0.094092786989550536,-7.9818492938430143,0.8940927869895976,-7.9818492938430152,0.33395858617990548,-2.9813539982224015,1
side,0.80000000000000004,0.90000000000000002,4,1,7.7880078307140357,0,-7.7880078307140357,0.37637114795820215,-0.7753658525159155,0.37637114795820215,-8.5633736832299512,1.1763711479582106,-8.5633736832299512,0.40828280076665724,-2.9720876761290471,1
side,0.80000000000000004,0.92500000000000004,0,1,6.8728927879096977,0,-6.8728927879096977,0,0,0,-6.8728927879096977,0.80000000000002292,-6.8728927879096977,0.34685610308593517,-2.9798810116768206,1
side,0.80000000000000004,0.92500000000000004,1,1,6.8728927879096977,0,-6.8728927879096977,0.090597292083747435,-0.18664036016902497,0.090597292083747435,-7.0595331480787227,0.89059729208373906,-7.0595331480787227,0.37548961010736015,-2.976408498963381,1
side,0.80000000000000004,0.92500000000000004,4,1,6.8728927879096977,0,-6.8728927879096977,0.36238916833498974,-0.74656144067609986,0.36238916833498974,-7.6194542285857976,1.1623891683349985,-7.6194542285857976,0.45243183157572808,-2.9656880209787788,1
side,0.80000000000000004,0.94999999999999996,0,1,6.0653065971263569,0,-6.0653065971263569,0,0,0,-6.0653065971263569,0.80000000000002292,-6.0653065971263569,0.39229543598962024,-2.9742401199132673,1
side,0.80000000000000004,0.94999999999999996,1,1,6.0653065971263569,0,-6.0653065971263569,0.087231652877062651,-0.17970677419435876,0.087231652877062651,-6.2450133713207157,0.88723165287707406,-6.2450133713207157,0.42197396313958802,-2.9701747380301113,1
side,0.80000000000000004,0.94999999999999996,4,1,6.0653065971263569,0,-6.0653065971263569,0.34892661150825061,-0.71882709677743417,0.34892661150825061,-6.7841336939037911,1.1489266115082275,-6.7841336939037911,0.50093198825895691,-2.9578822057578482,1
side,0.80000000000000004,0.97499999999999998,0,1,5.3526142851899126,0,-5.3526142851899126,0,0,0,-5.3526142851899126,0.80000000000002292,-5.3526142851899126,0.44345341085216816,-2.9670438271794319,1
side,0.80000000000000004,0.97499999999999998,1,1,5.3526142851899126,0,-5.3526142851899126,0.083991045302218278,-0.17303076709718912,0.083991045302218278,-5.5256450522871017,0.88399104530223482,-5.5256450522871017,0.47391287287656958,-2.962331276026005,1
side,0.80000000000000004,0.97499999999999998,4,1,5.3526142851899126,0,-5.3526142851899126,0.33596418120887311,-0.69212306838875648,0.33596418120887311,-6.044737353578669,1.1359641812088705,-6.044737353578669,0.55407932445383778,-2.9483887298341149,1
side,0.80000000000000004,1,0,1,4.7236655274101471,0,-4.7236655274101471,0,0,0,-4.7236655274101471,0.80000000000002292,-4.7236655274101471,0.50094651756316111,-2.9578797451115793,1
side,0.80000000000000004,1,1,1,4.7236655274101471,0,-4.7236655274101471,0.080870824503363803,-0.16660276996492662,0.080870824503363803,-4.8902682973750737,0.88087082450338805,-4.8902682973750737,0.53182304665833069,-2.9524844194412072,1
side,0.80000000000000004,1,4,1,4.7236655274101471,0,-4.7236655274101471,0.32348329801345521,-0.66641107985970649,0.32348329801345521,-5.3900766072698536,1.1234832980134835,-5.3900766072698536,0.61215032178507656,-2.9368813363053041,1
side,0.80000000000000004,1.0249999999999999,0,1,4.1686201967850769,0,-4.1686201967850769,0,0,0,-4.1686201967850769,0.80000000000002292,-4.1686201967850769,0.56541229712359087,-2.9462364016251974,1
side,0.80000000000000004,1.0249999999999999,1,1,4.1686201967850769,0,-4.1686201967850769,0.077866518178469887,-0.16041356936478124,0.077866518178469887,-4.3290337661498581,0.87786651817844952,-4.3290337661498581,0.59622192066199897,-2.9401563600125287,1
side,0.80000000000000004,1.0249999999999999,4,1,4.1686201967850769,0,-4.1686201967850769,0.31146607271387955,-0.64165427745912407,0.31146607271387955,-4.810274474244201,1.1114660727138403,-4.810274474244201,0.67538777375841796,-2.9229867182485947,1
side,0.80000000000000004,1.05,0,1,3.67879441171441,0,-3.67879441171441,0,0,0,-3.67879441171441,0.80000000000002292,-3.67879441171441,0.63748835181698382,-2.9314857327467339,1
side,0.80000000000000004,1.05,1,1,3.67879441171441,0,-3.67879441171441,0.074973820169049729,-0.15445429413788681,0.074973820169049729,-3.8332487058522968,0.87497382016910041,-3.8332487058522968,0.66760618258221438,-2.9247738348422683,1
side,0.80000000000000004,1.05,4,1,3.67879441171441,0,-3.67879441171441,0.29989528067619892,-0.61781717655154633,0.29989528067619892,-4.2966115882659563,1.0998952806762219,-4.2966115882659563,0.74398356134974808,-2.9062843048197147,1
side,0.80000000000000004,1.075,0,1,3.2465246735835089,0,-3.2465246735835089,0,0,0,-3.2465246735835089,0.80000000000002292,-3.2465246735835089,0.71778081471229882,-2.9128664064853669,1
side,0.80000000000000004,1.075,1,1,3.2465246735835089,0,-3.2465246735835089,0.072188584288018817,-0.14871640268401443,0.072188584288018817,-3.3952410762675234,0.87218858428805834,-3.3952410762675234,0.74642199200036785,-2.9056589975181519,1
side,0.80000000000000004,1.075,4,1,3.2465246735835089,0,-3.2465246735835089,0.28875433715207527,-0.5948656107360577,0.28875433715207527,-3.8413902843195666,1.0887543371520536,-3.8413902843195666,0.81805840126514262,-2.8863091400817766,1
side,0.80000000000000004,1.1000000000000001,0,1,2.8650479686019059,0,-2.8650479686019059,0,0,0,-2.8650479686019059,0.80000000000002292,-2.8650479686019059,0.80000000000002292,-2.8650479686019059,0
side,0.80000000000000004,1.1000000000000001,1,1,2.8650479686019059,0,-2.8650479686019059,0.069506818376845109,-0.14319167071865069,0.069506818376845109,-3.0082396393205566,0.86950681837683064,-3.0082396393205566,0.83302553720732142,-2.8820250613692417,1
side,0.80000000000000004,1.1000000000000001,4,1,2.8650479686019059,0,-2.8650479686019059,0.27802727350738043,-0.57276668287460275,0.27802727350738043,-3.4378146514765087,1.0780272735073648,-3.4378146514765087,0.89763905435036317,-2.8625590174012276,1
side,0.80000000000000004,1.125,0,1,2.5283959580474646,0,-2.5283959580474646,0,0,0,-2.5283959580474646,0.80000000000002292,-2.5283959580474646,0.80000000000002292,-2.5283959580474646,0
side,0.80000000000000004,1.125,1,1,2.5283959580474646,0,-2.5283959580474646,0.066924678583474714,-0.13787217948489561,0.066924678583474714,-2.6662681375323602,0.86692467858351385,-2.6662681375323602,0.86692467858351385,-2.6662681375323602,0
side,0.80000000000000004,1.125,4,1,2.5283959580474646,0,-2.5283959580474646,0.26769871433389886,-0.55148871793958332,0.26769871433389886,-3.079884675987048,1.0676987143338756,-3.079884675987048,0.98263405016307814,-2.8345070688675613,1
side,0.80000000000000004,1.1499999999999999,0,1,2.2313016014842941,0,-2.2313016014842941,0,0,0,-2.2313016014842941,0.80000000000002292,-2.2313016014842941,0.80000000000002292,-2.2313016014842941,0
side,0.80000000000000004,1.1499999999999999,1,1,2.2313016014842941,0,-2.2313016014842941,0.064438463852827782,-0.13275030440328139,0.064438463852827782,-2.3640519058875755,0.86443846385286793,-2.3640519058875755,0.86443846385286793,-2.3640519058875755,0
side,0.80000000000000004,1.1499999999999999,4,1,2.2313016014842941,0,-2.2313016014842941,0.25775385541131113,-0.53100121761312602,0.25775385541131113,-2.7623028190974201,1.057753855411292,-2.7623028190974201,1.057753855411292,-2.7623028190974201,0
side,0.80000000000000004,1.175,0,1,1.9691167520419333,0,-1.9691167520419333,0,0,0,-1.9691167520419333,0.80000000000002292,-1.9691167520419335,0.80000000000002292,-1.9691167520419335,0
side,0.80000000000000004,1.175,1,1,1.9691167520419333,0,-1.9691167520419333,0.062044610621970135,-0.12781870414324237,0.062044610621970135,-2.0969354561851756,0.86204461062200366,-2.0969354561851756,0.86204461062200366,-2.0969354561851756,0
side,0.80000000000000004,1.175,4,1,1.9691167520419333,0,-1.9691167520419333,0.24817844248788054,-0.51127481657296947,0.24817844248788054,-2.4803915686149027,1.0481784424878349,-2.4803915686149027,1.0481784424878349,-2.4803915686149027,0
side,0.80000000000000004,1.2,0,1,1.7377394345044574,0,-1.7377394345044574,0,0,0,-1.7377394345044574,0.80000000000002292,-1.7377394345044574,0.80000000000002292,-1.7377394345044574,0
side,0.80000000000000004,1.2,1,1,1.7377394345044574,0,-1.7377394345044574,0.05973968771235641,-0.12307031010057634,0.05973968771235641,-1.8608097446050338,0.85973968771235754,-1.8608097446050338,0.85973968771235754,-1.8608097446050338,0
side,0.80000000000000004,1.2,4,1,1.7377394345044574,0,-1.7377394345044574,0.23895875084942564,-0.49228124040230514,0.23895875084942564,-2.2300206749067626,1.0389587508494724,-2.2300206749067626,1.0389587508494724,-2.2300206749067626,0
side,0.80000000000000004,1.2250000000000001,0,1,1.5335496684492875,0,-1.5335496684492875,0,0,0,-1.5335496684492875,0.80000000000002292,-1.5335496684492875,0.80000000000002292,-1.5335496684492875,0
side,0.80000000000000004,1.2250000000000001,1,1,1.5335496684492875,0,-1.5335496684492875,0.057520391411822781,-0.1184983162658102,0.057520391411822781,-1.6520479847150977,0.85752039141184788,-1.6520479847150977,0.85752039141184788,-1.6520479847150977,0
side,0.80000000000000004,1.2250000000000001,4,1,1.5335496684492875,0,-1.5335496684492875,0.23008156564729113,-0.47399326506324102,0.23008156564729113,-2.0075429335125285,1.0300815656473228,-2.0075429335125285,1.0300815656473228,-2.0075429335125285,0
side,0.80000000000000004,1.25,0,1,1.353352832366127,0,-1.353352832366127,0,0,0,-1.353352832366127,0.80000000000002292,-1.353352832366127,0.80000000000002292,-1.353352832366127,0
side,0.80000000000000004,1.25,1,1,1.353352832366127,0,-1.353352832366127,0.055383540739282304,-0.11409616946895351,0.055383540739282304,-1.4674490018350805,0.85538354073932954,-1.4674490018350805,0.85538354073932954,-1.4674490018350805,0
side,0.80000000000000004,1.25,4,1,1.353352832366127,0,-1.353352832366127,0.22153416295712922,-0.45638467787581383,0.22153416295712922,-1.8097375102419408,1.0215341629571384,-1.8097375102419408,1.0215341629571384,-1.8097375102419408,0
side,0.80000000000000004,1.2749999999999999,0,1,1.1943296826671941,0,-1.1943296826671941,0,0,0,-1.1943296826671941,0.80000000000002292,-1.1943296826671941,0.80000000000002292,-1.1943296826671941,0
side,0.80000000000000004,1.2749999999999999,1,1,1.1943296826671941,0,-1.1943296826671941,0.05332607288533301,-0.10985755998664892,0.05332607288533301,-1.304187242653843,0.853326072885352,-1.304187242653843,0.853326072885352,-1.304187242653843,0
side,0.80000000000000004,1.2749999999999999,4,1,1.1943296826671941,0,-1.1943296826671941,0.21330429154133204,-0.43943023994659547,0.21330429154133204,-1.6337599226137896,1.0133042915413393,-1.6337599226137896,1.0133042915413393,-1.6337599226137896,0
side,0.80000000000000004,1.3,0,1,1.0539922456186397,0,-1.0539922456186397,0,0,0,-1.0539922456186397,0.80000000000002292,-1.0539922456186397,0.80000000000002292,-1.0539922456186397,0
side,0.80000000000000004,1.3,1,1,1.0539922456186397,0,-1.0539922456186397,0.051345038822245198,-0.10577641249826675,0.051345038822245198,-1.1597686581169064,0.85134503882222656,-1.1597686581169064,0.85134503882222656,-1.1597686581169064,0
side,0.80000000000000004,1.3,4,1,1.0539922456186397,0,-1.0539922456186397,0.20538015528898079,-0.42310564999306655,0.20538015528898079,-1.4770978956117062,1.0053801552889485,-1.4770978956117062,1.0053801552889485,-1.4770978956117062,0
side,0.80000000000000004,1.3250000000000002,0,1,0.93014489210663809,0,-0.93014489210663809,0,0,0,-0.93014489210663809,0.80000000000002292,-0.93014489210663809,0.80000000000002292,-0.93014489210663809,0
side,0.80000000000000004,1.3250000000000002,1,1,0.93014489210663809,0,-0.93014489210663809,0.049437599077035627,-0.10184687737797249,0.049437599077035627,-1.0319917694846106,0.84943759907707417,-1.0319917694846106,0.84943759907707417,-1.0319917694846106,0
side,0.80000000000000004,1.3250000000000002,4,1,0.93014489210663809,0,-0.93014489210663809,0.19775039630814251,-0.40738750951189007,0.19775039630814251,-1.3375324016185282,0.9977503963081169,-1.3375324016185282,0.9977503963081169,-1.3375324016185282,0
side,0.80000000000000004,1.3500000000000001,0,1,0.82084998623898942,0,-0.82084998623898942,0,0,0,-0.82084998623898942,0.80000000000002292,-0.82084998623898942,0.80000000000002292,-0.82084998623898942,0
side,0.80000000000000004,1.3500000000000001,1,1,0.82084998623898942,0,-0.82084998623898942,0.04760101966156878,-0.098063322310290357,0.04760101966156878,-0.91891330854927977,0.84760101966152579,-0.91891330854927977,0.84760101966152579,-0.91891330854927977,0
side,0.80000000000000004,1.3500000000000001,4,1,0.82084998623898942,0,-0.82084998623898942,0.19040407864627512,-0.39225328924116132,0.19040407864627512,-1.2131032754801507,0.99040407864625646,-1.2131032754801507,0.99040407864625646,-1.2131032754801507,0
side,0.80000000000000004,1.375,0,1,0.72439757034251451,0,-0.72439757034251451,0,0,0,-0.72439757034251451,0.80000000000002292,-0.72439757034251451,0.80000000000002292,-0.72439757034251451,0
side,0.80000000000000004,1.375,1,1,0.72439757034251451,0,-0.72439757034251451,0.045832668153854131,-0.09442032421714408,0.045832668153854131,-0.81881789455965859,0.84583266815385638,-0.81881789455965859,0.84583266815385638,-0.81881789455965859,0
side,0.80000000000000004,1.375,4,1,0.72439757034251451,0,-0.72439757034251451,0.18333067261541652,-0.37768129686857632,0.18333067261541652,-1.1020788672110908,0.9833306726154678,-1.1020788672110908,0.9833306726154678,-1.1020788672110908,0
side,0.80000000000000004,1.3999999999999999,0,1,0.63927861206707459,0,-0.63927861206707459,0,0,0,-0.63927861206707459,0.80000000000002292,-0.63927861206707459,0.80000000000002292,-0.63927861206707459,0
side,0.80000000000000004,1.3999999999999999,1,1,0.63927861206707459,0,-0.63927861206707459,0.044130009924919396,-0.090912661484803592,0.044130009924919396,-0.73019127355187818,0.84413000992489273,-0.73019127355187818,0.84413000992489273,-0.73019127355187818,0
side,0.80000000000000004,1.3999999999999999,4,1,0.63927861206707459,0,-0.63927861206707459,0.17652003969967758,-0.36365064593921415,0.17652003969967758,-1.0029292580062887,0.97652003969972423,-1.0029292580062887,0.97652003969972423,-1.0029292580062887,0
side,0.80000000000000004,1.425,0,1,0.56416139503777152,0,-0.56416139503777152,0,0,0,-0.56416139503777152,0.80000000000002292,-0.56416139503777152,0.80000000000002292,-0.56416139503777152,0
side,0.80000000000000004,1.425,1,1,0.56416139503777152,0,-0.56416139503777152,0.042490604505854401,-0.087535306479595509,0.042490604505854401,-0.65169670151736703,0.84249060450580782,-0.65169670151736703,0.84249060450580782,-0.65169670151736703,0
side,0.80000000000000004,1.425,4,1,0.56416139503777152,0,-0.56416139503777152,0.16996241802341761,-0.35014122591838204,0.16996241802341761,-0.91430262095615356,0.96996241802338456,-0.91430262095615356,0.96996241802338456,-0.91430262095615356,0
side,0.80000000000000004,1.4500000000000002,0,1,0.49787068367864118,0,-0.49787068367864118,0,0,0,-0.49787068367864118,0.80000000000002292,-0.49787068367864123,0.80000000000002292,-0.49787068367864123,0
side,0.80000000000000004,1.4500000000000002,1,1,0.49787068367864118,0,-0.49787068367864118,0.040912102089817014,-0.084283418341652538,0.040912102089817014,-0.58215410202029372,0.84091210208980804,-0.58215410202029372,0.84091210208980804,-0.58215410202029372,0
side,0.80000000000000004,1.4500000000000002,4,1,0.49787068367864118,0,-0.49787068367864118,0.16364840835926805,-0.33713367336661015,0.16364840835926805,-0.83500435704525133,0.96364840835927446,-0.83500435704525133,0.96364840835927446,-0.83500435704525133,0
side,0.80000000000000004,1.4750000000000001,0,1,0.43936933623407498,0,-0.43936933623407498,0,0,0,-0.43936933623407498,0.80000000000002292,-0.43936933623407498,0.80000000000002292,-0.43936933623407498,0
side,0.80000000000000004,1.4750000000000001,1,1,0.43936933623407498,0,-0.43936933623407498,0.039392240163987007,-0.081152336046368456,0.039392240163987007,-0.52052167228044344,0.83939224016393865,-0.52052167228044344,0.83939224016393865,-0.52052167228044344,0
side,0.80000000000000004,1.4750000000000001,4,1,0.43936933623407498,0,-0.43936933623407498,0.15756896065594803,-0.32460934418547377,0.15756896065594803,-0.76397868041954875,0.95756896065590791,-0.76397868041954875,0.95756896065590791,-0.76397868041954875,0
side,0.80000000000000004,1.5,0,1,0.38774207831722007,0,-0.38774207831722007,0,0,0,-0.38774207831722007,0.80000000000002292,-0.38774207831722007,0.80000000000002292,-0.38774207831722007,0
side,0.80000000000000004,1.5,1,1,0.38774207831722007,0,-0.38774207831722007,0.037928840266642283,-0.078137571723619625,0.037928840266642283,-0.4658796500408397,0.83792884026667735,-0.4658796500408397,0.83792884026667735,-0.4658796500408397,0
side,0.80000000000000004,1.5,4,1,0.38774207831722007,0,-0.38774207831722007,0.15171536106656913,-0.3125502868944785,0.15171536106656913,-0.70029236521169858,0.95171536106652965,-0.70029236521169858,0.95171536106652965,-0.70029236521169858,0
side,0.80000000000000004,1.5249999999999999,0,1,0.34218118311665979,0,-0.34218118311665979,0,0,0,-0.34218118311665979,0.80000000000002292,-0.34218118311665979,0.80000000000002292,-0.34218118311665979,0
side,0.80000000000000004,1.5249999999999999,1,1,0.34218118311665979,0,-0.34218118311665979,0.036519804864706629,-0.075234804225170815,0.036519804864706629,-0.41741598734183061,0.83651980486465494,-0.41741598734183061,0.83651980486465494,-0.41741598734183061,0
side,0.80000000000000004,1.5249999999999999,4,1,0.34218118311665979,0,-0.34218118311665979,0.14607921945882651,-0.30093921690068326,0.14607921945882651,-0.64312040001734305,0.94607921945877305,-0.64312040001734305,0.94607921945877305,-0.64312040001734305,0
side,0.80000000000000004,1.55,0,1,0.30197383422318391,0,-0.30197383422318391,0,0,0,-0.30197383422318391,0.80000000000002292,-0.30197383422318391,0.80000000000002292,-0.30197383422318391,0
side,0.80000000000000004,1.55,1,1,0.30197383422318391,0,-0.30197383422318391,0.035163114347295535,-0.072439872931049587,0.035163114347295535,-0.3744137071542335,0.83516311434728152,-0.3744137071542335,0.83516311434728152,-0.3744137071542335,0
side,0.80000000000000004,1.55,4,1,0.30197383422318391,0,-0.30197383422318391,0.14065245738918214,-0.28975949172419835,0.14065245738918214,-0.59173332594738226,0.94065245738916836,-0.59173332594738226,0.94065245738916836,-0.59173332594738226,0
side,0.80000000000000004,1.5750000000000002,0,1,0.26649097336355582,0,-0.26649097336355582,0,0,0,-0.26649097336355582,0.80000000000002292,-0.26649097336355582,0.80000000000002292,-0.26649097336355582,0
side,0.80000000000000004,1.5750000000000002,1,1,0.26649097336355582,0,-0.26649097336355582,0.033856824130949967,-0.069748771786010577,0.033856824130949967,-0.33623974514956639,0.83385682413095186,-0.33623974514956639,0.83385682413095186,-0.33623974514956639,0
side,0.80000000000000004,1.5750000000000002,4,1,0.26649097336355582,0,-0.26649097336355582,0.13542729652379987,-0.27899508714404225,0.13542729652379987,-0.54548606050759807,0.93542729652384971,-0.54548606050759807,0.93542729652384971,-0.54548606050759807,0
side,0.80000000000000004,1.6000000000000001,0,1,0.23517745856009148,0,-0.23517745856009148,0,0,0,-0.23517745856009148,0.80000000000002292,-0.23517745856009148,0.80000000000002292,-0.23517745856009148,0
side,0.80000000000000004,1.6000000000000001,1,1,0.23517745856009148,0,-0.23517745856009148,0.032599061872408838,-0.067157643557540725,0.032599061872408838,-0.3023351021176322,0.83259906187238553,-0.3023351021176322,0.83259906187238553,-0.3023351021176322,0
side,0.80000000000000004,1.6000000000000001,4,1,0.23517745856009148,0,-0.23517745856009148,0.13039624748963535,-0.26863057423016296,0.13039624748963535,-0.50380803279025443,0.93039624748958438,-0.50380803279025443,0.93039624748958438,-0.50380803279025443,0
side,0.80000000000000004,1.625,0,1,0.20754337873699741,0,-0.20754337873699741,0,0,0,-0.20754337873699741,0.80000000000002292,-0.20754337873699741,0.80000000000002292,-0.20754337873699741,0
side,0.80000000000000004,1.625,1,1,0.20754337873699741,0,-0.20754337873699741,0.031388024784926041,-0.064662774307178428,0.031388024784926041,-0.27220615304417584,0.83138802478488483,-0.27220615304417584,0.83138802478488483,-0.27220615304417584,0
side,0.80000000000000004,1.625,4,1,0.20754337873699741,0,-0.20754337873699741,0.12555209913970417,-0.2586510972287136,0.12555209913970417,-0.46619447596571101,0.92555209913969261,-0.46619447596571101,0.92555209913969261,-0.46619447596571101,0
side,0.80000000000000004,1.6499999999999999,0,1,0.18315638888734148,0,-0.18315638888734148,0,0,0,-0.18315638888734148,0.80000000000002292,-0.18315638888734148,0.80000000000002292,-0.18315638888734148,0
side,0.80000000000000004,1.6499999999999999,1,1,0.18315638888734148,0,-0.18315638888734148,0.030221977054284217,-0.062260588067217848,0.030221977054284217,-0.24541697695455933,0.83022197705429068,-0.24541697695455933,0.83022197705429068,-0.24541697695455933,0
side,0.80000000000000004,1.6499999999999999,4,1,0.18315638888734148,0,-0.18315638888734148,0.12088790821713687,-0.24904235226887145,0.12088790821713687,-0.43219874115621293,0.92088790821709399,-0.43219874115621293,0.92088790821709399,-0.43219874115621293,0
side,0.80000000000000004,1.675,0,1,0.16163494588165819,0,-0.16163494588165819,0,0,0,-0.16163494588165819,0.80000000000002292,-0.16163494588165819,0.80000000000002292,-0.16163494588165819,0
side,0.80000000000000004,1.675,1,1,0.16163494588165819,0,-0.16163494588165819,0.029099247350802486,-0.059947641715172473,0.029099247350802486,-0.22158258759683067,0.8290992473507508,-0.22158258759683067,0.8290992473507508,-0.22158258759683067,0
side,0.80000000000000004,1.675,4,1,0.16163494588165819,0,-0.16163494588165819,0.11639698940320994,-0.23979056686068992,0.11639698940320994,-0.40142551274234811,0.9163969894031565,-0.40142551274234811,0.9163969894031565,-0.40142551274234811,0
side,0.80000000000000004,1.7000000000000002,0,1,0.14264233908999305,0,-0.14264233908999305,0,0,0,-0.14264233908999305,0.80000000000002292,-0.14264233908999305,0.80000000000002292,-0.14264233908999305,0
side,0.80000000000000004,1.7000000000000002,1,1,0.14264233908999305,0,-0.14264233908999305,0.028018226433771665,-0.057720620038648501,0.028018226433771665,-0.20036295912864155,0.82801822643374656,-0.20036295912864155,0.82801822643374656,-0.20036295912864155,0
side,0.80000000000000004,1.7000000000000002,4,1,0.14264233908999305,0,-0.14264233908999305,0.11207290573508666,-0.23088248015459398,0.11207290573508666,-0.37352481924458703,0.91207290573513955,-0.37352481924458703,0.91207290573513955,-0.37352481924458703,0
side,0.80000000000000004,1.7250000000000001,0,1,0.12588142242434019,0,-0.12588142242434019,0,0,0,-0.12588142242434019,0.80000000000002292,-0.12588142242434019,0.80000000000002292,-0.12588142242434019,0
side,0.80000000000000004,1.7250000000000001,1,1,0.12588142242434019,0,-0.12588142242434019,0.026977364844883209,-0.055576330983555466,0.026977364844883209,-0.18145775340789566,0.82697736484482753,-0.18145775340789566,0.82697736484482753,-0.18145775340789566,0
side,0.80000000000000004,1.7250000000000001,4,1,0.12588142242434019,0,-0.12588142242434019,0.10790945937953283,-0.22230532393422192,0.10790945937953283,-0.34818674635856212,0.90790945937957446,-0.34818674635856212,0.90790945937957446,-0.34818674635856212,0
side,0.80000000000000004,1.75,0,1,0.11108996538242306,0,-0.11108996538242306,0,0,0,-0.11108996538242306,0.80000000000002292,-0.11108996538242306,0.80000000000002292,-0.11108996538242306,0
side,0.80000000000000004,1.75,1,1,0.11108996538242306,0,-0.11108996538242306,0.025975170687346432,-0.053511701078844301,0.025975170687346432,-0.16460166646126737,0.82597517068738746,-0.16460166646126737,0.82597517068738746,-0.16460166646126737,0
side,0.80000000000000004,1.75,4,1,0.11108996538242306,0,-0.11108996538242306,0.10390068274938573,-0.2140468043153772,0.10390068274938573,-0.32513676969780025,0.90390068274937008,-0.32513676969780025,0.90390068274937008,-0.32513676969780025,0
side,0.80000000000000004,1.7750000000000001,0,1,0.098036550358218108,0,-0.098036550358218108,0,0,0,-0.098036550358218108,0.80000000000002292,-0.098036550358218108,0.80000000000002292,-0.098036550358218108,0
side,0.80000000000000004,1.7750000000000001,1,1,0.098036550358218108,0,-0.098036550358218108,0.025010207487509782,-0.051523771031212376,0.025010207487509782,-0.14956032138943048,0.82501020748748655,-0.14956032138943048,0.82501020748748655,-0.14956032138943048,0
side,0.80000000000000004,1.7750000000000001,4,1,0.098036550358218108,0,-0.098036550358218108,0.10004082995003913,-0.20609508412484956,0.10004082995003913,-0.30413163448306768,0.90004082994998846,-0.30413163448306768,0.90004082994998846,-0.30413163448306768,0
side,0.80000000000000004,1.8,0,1,0.086516952031206032,0,-0.086516952031206032,0,0,0,-0.086516952031206032,0.80000000000002292,-0.086516952031206032,0.80000000000002292,-0.086516952031206032,0
side,0.80000000000000004,1.8,1,1,0.086516952031206032,0,-0.086516952031206032,0.024081092135922029,-0.049609691483463766,0.024081092135922029,-0.1361266435146698,0.82408109213594205,-0.1361266435146698,0.82408109213594205,-0.1361266435146698,0
side,0.80000000000000004,1.8,4,1,0.086516952031206032,0,-0.086516952031206032,0.096324368543688116,-0.19843876593385501,0.096324368543688116,-0.28495571796506103,0.89632436854369946,-0.28495571796506103,0.89632436854369946,-0.28495571796506103,0
side,0.80000000000000004,1.825,0,1,0.076350942188599891,0,-0.076350942188599891,0,0,0,-0.076350942188599891,0.80000000000002292,-0.076350942188599891,0.80000000000002292,-0.076350942188599891,0
side,0.80000000000000004,1.825,1,1,0.076350942188599891,0,-0.076350942188599891,0.023186492904881763,-0.047766718930443722,0.023186492904881763,-0.12411766111904361,0.82318649290491486,-0.1241176611190436,0.82318649290491486,-0.1241176611190436,0
side,0.80000000000000004,1.825,4,1,0.076350942188599891,0,-0.076350942188599891,0.092745971619527051,-0.19106687572177489,0.092745971619527051,-0.26741781791037478,0.89274597161947966,-0.26741781791037478,0.89274597161947966,-0.26741781791037478,0
side,0.80000000000000004,1.8500000000000001,0,1,0.067379469990854785,0,-0.067379469990854785,0,0,0,-0.067379469990854785,0.80000000000002292,-0.067379469990854785,0.80000000000002292,-0.067379469990854785,0
side,0.80000000000000004,1.8500000000000001,1,1,0.067379469990854785,0,-0.067379469990854785,0.022325127539633803,-0.045992211786693854,0.022325127539633803,-0.11337168177754864,0.82232512753965814,-0.11337168177754864,0.82232512753965814,-0.11337168177754864,0
side,0.80000000000000004,1.8500000000000001,4,1,0.067379469990854785,0,-0.067379469990854785,0.089300510158535212,-0.18396884714677539,0.089300510158535212,-0.25134831713763017,0.88930051015856382,-0.25134831713763017,0.88930051015856382,-0.25134831713763017,0
side,0.80000000000000004,1.875,0,1,0.059462173564720992,0,-0.059462173564720992,0,0,0,-0.059462173564720992,0.80000000000002292,-0.059462173564720992,0.80000000000002292,-0.059462173564720992,0
side,0.80000000000000004,1.875,1,1,0.059462173564720992,0,-0.059462173564720992,0.021495761420476756,-0.044283626600192146,0.021495761420476756,-0.10374580016491314,0.82149576142043212,-0.10374580016491314,0.82149576142043212,-0.10374580016491314,0
side,0.80000000000000004,1.875,4,1,0.059462173564720992,0,-0.059462173564720992,0.085983045681907025,-0.17713450640076858,0.085983045681907025,-0.23659667996548958,0.8859830456818818,-0.23659667996548958,0.8859830456818818,-0.23659667996548958,0
side,0.80000000000000004,1.9000000000000001,0,1,0.052475183991813792,0,-0.052475183991813792,0,0,0,-0.052475183991813792,0.80000000000002292,-0.052475183991813792,0.80000000000002292,-0.052475183991813792,0
side,0.80000000000000004,1.9000000000000001,1,1,0.052475183991813792,0,-0.052475183991813792,0.020697205793147117,-0.04263851440675008,0.020697205793147117,-0.095113698398563873,0.82069720579314165,-0.095113698398563873,0.82069720579314165,-0.095113698398563873,0
side,0.80000000000000004,1.9000000000000001,4,1,0.052475183991813792,0,-0.052475183991813792,0.082788823172588469,-0.17055405762700032,0.082788823172588469,-0.2230292416188141,0.88278882317260887,-0.2230292416188141,0.88278882317260887,-0.2230292416188141,0
side,0.80000000000000004,1.925,0,1,0.046309187335332333,0,-0.046309187335332333,0,0,0,-0.046309187335332333,0.80000000000002292,-0.046309187335332333,0.80000000000002292,-0.046309187335332333,0
side,0.80000000000000004,1.925,1,1,0.046309187335332333,0,-0.046309187335332333,0.019928316064943628,-0.04105451721984181,0.019928316064943628,-0.087363704555174143,0.81992831606492178,-0.087363704555174143,0.81992831606492178,-0.087363704555174143,0
side,0.80000000000000004,1.925,4,1,0.046309187335332333,0,-0.046309187335332333,0.079713264259774513,-0.16421806887936724,0.079713264259774513,-0.21052725621469959,0.8797132642597294,-0.21052725621469959,0.8797132642597294,-0.21052725621469959,0
side,0.80000000000000004,1.9500000000000002,0,1,0.040867714384640846,0,-0.040867714384640846,0,0,0,-0.040867714384640846,0.80000000000002292,-0.040867714384640846,0.80000000000002292,-0.040867714384640846,0
side,0.80000000000000004,1.9500000000000002,1,1,0.040867714384640846,0,-0.040867714384640846,0.019187990164149821,-0.039529364650834703,0.019187990164149821,-0.080397079035475549,0.81918799016411636,-0.080397079035475549,0.81918799016411636,-0.080397079035475549,0
side,0.80000000000000004,1.9500000000000002,4,1,0.040867714384640846,0,-0.040867714384640846,0.076751960656599283,-0.15811745860333878,0.076751960656599283,-0.19898517298797963,0.87675196065661876,-0.19898517298797963,0.87675196065661876,-0.19898517298797963,0
side,0.80000000000000004,1.9750000000000001,0,1,0.036065631360157398,0,-0.036065631360157398,0,0,0,-0.036065631360157398,0.80000000000002292,-0.036065631360157398,0.80000000000002292,-0.036065631360157398,0
side,0.80000000000000004,1.9750000000000001,1,1,0.036065631360157398,0,-0.036065631360157398,0.018475166960402713,-0.038060870654775585,0.018475166960402713,-0.074126502014932982,0.81847516696043066,-0.074126502014932982,0.81847516696043066,-0.074126502014932982,0
side,0.80000000000000004,1.9750000000000001,4,1,0.036065631360157398,0,-0.036065631360157398,0.073900667841610854,-0.15224348261910231,0.073900667841610854,-0.1883091139792597,0.87390066784165388,-0.1883091139792597,0.87390066784165388,-0.1883091139792597,0
side,0.80000000000000004,2,0,1,0.031827807965096697,0,-0.031827807965096697,0,0,0,-0.031827807965096697,0.80000000000002292,-0.031827807965096697,0.80000000000002292,-0.031827807965096697,0
side,0.80000000000000004,2,1,1,0.031827807965096697,0,-0.031827807965096697,0.017788824743744568,-0.036646930397070426,0.017788824743744568,-0.068474738362167123,0.81778882474370374,-0.068474738362167123,0.81778882474370374,-0.068474738362167123,0
side,0.80000000000000004,2,4,1,0.031827807965096697,0,-0.031827807965096697,0.07115529897497827,-0.14658772158828171,0.07115529897497827,-0.17841552955337842,0.87115529897496824,-0.17841552955337842,0.87115529897496824,-0.17841552955337842,0
edge,0,0.75,0,1,16.487212707001216,1.4369552693173364,-16.424473885025467,0,0,1.4369552693173364,-16.424473885025467,5.4369552693173366,-16.424473885025467,0.94277133986286232,-2.8480137290282115,1
edge,0,0.75,1,1,16.487212707001216,1.4369552693173364,-16.424473885025467,0.051125195297402115,-0.58436365623818531,1.4880804646147385,-17.008837541263652,5.4880804646147388,-17.008837541263652,0.92121490616843071,-2.8550592107087884,1
edge,0,0.75,4,1,16.487212707001216,1.4369552693173364,-16.424473885025467,0.20450078118960802,-2.3374546249527448,1.6414560505069444,-18.761928509978212,5.6414560505069442,-18.761928509978212,0.86385254758709706,-2.8729355676776471,1
edge,0,0.77500000000000002,0,1,14.549914146182054,1.2681085743251443,-14.494547330116649,0,0,1.2681085743251443,-14.494547330116649,5.2681085743251446,-14.494547330116649,1.0247763101194749,-2.8195449126087553,1
edge,0,0.77500000000000002,1,1,14.549914146182054,1.2681085743251443,-14.494547330116649,0.047600766446509235,-0.54407925013513392,1.3157093407716536,-15.038626580251783,5.3157093407716536,-15.038626580251783,0.99979133841310097,-2.8285008890990539,1
edge,0,0.77500000000000002,4,1,14.549914146182054,1.2681085743251443,-14.494547330116649,0.19040306578603716,-2.1763170005405357,1.4585116401111815,-16.670864330657185,5.4585116401111815,-16.670864330657185,0.93351763403263655,-2.8510602987222327,1
edge,0,0.80000000000000004,0,1,12.840254166877404,1.1191018889829065,-12.791393123193714,0,0,1.1191018889829065,-12.791393123193714,5.1191018889829065,-12.791393123193714,1.1146496661390941,-2.7852389703176286,1
edge,0,0.80000000000000004,1,1,12.840254166877404,1.1191018889829065,-12.791393123193714,0.044319301923728904,-0.50657193901009734,1.1634211909066354,-13.297965062203811,5.1634211909066359,-13.297965062203811,1.0858754703095033,-2.7965826401127707,1
edge,0,0.80000000000000004,4,1,12.840254166877404,1.1191018889829065,-12.791393123193714,0.17727720769491606,-2.0262877560403858,1.2963790966778226,-14.8176808792341,5.296379096677823,-14.8176808792341,1.0097446974193842,-2.8249629459575991,1
edge,0,0.82499999999999996,0,1,11.331484530668222,0.9876039507039851,-11.288364810960314,0,0,0.9876039507039851,-11.288364810960314,4.9876039507039849,-11.288364810960314,1.2124349690833303,-2.7440848102316195,1
edge,0,0.82499999999999996,1,1,11.331484530668222,0.9876039507039851,-11.288364810960314,0.041264052443648946,-0.47165027765479728,1.028868003147634,-11.760015088615111,5.0288680031476343,-11.760015088615111,1.1795503277186727,-2.7583801450088008,1
edge,0,0.82499999999999996,4,1,11.331484530668222,0.9876039507039851,-11.288364810960314,0.16505620977459601,-1.8866011106191856,1.1526601604785811,-13.174965921579499,5.1526601604785807,-13.174965921579499,1.0926902156873604,-2.7939270020065141,1
edge,0,0.84999999999999998,0,1,10.000000000000018,0.87155742747658538,-9.9619469809174728,0,0,0.87155742747658538,-9.9619469809174728,4.8715574274765849,-9.9619469809174728,1.3179081745638752,-2.6950172621743476,1
edge,0,0.84999999999999998,1,1,10.000000000000018,0.87155742747658538,-9.9619469809174728,0.038419423370036787,-0.43913601856145057,0.90997685084662217,-10.401082999478923,4.9099768508466219,-10.401082999478923,1.2806679295658538,-2.7129116561697155,1
edge,0,0.84999999999999998,4,1,10.000000000000018,0.87155742747658538,-9.9619469809174728,0.15367769348014715,-1.7565440742458023,1.0252351209567325,-11.718491055163275,5.025235120956733,-11.718491055163275,1.1823590952548466,-2.7571773555337606,1
edge,0,0.875,0,1,8.8249690258459399,0.76914673017268409,-8.7913873543716008,0,0,0.76914673017268409,-8.7913873543716008,4.7691467301726842,-8.7913873543716008,1.4305062017965819,-2.6369778168618554,1
edge,0,0.875,1,1,8.8249690258459399,0.76914673017268409,-8.7913873543716008,0.035770895117532175,-0.40886320210998051,0.80491762529021627,-9.2002505564815813,4.8049176252902166,-9.2002505564815813,1.3887854414458878,-2.659186905358093,1
edge,0,0.875,4,1,8.8249690258459399,0.76914673017268409,-8.7913873543716008,0.14308358047012859,-1.635452808439922,0.91223031064281268,-10.426840162811523,4.9122303106428129,-10.426840162811523,1.2785591556598581,-2.7139061305576417,1
edge,0,0.90000000000000002,0,1,7.7880078307140144,0.67876960701046318,-7.7583721096542968,0,0,0.67876960701046318,-7.7583721096542968,4.6787696070104632,-7.7583721096542968,1.5492650187014101,-2.5690032895712926,1
edge,0,0.90000000000000002,1,1,7.7880078307140144,0.67876960701046318,-7.7583721096542968,0.033304949040630527,-0.38067730947520584,0.71207455605109371,-8.1390494191295026,4.7120745560510935,-8.1390494191295026,1.5031072141151538,-2.5962797813169098,1
edge,0,0.90000000000000002,4,1,7.7880078307140144,0.67876960701046318,-7.7583721096542968,0.13321979616252222,-1.5227092379008225,0.8119894031729854,-9.2810813475551193,4.8119894031729853,-9.2810813475551193,1.380855794851011,-2.6633132136169007,1
edge,0,0.92500000000000004,0,1,6.8728927879097279,0.59901207575530258,-6.8467393558686664,0,0,0.59901207575530258,-6.8467393558686664,4.5990120757553026,-6.8467393558686664,1.672782795400148,-2.4903408841789645,1
edge,0,0.92500000000000004,1,1,6.8728927879097279,0.59901207575530258,-6.8467393558686664,0.031008998431670598,-0.35443447393023497,0.63002107418697317,-7.2011738297989014,4.6300210741869732,-7.2011738297989014,1.6224451052061086,-2.5234246334282973,1
edge,0,0.92500000000000004,4,1,6.8728927879097279,0.59901207575530258,-6.8467393558686664,0.12403599372668217,-1.417737895720939,0.72304806948198475,-8.2644772515896054,4.723048069481985,-8.2644772515896054,1.4885331446656018,-2.6046629488730271,1
edge,0,0.94999999999999996,0,1,6.0653065971263267,0.52862630146481238,-6.0422262743581339,0,0,0.52862630146481238,-6.0422262743581339,4.5286263014648123,-6.0422262743581339,1.7992260527163746,-2.4005802655247028,1
edge,0,0.94999999999999996,1,1,6.0653065971263267,0.52862630146481238,-6.0422262743581339,0.028871324275628218,-0.33000074652041622,0.55749762574044059,-6.3722270208785501,4.5574976257404405,-6.3722270208785501,1.7452120241454692,-2.4401301175916981,1
edge,0,0.94999999999999996,4,1,6.0653065971263267,0.52862630146481238,-6.0422262743581339,0.11548529710251298,-1.3200029860816667,0.64411159856732536,-7.3622292604398005,4.6441115985673251,-7.3622292604398005,1.6005701291263479,-2.5373559588178529,1
edge,0,0.97499999999999998,0,1,5.3526142851899241,0.46651107366745198,-5.3322459718363406,0,0,0.46651107366745198,-5.3322459718363406,4.4665110736674523,-5.3322459718363406,1.9263944160284292,-2.2997835884914228,1
edge,0,0.97499999999999998,1,1,5.3526142851899241,0.46651107366745198,-5.3322459718363406,0.026881015433802891,-0.30725141235970277,0.49339208910125487,-5.6394973841960434,4.4933920891012544,-5.6394973841960434,1.8694629158434679,-2.3462967430156909,1
edge,0,0.97499999999999998,4,1,5.3526142851899241,0.46651107366745198,-5.3322459718363406,0.10752406173521151,-1.2290056494388102,0.57403513540266349,-6.5612516212751508,4.5740351354026636,-6.5612516212751508,1.7156409229813401,-2.4610112196801817,1
edge,0,1,0,1,4.7236655274101533,0.41169457753294031,-4.705690553964744,0,0,0.41169457753294031,-4.705690553964744,4.4116945775329404,-4.705690553964744,2.0518505368246664,-2.1885861588094557,1
edge,0,1,1,1,4.7236655274101533,0.41169457753294031,-4.705690553964744,0.025027912951063269,-0.28607035405961145,0.43672249048400358,-4.9917609080243555,4.4367224904840032,-4.9917609080243555,1.992991563157988,-2.2423167994690401,1
edge,0,1,4,1,4.7236655274101533,0.41169457753294031,-4.705690553964744,0.10011165180425313,-1.1442814162384449,0.51180622933719344,-5.8499719702031889,4.5118062293371937,-5.8499719702031889,1.8321483164891055,-2.3755488937056497,1
edge,0,1.0249999999999999,0,1,4.1686201967850778,0.36331918948369318,-4.152757338395463,0,0,0.36331918948369318,-4.152757338395463,4.3633191894836933,-4.152757338395463,2.1731063040833716,-2.0682381369545211,1
edge,0,1.0249999999999999,1,1,4.1686201967850778,0.36331918948369318,-4.152757338395463,0.023302558202407286,-0.2663494590416553,0.38662174768610047,-4.4191067974371183,4.3866217476861005,-4.4191067974371183,2.1134802385821319,-2.1291315791004588,1
edge,0,1.0249999999999999,4,1,4.1686201967850778,0.36331918948369318,-4.152757338395463,0.093210232809629201,-1.0653978361666212,0.45652942229332238,-5.2181551745620842,4.4565294222933227,-5.2181551745620842,1.9482945670836653,-2.2812602394010804,1
edge,0,1.05,0,1,3.678794411714402,0.32062805936890432,-3.6647954883194291,0,0,0.32062805936890432,-3.6647954883194291,4.3206280593689046,-3.6647954883194291,2.2878387439430559,-1.9405653510544445,1
edge,0,1.05,1,1,3.678794411714402,0.32062805936890432,-3.6647954883194291,-0.22629192309383747,-0.26968421232213391,0.094336136275066845,-3.934479700641563,4.094336136275067,-3.934479700641563,2.1631278354676295,-2.0786721644899009,1
edge,0,1.05,4,1,3.678794411714402,0.32062805936890432,-3.6647954883194291,-0.90516769237535,-1.0787368492885347,-0.58453963300644562,-4.7435323376079639,3.4154603669935542,-4.7435323376079639,1.7529537533359627,-2.4345745292895349,1
edge,0,1.075,0,1,3.2465246735834974,0.2829532692747706,-3.2341706670479149,0,0,0.2829532692747706,-3.2341706670479149,4.2829532692747705,-3.2341706670479149,2.3940961731373536,-1.8078449916320469,1
edge,0,1.075,1,1,3.2465246735834974,0.2829532692747706,-3.2341706670479149,0.020200472713309325,-0.23089245965362748,0.30315374198807993,-3.4650631267015424,4.3031537419880799,-3.4650631267015424,2.3366241243161792,-1.8815386527158158,1
edge,0,1.075,4,1,3.2465246735834974,0.2829532692747706,-3.2341706670479149,0.080801890853237412,-0.92356983861450948,0.36375516012800801,-4.1577405056624244,4.363755160128008,-4.1577405056624244,2.171970492574899,-2.0694308829685402,1
edge,0,1.1000000000000001,0,1,2.865047968601897,0.24970538371116552,-2.8541455960997357,0,0,0.24970538371116552,-2.8541455960997357,4.2497053837111656,-2.8541455960997357,2.4904540034300475,-1.6726143777928149,1
edge,0,1.1000000000000001,1,1,2.865047968601897,0.24970538371116552,-2.8541455960997357,0.018807908275788765,-0.21497537529780519,0.26851329198695428,-3.0691209713975409,4.2685132919869542,-3.0691209713975409,2.4357412867219117,-1.7513321741343888,1
edge,0,1.1000000000000001,4,1,2.865047968601897,0.24970538371116552,-2.8541455960997357,0.075231633103154949,-0.85990150119121989,0.32493701681432047,-3.7140470972909556,4.3249370168143209,-3.7140470972909556,2.2759595163325503,-1.954484146780245,1
edge,0,1.125,0,1,2.5283959580474731,0.22036422768380332,-2.5187746480834923,0,0,0.22036422768380332,-2.5187746480834923,4.2203642276838034,-2.5187746480834923,2.5760920351117611,-1.5374491297710453,1
edge,0,1.125,1,1,2.5283959580474731,0.22036422768380332,-2.5187746480834923,0.017511343359674275,-0.2001555704926905,0.23787557104347759,-2.7189302185761828,4.2378755710434772,-2.7189302185761828,2.5250028874483839,-1.6199877834037271,1
edge,0,1.125,4,1,2.5283959580474731,0.22036422768380332,-2.5187746480834923,0.070045373438697101,-0.80062228197076157,0.29040960112250042,-3.3193969300542538,4.2904096011225006,-3.3193969300542538,2.3727627598972103,-1.8357551267107977,1
edge,0,1.1499999999999999,0,1,2.2313016014842995,0.19447074837140288,-2.2228108252422802,0,0,0.19447074837140288,-2.2228108252422802,4.194470748371403,-2.2228108252422802,2.6507863373037921,-1.4047532857991631,1
edge,0,1.1499999999999999,1,1,2.2313016014842995,0.19447074837140288,-2.2228108252422802,0.016304160024809916,-0.18635740183616845,0.2107749083962128,-2.4091682270784487,4.2107749083962132,-2.4091682270784487,2.6039269234273195,-1.4898203171692663,1
edge,0,1.1499999999999999,4,1,2.2313016014842995,0.19447074837140288,-2.2228108252422802,0.065216640099239664,-0.74542960734467423,0.25968738847064254,-2.9682404325869545,4.2596873884706428,-2.9682404325869545,2.4613659579490292,-1.7151319544133214,1
edge,0,1.175,0,1,1.9691167520419355,0.17161983308107115,-1.9616236683078145,0,0,0.17161983308107115,-1.9616236683078145,4.1716198330810714,-1.9616236683078145,2.71482996231371,-1.2765963636654065,1
edge,0,1.175,1,1,1.9691167520419355,0.17161983308107115,-1.9616236683078145,0.015180196553438746,-0.17351044057200249,0.1868000296345099,-2.135134108879817,4.1868000296345098,-2.135134108879817,2.6725409631114005,-1.3629104154314717,1
edge,0,1.175,4,1,1.9691167520419355,0.17161983308107115,-1.9616236683078145,0.060720786213754985,-0.69404176228800929,0.23234061929482613,-2.6556654305958238,4.2323406192948259,-2.6556654305958238,2.5411702854893514,-1.5945073158019585,1
edge,0,1.2,0,1,1.7377394345044554,0.15145397111613182,-1.7311268113182865,0,0,0.15145397111613182,-1.7311268113182865,4.1514539711161316,-1.7311268113182865,2.768909964810045,-1.1546157831831481,1
edge,0,1.2,1,1,1.7377394345044554,0.15145397111613182,-1.7311268113182865,0.01413371599949817,-0.16154911310663844,0.16558768711562999,-1.8926759244249249,4.1655876871156297,-1.8926759244249249,2.7312903390406107,-1.24098875251286,1
edge,0,1.2,4,1,1.7377394345044554,0.15145397111613182,-1.7311268113182865,0.056534863997992735,-0.64619645242655421,0.20798883511412455,-2.3773232637448407,4.2079888351141248,-2.3773232637448407,2.611982334609642,-1.475651816549949,1
edge,0,1.2250000000000001,0,1,1.5335496684492835,0.13365766039412297,-1.5277140489695304,0,0,0.13365766039412297,-1.5277140489695304,4.1336576603941229,-1.5277140489695304,2.8139706675550693,-1.0399851355378484,1
edge,0,1.2250000000000001,1,1,1.5335496684492835,0.13365766039412297,-1.5277140489695304,0.013159376906039993,-0.15041236630778609,0.14681703730016296,-1.6781264152773165,4.1468170373001634,-1.6781264152773165,2.7809213974281839,-1.1253782392271836,1
edge,0,1.2250000000000001,4,1,1.5335496684492835,0.13365766039412297,-1.5277140489695304,0.052637507624160029,-0.6016494652311446,0.186295168018283,-2.129363514200675,4.1862951680182832,-2.129363514200675,2.6739646937961385,-1.3601150011420815,1
edge,0,1.25,0,1,1.3533528323661226,0.11795247130451719,-1.3482029162505782,0,0,0.11795247130451719,-1.3482029162505782,4.117952471304517,-1.3482029162505782,2.8510871156924029,-0.93343572822812704,1
edge,0,1.25,1,1,1.3533528323661226,0.11795247130451719,-1.3482029162505782,0.012252206041310526,-0.14004335587638694,0.13020467734582772,-1.4882462721269651,4.1302046773458274,-1.4882462721269651,2.8223631904085984,-1.0169887027035251,1
edge,0,1.25,4,1,1.3533528323661226,0.11795247130451719,-1.3482029162505782,0.04900882416524216,-0.56017342350554777,0.16696129546975935,-1.908376339756126,4.1669612954697595,-1.908376339756126,2.7275615132851159,-1.2491629962682251,1
edge,0,1.2749999999999999,0,1,1.1943296826671994,0.10409269057843407,-1.189784897646661,0,0,0.10409269057843407,-1.189784897646661,4.1040926905784341,-1.189784897646661,2.881362899322172,-0.83531302061546353,1
edge,0,1.2749999999999999,1,1,1.1943296826671994,0.10409269057843407,-1.189784897646661,0.011407573014328903,-0.13038915620134883,0.11550026359276297,-1.3201740538480098,4.1155002635927627,-1.3201740538480098,2.856624160539929,-0.91635059088732396,1
edge,0,1.2749999999999999,4,1,1.1943296826671994,0.10409269057843407,-1.189784897646661,0.045630292057315613,-0.52155662480539577,0.14972298263574968,-1.7113415224520567,4.1497229826357493,-1.7113415224520567,2.7734145584485739,-1.1437533331035592,1
edge,0,1.3,0,1,1.0539922456186432,0.091861477017164683,-1.0499814869151052,0,0,0.091861477017164683,-1.0499814869151052,4.0918614770171651,-1.0499814869151052,2.9058572162447307,-0.7456499438734131,1
edge,0,1.3,1,1,1.0539922456186432,0.091861477017164683,-1.0499814869151052,0.010621166640397667,-0.12140049021608967,0.10248264365756235,-1.1713819771311949,4.1024826436575621,-1.1713819771311949,2.8847122066369395,-0.82367195222360257,1
edge,0,1.3,4,1,1.0539922456186432,0.091861477017164683,-1.0499814869151052,0.042484666561590667,-0.48560196086435892,0.13434614357875535,-1.5355834477794641,4.134346143578755,-1.5355834477794641,2.8122826618969876,-1.0445411574435877,1
edge,0,1.3250000000000002,0,1,0.93014489210663198,0.08106746893449375,-0.92660540997374552,0,0,0.08106746893449375,-0.92660540997374552,4.0810674689344939,-0.92660540997374552,2.9255394668987833,-0.66424304860313299,1
edge,0,1.3250000000000002,1,1,0.93014489210663198,0.08106746893449375,-0.92660540997374552,0.0098889729359082912,-0.11303147787802326,0.090956441870402041,-1.0396368878517688,4.0909564418704019,-1.0396368878517688,2.9075797115888466,-0.73890474403465489,1
edge,0,1.3250000000000002,4,1,0.93014489210663198,0.08106746893449375,-0.92660540997374552,0.039555891743633179,-0.45212591151209347,0.12062336067812693,-1.378731321485839,4.1206233606781266,-1.378731321485839,2.8449730365872568,-0.95190777972001184,1
edge,0,1.3500000000000001,0,1,0.82084998623899064,0.071541790235064323,-0.81772640421996479,0,0,0.071541790235064323,-0.81772640421996479,4.0715417902350639,-0.81772640421996479,2.9412662260056002,-0.59072242869115388,1
edge,0,1.3500000000000001,1,1,0.82084998623899064,0.071541790235064323,-0.81772640421996479,0.0092072546301246866,-0.10523940198716653,0.08074904486518901,-0.92296580620713131,4.0807490448651889,-0.92296580620713131,2.9260907602475785,-0.66181029214854925,1
edge,0,1.3500000000000001,4,1,0.82084998623899064,0.071541790235064323,-0.81772640421996479,0.036829018520498746,-0.42095760794866632,0.10837080875556307,-1.2386840121686311,4.1083708087555628,-1.2386840121686311,2.8722883556477861,-0.86600207968002896,1
edge,0,1.375,0,1,0.72439757034251395,0.063135408287800968,-0.72164101888575471,0,0,0.063135408287800968,-0.72164101888575471,4.0631354082878008,-0.72164101888575471,2.9537744474870258,-0.52461082086887245,1
edge,0,1.375,1,1,0.72439757034251395,0.063135408287800968,-0.72164101888575471,0.008572532089366619,-0.097984490148560033,0.071707940377167587,-0.81962550903431475,4.0717079403771672,-0.81962550903431475,2.9410057783279897,-0.59201774622166292,1
edge,0,1.375,4,1,0.72439757034251395,0.063135408287800968,-0.72164101888575471,0.034290128357466462,-0.39193796059424013,0.09742553664526743,-1.1135789794799948,4.0974255366452672,-1.1135789794799948,2.8949899280691445,-0.78678670322916,1
edge,0,1.3999999999999999,0,1,0.63927861206707903,0.05571680225739864,-0.63684596394467385,0,0,0.05571680225739864,-0.63684596394467385,4.0557168022573986,-0.63684596394467385,2.9636852547615318,-0.46537050906678129,1
edge,0,1.3999999999999999,1,1,0.63927861206707903,0.05571680225739864,-0.63684596394467385,0.0079815655562276711,-0.09122971176560013,0.063698367813626311,-0.72807567571027398,4.0636983678136263,-0.72807567571027398,2.9529785114598615,-0.52907268957705844,1
edge,0,1.3999999999999999,4,1,0.63927861206707903,0.05571680225739864,-0.63684596394467385,0.031926262224910684,-0.36491884706240063,0.087643064482309324,-1.0017648110070745,4.0876430644823092,-1.0017648110070745,2.9137750688103101,-0.71408322230638799,1
edge,0,1.425,0,1,0.56416139503777396,0.049169905414072554,-0.56201459060467318,0,0,0.049169905414072554,-0.56201459060467318,4.0491699054140726,-0.56201459060467318,2.9715138178513891,-0.41243863824605265,1
edge,0,1.425,1,1,0.56416139503777396,0.049169905414072554,-0.56201459060467318,0.0074313386131712039,-0.084940589028076219,0.056601244027243758,-0.6469551796327494,4.0566012440272434,-0.6469551796327494,2.9625608919723843,-0.47247535528934043,1
edge,0,1.425,4,1,0.56416139503777396,0.049169905414072554,-0.56201459060467318,0.02972535445268483,-0.33976235611230465,0.078895259866757383,-0.90177694671697783,4.0788952598667576,-0.90177694671697783,2.9292657454352393,-0.64761268719793308,1
edge,0,1.4500000000000002,0,1,0.49787068367863896,0.043392289228295952,-0.49597613541597269,0,0,0.043392289228295952,-0.49597613541597269,4.0433922892282963,-0.49597613541597269,2.9776820836565578,-0.36525252726126839,1
edge,0,1.4500000000000002,1,1,0.49787068367863896,0.043392289228295952,-0.49597613541597269,0.0069190427861009346,-0.079085020930177607,0.050311332014396887,-0.57506115634615029,4.0503113320143971,-0.57506115634615029,2.9702123344094202,-0.4217092464271357,1
edge,0,1.4500000000000002,4,1,0.49787068367863896,0.043392289228295952,-0.49597613541597269,0.027676171144403752,-0.3163400837207106,0.071068460372699704,-0.81231621913668328,4.0710684603726994,-0.81231621913668328,2.9420054298868257,-0.58702985487659254,1
edge,0,1.4750000000000001,0,1,0.43936933623407198,0.038293560840025991,-0.43769740326047196,0,0,0.038293560840025991,-0.43769740326047196,4.0382935608400263,-0.43769740326047196,2.9825322321436212,-0.32326689317711949,1
edge,0,1.4750000000000001,1,1,0.43936933623407198,0.038293560840025991,-0.43769740326047196,0.0064420632093181926,-0.073633119420201731,0.044735624049344183,-0.51133052268067369,4.0447356240493439,-0.51133052268067369,2.9763110077301387,-0.37626159153494482,1
edge,0,1.4750000000000001,4,1,0.43936933623407198,0.038293560840025991,-0.43769740326047196,0.025768252837272777,-0.29453247768080709,0.064061813677298768,-0.73222988094127905,4.0640618136772986,-0.73222988094127905,2.9524614249117906,-0.53195068794751876,1
edge,0,1.5,0,1,0.38774207831722102,0.033793948830258033,-0.38626660264668994,0,0,0.033793948830258033,-0.38626660264668994,4.0337939488302581,-0.38626660264668994,2.986339583785997,-0.2859648410432199,1
edge,0,1.5,1,1,0.38774207831722102,0.033793948830258033,-0.38626660264668994,0.0059979652786968582,-0.068557056845651665,0.039791914108954891,-0.4548236594923416,4.0397919141089549,-0.4548236594923416,2.9811654843862891,-0.33563723676591872,1
edge,0,1.5,4,1,0.38774207831722102,0.033793948830258033,-0.38626660264668994,0.023991861114787447,-0.2742282273826066,0.05778580994504548,-0.66049483002929654,4.0577858099450452,-0.66049483002929654,2.961030483183559,-0.481973523814057,1
edge,0,1.5249999999999999,0,1,0.34218118311665979,0.029823055168804954,-0.3408790804075772,0,0,0.029823055168804954,-0.3408790804075772,4.029823055168805,-0.3408790804075772,2.9893242848525929,-0.25286423232741806,1
edge,0,1.5249999999999999,1,1,0.34218118311665979,0.029823055168804954,-0.3408790804075772,0.0055844822249517083,-0.063830923915038973,0.035407537393756662,-0.40471000432261617,4.0354075373937563,-0.40471000432261617,2.9850258136659922,-0.2993674861231263,1
edge,0,1.5249999999999999,4,1,0.34218118311665979,0.029823055168804954,-0.3408790804075772,0.022337928899806837,-0.25532369566015589,0.05216098406861179,-0.59620277606773309,4.0521609840686121,-0.59620277606773309,2.9680461108700809,-0.43669472603752263,1
edge,0,1.55,0,1,0.30197383422318641,0.026318753812080112,-0.30082473261557396,0,0,0.026318753812080112,-0.30082473261557396,4.0263187538120802,-0.30082473261557396,2.9916614909585295,-0.22352074515755366,1
edge,0,1.55,1,1,0.30197383422318641,0.026318753812080112,-0.30082473261557396,0.0051995035435712794,-0.059430597451412381,0.031518257355651391,-0.36025533006698635,4.0315182573556516,-0.36025533006698635,2.988093520586713,-0.26701519100550242,1
edge,0,1.55,4,1,0.30197383422318641,0.026318753812080112,-0.30082473261557396,0.020798014174285104,-0.23772238980564964,0.047116767986365216,-0.5385471224212236,4.0471167679863651,-0.5385471224212236,2.9737864516125301,-0.3957197748480048,1
edge,0,1.5750000000000002,0,1,0.26649097336355521,0.023226218719047176,-0.26547689475408226,0,0,0.023226218719047176,-0.26547689475408226,4.0232262187190475,-0.26547689475408226,2.9934900089304226,-0.19752864712172297,1
edge,0,1.5750000000000002,1,1,0.26649097336355521,0.023226218719047176,-0.26547689475408226,0.0048410642223583912,-0.055333617262582735,0.028067282941405567,-0.32081051201666499,4.0280672829414055,-0.32081051201666499,2.99053032880804,-0.23817714516568286,1
edge,0,1.5750000000000002,4,1,0.26649097336355521,0.023226218719047176,-0.26547689475408226,0.019364256889433565,-0.221334469050331,0.042590475608480741,-0.48681136380441326,4.0425904756084812,-0.48681136380441326,2.9784820466272701,-0.35867073747244627,1
edge,0,1.6000000000000001,0,1,0.23517745856009073,0.020497066078311196,-0.2342825373282536,0,0,0.020497066078311196,-0.2342825373282536,4.0204970660783115,-0.2342825373282536,2.9949194902644392,-0.17452004708398058,1
edge,0,1.6000000000000001,1,1,0.23517745856009073,0.020497066078311196,-0.2342825373282536,0.0045073347115946356,-0.051519071499578684,0.025004400789905831,-0.28580160882783229,4.0250044007899062,-0.28580160882783229,2.9924655873855137,-0.21248460723890414,1
edge,0,1.6000000000000001,4,1,0.23517745856009073,0.020497066078311196,-0.2342825373282536,0.018029338846378532,-0.20607628599831468,0.038526404924689728,-0.44035882332656828,4.0385264049246894,-0.44035882332656828,2.9823230610191764,-0.32519095884296539,1
edge,0,1.625,0,1,0.20754337873699835,0.018088597326181566,-0.20675361352184488,0,0,0.018088597326181566,-0.20675361352184488,4.018088597326182,-0.20675361352184488,2.9960363335920444,-0.15416318560648437,1
edge,0,1.625,1,1,0.20754337873699835,0.018088597326181566,-0.20675361352184488,0.0041966115856337562,-0.04796748991816821,0.022285208911815322,-0.25472110344001309,4.0222852089118151,-0.25472110344001309,2.9940024824892117,-0.18960257078540513,1
edge,0,1.625,4,1,0.20754337873699835,0.018088597326181566,-0.20675361352184488,0.016786446342535025,-0.19186995967267281,0.03487504366871659,-0.39862357319451769,4.0348750436687162,-0.39862357319451769,2.9854657703764276,-0.29494767995474169,1
edge,0,1.6499999999999999,0,1,0.18315638888734218,0.015963131112455207,-0.18245942353120018,0,0,0.015963131112455207,-0.18245942353120018,4.0159631311124553,-0.18245942353120018,2.9969084754341719,-0.13616016256902611,1
edge,0,1.6499999999999999,1,1,0.18315638888734218,0.015963131112455207,-0.18245942353120018,0.0039073088482582709,-0.044660744498634303,0.019870439960713478,-0.22712016802983448,4.0198704399607132,-0.22712016802983448,2.9952231642620388,-0.16922823720674321,1
edge,0,1.6499999999999999,4,1,0.18315638888734218,0.015963131112455207,-0.18245942353120018,0.015629235393033087,-0.17864297799453724,0.031592366505488294,-0.36110240152573742,4.031592366505488,-0.36110240152573742,2.9880382351355554,-0.26763315446333735,1
edge,0,1.675,0,1,0.16163494588165833,0.014087413762293463,-0.16101987611365426,0,0,0.014087413762293463,-0.16101987611365426,4.0140874137622937,-0.16101987611365426,2.9975892462567035,-0.12024437918741833,1
edge,0,1.675,1,1,0.16163494588165833,0.014087413762293463,-0.16101987611365426,0.0036379498374214687,-0.041581956916549478,0.017725363599714931,-0.20260183303020374,4.0177253635997152,-0.20260183303020374,2.9961929358028869,-0.1510890182802179,1
edge,0,1.675,4,1,0.16163494588165833,0.014087413762293463,-0.16101987611365426,0.014551799349685869,-0.16632782766619797,0.028639213111979332,-0.32734770377985223,4.0286392131119797,-0.32734770377985223,2.9901451720517116,-0.24296470948646645,1
edge,0,1.7000000000000002,0,1,0.14264233908999305,0.01243209901065169,-0.14209954192485602,0,0,0.01243209901065169,-0.14209954192485602,4.0124320990106517,-0.14209954192485602,2.9981204541027586,-0.10617788230449812,1
edge,0,1.7000000000000002,1,1,0.14264233908999305,0.01243209901065169,-0.14209954192485602,0.0033871596880534517,-0.038715412392255621,0.015819258698705142,-0.18081495431711164,4.0158192586987047,-0.18081495431711164,2.996963649448888,-0.13494029747263625,1
edge,0,1.7000000000000002,4,1,0.14264233908999305,0.01243209901065169,-0.14209954192485602,0.0135486387522138,-0.15486164956902254,0.02598073776286549,-0.29696119149387856,4.0259807377628656,-0.29696119149387856,2.9918720781875559,-0.22068409041359277,1
edge,0,1.7250000000000001,0,1,0.12588142242433997,0.010971288869525104,-0.12540240560737484,0,0,0.010971288869525104,-0.12540240560737484,4.0109712888695253,-0.12540240560737484,2.9985348380169388,-0.093748734384689336,1
edge,0,1.7250000000000001,1,1,0.12588142242433997,0.010971288869525104,-0.12540240560737484,0.0031536583144604509,-0.036046479479320964,0.014124947183985555,-0.1614488850866958,4.0141249471839853,-0.1614488850866958,2.9975764439412527,-0.12056310683003651,1
edge,0,1.7250000000000001,4,1,0.12588142242433997,0.010971288869525104,-0.12540240560737484,0.0126146332578418,-0.14418591791728394,0.023585922127366904,-0.26958832352465878,4.0235859221273671,-0.26958832352465878,2.9932886852529066,-0.20055634304834336,1
edge,0,1.75,0,1,0.11108996538242266,0.0096821284447167304,-0.110667234525165,0,0,0.0096821284447167304,-0.110667234525165,4.0096821284447168,-0.110667234525165,2.9988580122384794,-0.082768486956544443,1
edge,0,1.75,1,1,0.11108996538242266,0.0096821284447167304,-0.110667234525165,0.0029362538764982488,-0.033561535382560542,0.012618382321214979,-0.14422876990772554,4.0126183823212154,-0.14422876990772554,2.9980639401752982,-0.10776182357666758,1
edge,0,1.75,4,1,0.11108996538242266,0.0096821284447167304,-0.110667234525165,0.011745015505992995,-0.13424614153024222,0.021427143950709725,-0.24491337605540722,4.0214271439507101,-0.24491337605540722,2.9944518296432348,-0.1823684181712493,1
edge,0,1.7750000000000001,0,1,0.098036550358218622,0.0085444483628887031,-0.09766349168606181,0,0,0.0085444483628887031,-0.09766349168606181,4.0085444483628887,-0.09766349168606181,2.9991100019558852,-0.073069803394902308,1
edge,0,1.7750000000000001,1,1,0.098036550358218622,0.0085444483628887031,-0.09766349168606181,0.0027338366961691604,-0.031247896424421884,0.011278285059057864,-0.12891138811048369,4.011278285059058,-0.12891138811048369,2.9984519962874985,-0.096361952862709793,1
edge,0,1.7750000000000001,4,1,0.098036550358218622,0.0085444483628887031,-0.09766349168606181,0.01093534678467664,-0.12499158569768759,0.019479795147565343,-0.2226550773837494,4.0194797951475651,-0.2226550773837494,2.9954078221930729,-0.1659276310460473,1
edge,0,1.8,0,1,0.086516952031206337,0.0075404492145432819,-0.086187728908545633,0,0,0.0075404492145432819,-0.086187728908545633,4.0075404492145434,-0.086187728908545633,2.9993064533442113,-0.064504255113668946,1
edge,0,1.8,1,1,0.086516952031206337,0.0075404492145432819,-0.086187728908545633,0.0025453735935921165,-0.029093753304825568,0.010085822808135398,-0.1152814822133712,4.0100858228081355,-0.1152814822133712,2.998761106596286,-0.086208036547742825,1
edge,0,1.8,4,1,0.086516952031206337,0.0075404492145432819,-0.086187728908545633,0.010181494374368468,-0.11637501321930228,0.01772194358891175,-0.20256274212784792,4.0177219435889118,-0.20256274212784792,2.9961943955045651,-0.15106006867149027,1
edge,0,1.825,0,1,0.076350942188599419,0.0066544230759308836,-0.076060403802592116,0,0,0.0066544230759308836,-0.076060403802592116,4.0066544230759309,-0.076060403802592116,2.9994595850199857,-0.056940300593988101,1
edge,0,1.825,1,1,0.076350942188599419,0.0066544230759308836,-0.076060403802592116,0.0023699026134350936,-0.027088110824013953,0.0090243256893659772,-0.10314851462660607,4.0090243256893663,-0.10314851462660607,2.9990075142595107,-0.077161709513125981,1
edge,0,1.825,4,1,0.076350942188599419,0.0066544230759308836,-0.076060403802592116,0.0094796104537403746,-0.10835244329605585,0.016134033529671257,-0.18441284709864797,4.0161340335296716,-0.18441284709864797,2.9968422983040752,-0.13760900804652568,1
edge,0,1.8500000000000001,0,1,0.067379469990854868,0.0058725077529965053,-0.067123070765121487,0,0,0.0058725077529965053,-0.067123070765121487,4.0058725077529962,-0.067123070765121487,2.9995789349400312,-0.05026144709445212,1
edge,0,1.8500000000000001,1,1,0.067379469990854868,0.0058725077529965053,-0.067123070765121487,0.0022065281148927187,-0.025220731760737136,0.0080790358678892241,-0.092343802525858623,4.0080790358678895,-0.092343802525858623,2.9992040947712795,-0.069099912497692179,1
edge,0,1.8500000000000001,4,1,0.067379469990854868,0.0058725077529965053,-0.067123070765121487,0.008826112459570875,-0.10088292704294853,0.014698620212567379,-0.16800599780807002,4.0146986202125676,-0.16800599780807002,2.9973765971941062,-0.12543338707489088,1
edge,0,1.875,0,1,0.059462173564720937,0.0051824699024234297,-0.059235902042186143,0,0,0.0051824699024234297,-0.059235902042186143,4.0051824699024232,-0.059235902042186143,2.9996719459394439,-0.044364588850477948,1
edge,0,1.875,1,1,0.059462173564720937,0.0051824699024234297,-0.059235902042186143,0.0020544162001470898,-0.023482084619321393,0.0072368861025705195,-0.082717986661507537,4.0072368861025707,-0.082717986661507537,2.9993610566199691,-0.061913262162007682,1
edge,0,1.875,4,1,0.059462173564720937,0.0051824699024234297,-0.059235902042186143,0.0082176648005883573,-0.093928338477285545,0.013400134703011787,-0.15316424051947169,4.0134001347030122,-0.15316424051947169,2.9978177373118946,-0.11440635409884312,1
edge,0,1.9000000000000001,0,1,0.052475183991813647,0.0045735136366265566,-0.052275500074033594,0,0,0.0045735136366265566,-0.052275500074033594,4.0045735136366263,-0.052275500074033594,2.9997444242702094,-0.039158511971132307,1
edge,0,1.9000000000000001,1,1,0.052475183991813647,0.0045735136366265566,-0.052275500074033594,0.0019127904579779222,-0.021863294978910396,0.0064863040946044788,-0.07413879505294399,4.0064863040946044,-0.07413879505294399,2.9994864964341206,-0.055504573769772539,1
edge,0,1.9000000000000001,4,1,0.052475183991813647,0.0045735136366265566,-0.052275500074033594,0.0076511618319116907,-0.08745317991564161,0.012224675468538247,-0.1397286799896752,4.0122246754685387,-0.1397286799896752,2.9981824052592936,-0.10441391091993833,1
edge,0,1.925,0,1,0.04630918733533259,0.00403611161825138,-0.046132966896395733,0,0,0.00403611161825138,-0.046132966896395733,4.0040361116182517,-0.046132966896395733,2.9998008983664288,-0.034562554303284171,1
edge,0,1.925,1,1,0.04630918733533259,0.00403611161825138,-0.046132966896395733,0.001780928000796266,-0.020356100196553401,0.005817039619047646,-0.066489067092949133,4.005817039619048,-0.066489067092949133,2.9995868385483693,-0.049787528633193981,1
edge,0,1.925,4,1,0.04630918733533259,0.00403611161825138,-0.046132966896395733,0.0071237120031850633,-0.081424400786213602,0.011159823621436443,-0.12755736768260934,4.0111598236214361,-0.12755736768260934,2.9984842304432027,-0.095353656371595874,1
edge,0,1.9500000000000002,0,1,0.040867714384640666,0.0035618560015924987,-0.040712200393106794,0,0,0.0035618560015924987,-0.040712200393106794,4.0035618560015926,-0.040712200393106794,2.9998448993407538,-0.03050540770517109,1
edge,0,1.9500000000000002,1,1,0.040867714384640666,0.0035618560015924987,-0.040712200393106794,0.0016581557748740834,-0.018952807232936596,0.0052200117764665821,-0.05966500762604339,4.0052200117764665,-0.05966500762604339,2.9996671829014483,-0.04468547665725478,1
edge,0,1.9500000000000002,4,1,0.040867714384640666,0.0035618560015924987,-0.040712200393106794,0.006632623099496332,-0.075811228931746383,0.010194479101088831,-0.11652342932485318,4.0101944791010888,-0.11652342932485318,2.9987343547146712,-0.087133632163378161,1
edge,0,1.9750000000000001,0,1,0.036065631360157203,0.0031433268888577275,-0.035928390744319999,0,0,0.0031433268888577275,-0.035928390744319999,4.0031433268888579,-0.035928390744319999,2.9998791801550659,-0.026924050069954922,1
edge,0,1.9750000000000001,1,1,0.036065631360157203,0.0031433268888577275,-0.035928390744319999,0.0015438471249365408,-0.01764625338549243,0.0046871740137942684,-0.053574644129812429,4.0046871740137941,-0.053574644129812429,2.9997315803130276,-0.040130363475845553,1
edge,0,1.9750000000000001,4,1,0.036065631360157203,0.0031433268888577275,-0.035928390744319999,0.006175388499746165,-0.070585013541969735,0.0093187153886038921,-0.10651340428628973,4.0093187153886038,-0.10651340428628973,2.9989418948809394,-0.079671269149672666,1
edge,0,2,0,1,0.031827807965096752,0.0027739762432278377,-0.031706693546711615,0,0,0.0027739762432278377,-0.031706693546711615,4.0027739762432279,-0.031706693546711615,2.9999058867876798,-0.0237627947982775,1
edge,0,2,1,1,0.031827807965096752,0.0027739762432278377,-0.031706693546711615,0.0014374185955814867,-0.016429769728458152,0.0042113948388093243,-0.048136463275169766,4.0042113948388094,-0.048136463275169766,2.9997832502762676,-0.036061771475530642,1
edge,0,2,4,1,0.031827807965096752,0.0027739762432278377,-0.031706693546711615,0.0057496743823259467,-0.065719078913832621,0.0085236506255537848,-0.097425772460544235,4.0085236506255537,-0.097425772460544235,2.999114318205518,-0.07289242988576429,1
edge,0.80000000000000004,0.75,0,1,16.487212707001216,1.4369552693173364,-16.424473885025467,0,0,1.4369552693173364,-16.424473885025467,2.2369552693173311,-16.424473885025467,0.40485175164939324,-2.9725569900653532,1
edge,0.80000000000000004,0.75,1,1,16.487212707001216,1.4369552693173364,-16.424473885025467,0.11162510596597697,-0.21186592252188063,1.5485803752833134,-16.636339807547348,2.3485803752832934,-16.636339807547348,0.41935693942329877,-2.9705453636255887,1
edge,0.80000000000000004,0.75,4,1,16.487212707001216,1.4369552693173364,-16.424473885025467,0.44650042386390787,-0.84746369008752254,1.8834556931812443,-17.27193757511299,2.6834556931812914,-17.27193757511299,0.46056965359808633,-2.9644351222761633,1
edge,0.80000000000000004,0.77500000000000002,0,1,14.549914146182054,1.2681085743251443,-14.494547330116649,0,0,1.2681085743251443,-14.494547330116649,2.0681085743251559,-14.494547330116649,0.42375381764192532,-2.9699213292668096,1
edge,0.80000000000000004,0.77500000000000002,1,1,14.549914146182054,1.2681085743251443,-14.494547330116649,0.10730902748572713,-0.20367394867350974,1.3754176018108715,-14.698221278790159,2.1754176018108362,-14.698221278790159,0.43923174025850553,-2.9676717268507784,1
edge,0.80000000000000004,0.77500000000000002,4,1,14.549914146182054,1.2681085743251443,-14.494547330116649,0.42923610994290806,-0.81469579469403719,1.6973446842680524,-15.309243124810687,2.4973446842680991,-15.309243124810687,0.4829956473390018,-2.9608639287632901,1
edge,0.80000000000000004,0.80000000000000004,0,1,12.840254166877404,1.1191018889829065,-12.791393123193714,0,0,1.1191018889829065,-12.791393123193714,1.9191018889829214,-12.791393123193714,0.44511048597573044,-2.9667956881582667,1
edge,0.80000000000000004,0.80000000000000004,1,1,12.840254166877404,1.1191018889829065,-12.791393123193714,0.10315983380515004,-0.19579872437472723,1.2222617227880566,-12.987191847568441,2.0222617227880768,-12.987191847568441,0.46157382565303884,-2.9642789348291814,1
edge,0.80000000000000004,0.80000000000000004,4,1,12.840254166877404,1.1191018889829065,-12.791393123193714,0.41263933522060015,-0.78319489749890892,1.5317412242035067,-13.574588020692623,2.3317412242035429,-13.574588020692623,0.50787934286411485,-2.9566972406879746,1
edge,0.80000000000000004,0.82499999999999996,0,1,11.331484530668222,0.9876039507039851,-11.288364810960314,0,0,0.9876039507039851,-11.288364810960314,1.7876039507039865,-11.288364810960314,0.46922724299702789,-2.9630770820937875,1
edge,0.80000000000000004,0.82499999999999996,1,1,11.331484530668222,0.9876039507039851,-11.288364810960314,0.099171072183294573,-0.1882280022381515,1.0867750228872797,-11.476592813198465,1.8867750228872548,-11.476592813198465,0.48667300010707404,-2.9602617098774888,1
edge,0.80000000000000004,0.82499999999999996,4,1,11.331484530668222,0.9876039507039851,-11.288364810960314,0.39668428873317851,-0.75291200895260424,1.3842882394371636,-12.041276819912918,2.184288239437171,-12.041276819912918,0.53546151932681862,-2.9518267160048826,1
edge,0.80000000000000004,0.84999999999999998,0,1,10.000000000000018,0.87155742747658538,-9.9619469809174728,0,0,0.87155742747658538,-9.9619469809174728,1.6715574274765999,-9.9619469809174728,0.49644261356684982,-2.9586389998502458,1
edge,0.80000000000000004,0.84999999999999998,1,1,10.000000000000018,0.87155742747658538,-9.9619469809174728,0.095336539379857865,-0.18095000843191755,0.96689396685644324,-10.14289698934939,1.7668939668564754,-10.14289698934939,0.51484707457916112,-2.9554919201035417,1
edge,0.80000000000000004,0.84999999999999998,4,1,10.000000000000018,0.87155742747658538,-9.9619469809174728,0.38134615751943124,-0.72380003372766843,1.2529035849960166,-10.685747014645141,2.0529035849959909,-10.685747014645141,0.5659977254039994,-2.9461239917623137,1
edge,0.80000000000000004,0.875,0,1,8.8249690258459399,0.76914673017268409,-8.7913873543716008,0,0,0.76914673017268409,-8.7913873543716008,1.5691467301727213,-8.7913873543716008,0.52712974505908505,-2.953325960992776,1
edge,0.80000000000000004,0.875,1,1,8.8249690258459399,0.76914673017268409,-8.7913873543716008,0.091650272008032219,-0.17395342436925887,0.86079700218071631,-8.9653407787408597,1.6607970021806917,-8.9653407787408597,0.5464423323424672,-2.9498136852052341,1
edge,0.80000000000000004,0.875,4,1,8.8249690258459399,0.76914673017268409,-8.7913873543716008,0.36660108803212876,-0.6958136974770337,1.1357478182048129,-9.4872010518486345,1.9357478182048249,-9.4872010518486345,0.59975639953957494,-2.9394374055610335,1
edge,0.80000000000000004,0.90000000000000002,0,1,7.7880078307140144,0.67876960701046318,-7.7583721096542968,0,0,0.67876960701046318,-7.7583721096542968,1.4787696070104328,-7.7583721096542968,0.56169715956178035,-2.94694694572879,1
edge,0.80000000000000004,0.90000000000000002,1,1,7.7880078307140144,0.67876960701046318,-7.7583721096542968,0.088106537260371098,-0.16722736910607328,0.76687614427083428,-7.9255994787603701,1.5668761442708679,-7.9255994787603701,0.58183301185266156,-2.9430376053184246,1
edge,0.80000000000000004,0.90000000000000002,4,1,7.7880078307140144,0.67876960701046318,-7.7583721096542968,0.35242614904148439,-0.66890947642429399,1.0311957560519476,-8.4272815860785908,1.831195756051951,-8.4272815860785908,0.63701589248943424,-2.9315884350835861,1
edge,0.80000000000000004,0.92500000000000004,0,1,6.8728927879097279,0.59901207575530258,-6.8467393558686664,0,0,0.59901207575530258,-6.8467393558686664,1.3990120757553237,-6.8467393558686664,0.60058819307351463,-2.9392675656259457,1
edge,0.80000000000000004,0.92500000000000004,1,1,6.8728927879097279,0.59901207575530258,-6.8467393558686664,0.084699823993243273,-0.16076138241910432,0.68371189974854585,-7.0075007382877708,1.4837118997484966,-7.0075007382877708,0.62141935679682625,-2.9349340679133089,1
edge,0.80000000000000004,0.92500000000000004,4,1,6.8728927879097279,0.59901207575530258,-6.8467393558686664,0.3387992959729732,-0.64304552967641548,0.93781137172827578,-7.4897848855450819,1.7378113717282373,-7.4897848855450819,0.67806009834259218,-2.9223679616084679,1
edge,0.80000000000000004,0.94999999999999996,0,1,6.0653065971263267,0.52862630146481238,-6.0422262743581339,0,0,0.52862630146481238,-6.0422262743581339,1.328626301464797,-6.0422262743581339,0.64427846287673507,-2.9300008979987107,1
edge,0.80000000000000004,0.94999999999999996,1,1,6.0653065971263267,0.52862630146481238,-6.0422262743581339,0.081424834156013759,-0.15454540853840815,0.61005113562082613,-6.196771682896542,1.4100511356208711,-6.196771682896542,0.66562364643296679,-2.9252256598951867,1
edge,0.80000000000000004,0.94999999999999996,4,1,6.0653065971263267,0.52862630146481238,-6.0422262743581339,0.32569933662405515,-0.61818163415363347,0.85432563808886752,-6.6604079085117673,1.6543256380888716,-6.6604079085117673,0.72317236326213674,-2.9115325402636141,1
edge,0.80000000000000004,0.97499999999999998,0,1,5.3526142851899241,0.46651107366745198,-5.3322459718363406,0,0,0.46651107366745198,-5.3322459718363406,1.2665110736674867,-5.3322459718363406,0.69327048403400315,-2.9187970186306678,1
edge,0.80000000000000004,0.97499999999999998,1,1,5.3526142851899241,0.46651107366745198,-5.3322459718363406,0.078276474551626729,-0.14856978050883729,0.54478754821907871,-5.4808157523451779,1.3447875482190952,-5.4808157523451779,0.71488346204950926,-2.9135788363605393,1
edge,0.80000000000000004,0.97499999999999998,4,1,5.3526142851899241,0.46651107366745198,-5.3322459718363406,0.31310589820650686,-0.59427912203535005,0.77961697187395884,-5.9265250938716907,1.5796169718739206,-5.9265250938716907,0.77262731990590527,-2.8988009632492919,1
edge,0.80000000000000004,1,0,1,4.7236655274101533,0.41169457753294031,-4.705690553964744,0,0,0.41169457753294031,-4.705690553964744,1.2116945775328958,-4.705690553964744,0.74808429833383983,-2.9052314679877713,1
edge,0.80000000000000004,1,1,1,4.7236655274101533,0.41169457753294031,-4.705690553964744,0.075249848915767303,-0.14282520515618202,0.48694442644870761,-4.848515759120926,1.2869444264487218,-4.848515759120926,0.7696412802655761,-2.8995951958353001,1
edge,0.80000000000000004,1,4,1,4.7236655274101533,0.41169457753294031,-4.705690553964744,0.30099939566306916,-0.5713008206247272,0.71269397319600947,-5.2769913745894712,1.5126939731959776,-5.2769913745894712,0.82668030445320895,-2.8838515347065181,1
edge,0.80000000000000004,1.0249999999999999,0,1,4.1686201967850778,0.36331918948369318,-4.152757338395463,0,0,0.36331918948369318,-4.152757338395463,1.163319189483647,-4.152757338395463,0.80924270518090147,-2.8887932158795153,1
edge,0.80000000000000004,1.0249999999999999,1,1,4.1686201967850778,0.36331918948369318,-4.152757338395463,0.072340250302293796,-0.13730274863461922,0.43565943978598698,-4.2900600870300822,1.2356594397859855,-4.2900600870300822,0.83032933788096397,-2.8828030093390296,1
edge,0.80000000000000004,1.0249999999999999,4,1,4.1686201967850778,0.36331918948369318,-4.152757338395463,0.28936100120917513,-0.54921099453847511,0.65268019069286831,-4.7019683329339381,1.4526801906928899,-4.7019683329339381,0.88555407272583597,-2.8663206352881692,1
edge,0.80000000000000004,1.05,0,1,3.678794411714402,0.32062805936890432,-3.6647954883194291,0,0,0.32062805936890432,-3.6647954883194291,1.1206280593688556,-3.6647954883194291,0.87724944334377497,-2.8688731958999378,1
edge,0.80000000000000004,1.05,1,1,3.678794411714402,0.32062805936890432,-3.6647954883194291,0.069543153763090171,-0.13199382253297864,0.39017121313199449,-3.7967893108524078,1.1901712131320297,-3.7967893108524078,0.89734863546486743,-2.8626500705516578,1
edge,0.80000000000000004,1.05,4,1,3.678794411714402,0.32062805936890432,-3.6647954883194291,0.27817261505236074,-0.52797529013191458,0.59880067442126506,-4.1927707784513437,1.3988006744212189,-4.1927707784513437,0.94942266790942753,-2.8458033308118433,1
edge,0.80000000000000004,1.075,0,1,3.2465246735834974,0.2829532692747706,-3.2341706670479149,0,0,0.2829532692747706,-3.2341706670479149,1.0829532692747668,-3.2341706670479149,0.95255855963682912,-2.8447552074761515,1
edge,0.80000000000000004,1.075,1,1,3.2465246735834974,0.2829532692747706,-3.2341706670479149,0.066854209310960422,-0.12689017051822304,0.34980747858573102,-3.3610608375661379,1.1498074785857293,-3.3610608375661379,0.97104101842238055,-2.8384994875005951,1
edge,0.80000000000000004,1.075,4,1,3.2465246735834974,0.2829532692747706,-3.2341706670479149,0.26741683724384169,-0.50756068207289218,0.55037010651861229,-3.7417313491208071,1.3503701065186169,-3.7417313491208071,1.0183925340180311,-2.8218569500696424,1
edge,0.80000000000000004,1.1000000000000001,0,1,2.865047968601897,0.24970538371116552,-2.8541455960997357,0,0,0.24970538371116552,-2.8541455960997357,1.0497053837111858,-2.8541455960997357,1.0355333737852579,-2.8156119462342271,1
edge,0.80000000000000004,1.1000000000000001,1,1,2.865047968601897,0.24970538371116552,-2.8541455960997357,0.064269235154616633,-0.12198385549536495,0.31397461886578215,-2.9761294515951007,1.113974618865754,-2.9761294515951007,1.0516536127709308,-2.8096307014883251,1
edge,0.80000000000000004,1.1000000000000001,4,1,2.865047968601897,0.24970538371116552,-2.8541455960997357,0.25707694061846648,-0.48793542198146023,0.50678232432963199,-3.342081018081196,1.3067823243296806,-3.342081018081196,1.09248134316553,-2.7940086819541765,1
edge,0.80000000000000004,1.125,0,1,2.5283959580474731,0.22036422768380332,-2.5187746480834923,0,0,0.22036422768380332,-2.5187746480834923,1.0203642276838121,-2.5187746480834923,1.0203642276838121,-2.5187746480834923,0
edge,0.80000000000000004,1.125,1,1,2.5283959580474731,0.22036422768380332,-2.5187746480834923,0.061784211195243799,-0.11726724726386228,0.28214843887904711,-2.6360418953473546,1.0821484388789937,-2.6360418953473546,1.0821484388789937,-2.6360418953473546,0
edge,0.80000000000000004,1.125,4,1,2.5283959580474731,0.22036422768380332,-2.5187746480834923,0.24713684478097525,-0.46906898905544958,0.46750107246477857,-2.9878436371389419,1.2675010724647606,-2.9878436371389419,1.171595524336988,-2.7617682609794736,1
edge,0.80000000000000004,1.1499999999999999,0,1,2.2313016014842995,0.19447074837140288,-2.2228108252422802,0,0,0.19447074837140288,-2.2228108252422802,0.99447074837144545,-2.2228108252422802,0.99447074837144545,-2.2228108252422802,0
edge,0.80000000000000004,1.1499999999999999,1,1,2.2313016014842995,0.19447074837140288,-2.2228108252422802,0.059395272774523999,-0.11273301065128472,0.25386602114592688,-2.335543835893565,1.0538660211458772,-2.335543835893565,1.0538660211458772,-2.335543835893565,0
edge,0.80000000000000004,1.1499999999999999,4,1,2.2313016014842995,0.19447074837140288,-2.2228108252422802,0.23758109109809594,-0.4509320426051393,0.43205183946949882,-2.6737428678474195,1.2320518394695057,-2.6737428678474195,1.2320518394695057,-2.6737428678474195,0
edge,0.80000000000000004,1.175,0,1,1.9691167520419355,0.17161983308107115,-1.9616236683078145,0,0,0.17161983308107115,-1.9616236683078145,0.97161983308102773,-1.9616236683078145,0.97161983308102773,-1.9616236683078145,0
edge,0.80000000000000004,1.175,1,1,1.9691167520419355,0.17161983308107115,-1.9616236683078145,0.057098704664399508,-0.10837409410580645,0.22871853774547066,-2.069997762413621,1.0287185377454433,-2.069997762413621,1.0287185377454433,-2.069997762413621,0
edge,0.80000000000000004,1.175,4,1,1.9691167520419355,0.17161983308107115,-1.9616236683078145,0.22839481865759803,-0.43349637642322647,0.40001465173866918,-2.395120044731041,1.20001465173869,-2.395120044731041,1.20001465173869,-2.395120044731041,0
edge,0.80000000000000004,1.2,0,1,1.7377394345044554,0.15145397111613182,-1.7311268113182865,0,0,0.15145397111613182,-1.7311268113182865,0.95145397111617847,-1.7311268113182865,0.95145397111617847,-1.7311268113182865,0
edge,0.80000000000000004,1.2,1,1,1.7377394345044554,0.15145397111613182,-1.7311268113182865,0.054890935289226034,-0.10418371872977561,0.20634490640535785,-1.8353105300480621,1.0063449064053875,-1.8353105300480621,1.0063449064053875,-1.8353105300480621,0
edge,0.80000000000000004,1.2,4,1,1.7377394345044554,0.15145397111613182,-1.7311268113182865,0.21956374115690416,-0.41673487491910244,0.37101771227303598,-2.1478616862373889,1.1710177122730148,-2.1478616862373889,1.1710177122730148,-2.1478616862373889,0
edge,0.80000000000000004,1.2250000000000001,0,1,1.5335496684492835,0.13365766039412297,-1.5277140489695304,0,0,0.13365766039412297,-1.5277140489695304,0.93365766039410492,-1.5277140489695304,0.93365766039410492,-1.5277140489695304,0
edge,0.80000000000000004,1.2250000000000001,1,1,1.5335496684492835,0.13365766039412297,-1.5277140489695304,0.052768531171331068,-0.1001553677373106,0.18642619156545404,-1.627869416706841,0.98642619156541489,-1.627869416706841,0.98642619156541489,-1.627869416706841,0
edge,0.80000000000000004,1.2250000000000001,4,1,1.5335496684492835,0.13365766039412297,-1.5277140489695304,0.21107412468532433,-0.40062147094924216,0.34473178507944729,-1.9283355199187726,1.1447317850794558,-1.9283355199187726,1.1447317850794558,-1.9283355199187726,0
edge,0.80000000000000004,1.25,0,1,1.3533528323661226,0.11795247130451719,-1.3482029162505782,0,0,0.11795247130451719,-1.3482029162505782,0.9179524713045506,-1.3482029162505782,0.9179524713045506,-1.3482029162505782,0
edge,0.80000000000000004,1.25,1,1,1.3533528323661226,0.11795247130451719,-1.3482029162505782,0.050728191591340566,-0.096282776319530861,0.16868066289585776,-1.4444856925701091,0.96868066289590438,-1.4444856925701091,0.96868066289590438,-1.4444856925701091,0
edge,0.80000000000000004,1.25,4,1,1.3533528323661226,0.11795247130451719,-1.3482029162505782,0.20291276636536232,-0.38513110527812322,0.32086523766987951,-1.7333340215287014,1.1208652376698547,-1.7333340215287014,1.1208652376698547,-1.7333340215287014,0
edge,0.80000000000000004,1.2749999999999999,0,1,1.1943296826671994,0.10409269057843407,-1.189784897646661,0,0,0.10409269057843407,-1.189784897646661,0.90409269057845076,-1.189784897646661,0.90409269057845076,-1.189784897646661,0
edge,0.80000000000000004,1.2749999999999999,1,1,1.1943296826671994,0.10409269057843407,-1.189784897646661,0.048766743454967759,-0.092559921901653741,0.15285943403340183,-1.2823448195483147,0.95285943403344842,-1.2823448195483147,0.95285943403344842,-1.2823448195483147,0
edge,0.80000000000000004,1.2749999999999999,4,1,1.1943296826671994,0.10409269057843407,-1.189784897646661,0.19506697381987104,-0.37023968760661496,0.2991596643983051,-1.5600245852532759,1.0991596643983303,-1.5600245852532759,1.0991596643983303,-1.5600245852532759,0
edge,0.80000000000000004,1.3,0,1,1.0539922456186432,0.091861477017164683,-1.0499814869151052,0,0,0.091861477017164683,-1.0499814869151052,0.8918614770171418,-1.0499814869151052,0.8918614770171418,-1.0499814869151052,0
edge,0.80000000000000004,1.3,1,1,1.0539922456186432,0.091861477017164683,-1.0499814869151052,0.046881136358280784,-0.088981014776807088,0.13874261337544547,-1.1389625016919123,0.93874261337545395,-1.1389625016919123,0.93874261337545395,-1.1389625016919123,0
edge,0.80000000000000004,1.3,4,1,1.0539922456186432,0.091861477017164683,-1.0499814869151052,0.18752454543312308,-0.35592405910722835,0.27938602245028776,-1.4059055460223335,1.0793860224502794,-1.4059055460223335,1.0793860224502794,-1.4059055460223335,0
edge,0.80000000000000004,1.3250000000000002,0,1,0.93014489210663198,0.08106746893449375,-0.92660540997374552,0,0,0.08106746893449375,-0.92660540997374552,0.88106746893445997,-0.92660540997374552,0.88106746893445997,-0.92660540997374552,0
edge,0.80000000000000004,1.3250000000000002,1,1,0.93014489210663198,0.08106746893449375,-0.92660540997374552,0.045068437843778716,-0.085540489101999739,0.12613590677827247,-1.0121458990757453,0.92613590677825819,-1.0121458990757453,0.92613590677825819,-1.0121458990757453,0
edge,0.80000000000000004,1.3250000000000002,4,1,0.93014489210663198,0.08106746893449375,-0.92660540997374552,0.18027375137511481,-0.34216195640799896,0.26134122030960855,-1.2687673663817445,1.0613412203096528,-1.2687673663817445,1.0613412203096528,-1.2687673663817445,0
edge,0.80000000000000004,1.3500000000000001,0,1,0.82084998623899064,0.071541790235064323,-0.81772640421996479,0,0,0.071541790235064323,-0.81772640421996479,0.87154179023507528,-0.81772640421996479,0.87154179023507528,-0.81772640421996479,0
edge,0.80000000000000004,1.3500000000000001,1,1,0.82084998623899064,0.071541790235064323,-0.81772640421996479,0.043325828839892833,-0.082232994242234514,0.11486761907495716,-0.8999593984621993,0.91486761907499936,-0.8999593984621993,0.91486761907499936,-0.8999593984621993,0
edge,0.80000000000000004,1.3500000000000001,4,1,0.82084998623899064,0.071541790235064323,-0.81772640421996479,0.17330331535957133,-0.32893197696893806,0.24484510559463565,-1.1466583811889028,1.0448451055946606,-1.1466583811889028,1.0448451055946606,-1.1466583811889028,0
edge,0.80000000000000004,1.375,0,1,0.72439757034251395,0.063135408287800968,-0.72164101888575471,0,0,0.063135408287800968,-0.72164101888575471,0.86313540828775182,-0.72164101888575471,0.86313540828775182,-0.72164101888575471,0
edge,0.80000000000000004,1.375,1,1,0.72439757034251395,0.063135408287800968,-0.72164101888575471,0.041650599276824143,-0.079053386449309704,0.10478600756462511,-0.80069440533506442,0.90478600756460636,-0.80069440533506442,0.90478600756460636,-0.80069440533506442,0
edge,0.80000000000000004,1.375,4,1,0.72439757034251395,0.063135408287800968,-0.72164101888575471,0.16660239710729657,-0.31621354579723904,0.22973780539509753,-1.0378545646829938,1.029737805395059,-1.0378545646829938,1.029737805395059,-1.0378545646829938,0
edge,0.80000000000000004,1.3999999999999999,0,1,0.63927861206707903,0.05571680225739864,-0.63684596394467385,0,0,0.05571680225739864,-0.63684596394467385,0.85571680225737801,-0.63684596394467385,0.85571680225737801,-0.63684596394467385,0
edge,0.80000000000000004,1.3999999999999999,1,1,0.63927861206707903,0.05571680225739864,-0.63684596394467385,0.040040143871899206,-0.075996720862369416,0.095756946129297846,-0.71284268480704327,0.89575694612931134,-0.71284268480704327,0.89575694612931134,-0.71284268480704327,0
edge,0.80000000000000004,1.3999999999999999,4,1,0.63927861206707903,0.05571680225739864,-0.63684596394467385,0.16016057548759682,-0.30398688344947755,0.21587737774499546,-0.94083284739415141,1.0158773777450003,-0.94083284739415141,1.0158773777450003,-0.94083284739415141,0
edge,0.80000000000000004,1.425,0,1,0.56416139503777396,0.049169905414072554,-0.56201459060467318,0,0,0.049169905414072554,-0.56201459060467318,0.84916990541406001,-0.56201459060467318,0.84916990541406001,-0.56201459060467318,0
edge,0.80000000000000004,1.425,1,1,0.56416139503777396,0.049169905414072554,-0.56201459060467318,0.038491958077886898,-0.073058243817754831,0.087661863491959452,-0.63507283442242801,0.88766186349198417,-0.63507283442242801,0.88766186349198417,-0.63507283442242801,0
edge,0.80000000000000004,1.425,4,1,0.56416139503777396,0.049169905414072554,-0.56201459060467318,0.15396783231154754,-0.29223297527101932,0.2031377377256201,-0.8542475658756925,1.0031377377256456,-0.8542475658756925,1.0031377377256456,-0.8542475658756925,0
edge,0.80000000000000004,1.4500000000000002,0,1,0.49787068367863896,0.043392289228295952,-0.49597613541597269,0,0,0.043392289228295952,-0.49597613541597269,0.84339228922825082,-0.49597613541597269,0.84339228922825082,-0.49597613541597269,0
edge,0.80000000000000004,1.4500000000000002,1,1,0.49787068367863896,0.043392289228295952,-0.49597613541597269,0.037003634187978987,-0.070233385456206776,0.080395923416274939,-0.56620952087217946,0.88039592341626616,-0.56620952087217946,0.88039592341626616,-0.56620952087217946,0
edge,0.80000000000000004,1.4500000000000002,4,1,0.49787068367863896,0.043392289228295952,-0.49597613541597269,0.14801453675191589,-0.28093354182482705,0.19140682598021186,-0.77690967724079973,0.99140682598020113,-0.77690967724079973,0.99140682598020113,-0.77690967724079973,0
edge,0.80000000000000004,1.4750000000000001,0,1,0.43936933623407198,0.038293560840025991,-0.43769740326047196,0,0,0.038293560840025991,-0.43769740326047196,0.83829356083997553,-0.43769740326047196,0.83829356083997553,-0.43769740326047196,0
edge,0.80000000000000004,1.4750000000000001,1,1,0.43936933623407198,0.038293560840025991,-0.43769740326047196,0.03557285759137286,-0.067517752615911142,0.07386641843139885,-0.5052151558763831,0.87386641843134605,-0.5052151558763831,0.87386641843134605,-0.5052151558763831,0
edge,0.80000000000000004,1.4750000000000001,4,1,0.43936933623407198,0.038293560840025991,-0.43769740326047196,0.14229143036549141,-0.27007101046364473,0.18058499120551741,-0.7077684137241167,0.98058499120556863,-0.7077684137241167,0.98058499120556863,-0.7077684137241167,0
edge,0.80000000000000004,1.5,0,1,0.38774207831722102,0.033793948830258033,-0.38626660264668994,0,0,0.033793948830258033,-0.38626660264668994,0.83379394883020819,-0.38626660264668994,0.83379394883020819,-0.38626660264668994,0
edge,0.80000000000000004,1.5,1,1,0.38774207831722102,0.033793948830258033,-0.38626660264668994,0.034197403173637078,-0.064907122000346873,0.067991352003895111,-0.45117372464703681,0.86799135200388289,-0.45117372464703681,0.86799135200388289,-0.45117372464703681,0
edge,0.80000000000000004,1.5,4,1,0.38774207831722102,0.033793948830258033,-0.38626660264668994,0.13678961269454831,-0.25962848800138744,0.17058356152480636,-0.64589509064807737,0.97058356152479597,-0.64589509064807737,0.97058356152479597,-0.64589509064807737,0
edge,0.80000000000000004,1.5249999999999999,0,1,0.34218118311665979,0.029823055168804954,-0.3408790804075772,0,0,0.029823055168804954,-0.3408790804075772,0.82982305516876576,-0.3408790804075772,0.82982305516876576,-0.3408790804075772,0
edge,0.80000000000000004,1.5249999999999999,1,1,0.34218118311665979,0.029823055168804954,-0.3408790804075772,0.032875131856258247,-0.062397433610298869,0.062698187025063204,-0.40327651401787606,0.86269818702511269,-0.40327651401787606,0.86269818702511269,-0.40327651401787606,0
edge,0.80000000000000004,1.5249999999999999,4,1,0.34218118311665979,0.029823055168804954,-0.3408790804075772,0.13150052742503299,-0.24958973444119548,0.16132358259383794,-0.59046881484877267,0.96132358259382045,-0.59046881484877267,0.96132358259382045,-0.59046881484877267,0
edge,0.80000000000000004,1.55,0,1,0.30197383422318641,0.026318753812080112,-0.30082473261557396,0,0,0.026318753812080112,-0.30082473261557396,0.82631875381211639,-0.30082473261557396,0.82631875381211639,-0.30082473261557396,0
edge,0.80000000000000004,1.55,1,1,0.30197383422318641,0.026318753812080112,-0.30082473261557396,0.031603987269990808,-0.059984784429832849,0.057922741082070919,-0.36080951704540681,0.85792274108209554,-0.36080951704540681,0.85792274108209554,-0.36080951704540681,0
edge,0.80000000000000004,1.55,4,1,0.30197383422318641,0.026318753812080112,-0.30082473261557396,0.12641594907996323,-0.2399391377193314,0.15273470289204333,-0.54076387033490536,0.95273470289203299,-0.54076387033490536,0.95273470289203299,-0.54076387033490536,0
edge,0.80000000000000004,1.5750000000000002,0,1,0.26649097336355521,0.023226218719047176,-0.26547689475408226,0,0,0.023226218719047176,-0.26547689475408226,0.82322621871899759,-0.26547689475408226,0.82322621871899759,-0.26547689475408226,0
edge,0.80000000000000004,1.5750000000000002,1,1,0.26649097336355521,0.023226218719047176,-0.26547689475408226,0.030381992556832861,-0.05766542235640304,0.053608211275880037,-0.3231423171104853,0.85360821127589137,-0.3231423171104853,0.85360821127589137,-0.3231423171104853,0
edge,0.80000000000000004,1.5750000000000002,4,1,0.26649097336355521,0.023226218719047176,-0.26547689475408226,0.12152797022733144,-0.23066168942561216,0.14475418894637862,-0.49613858417969442,0.94475418894635066,-0.49613858417969442,0.94475418894635066,-0.49613858417969442,0
edge,0.80000000000000004,1.6000000000000001,0,1,0.23517745856009073,0.020497066078311196,-0.2342825373282536,0,0,0.020497066078311196,-0.2342825373282536,0.82049706607834061,-0.2342825373282536,0.82049706607834061,-0.2342825373282536,0
edge,0.80000000000000004,1.6000000000000001,1,1,0.23517745856009073,0.020497066078311196,-0.2342825373282536,0.029207247295657966,-0.055435740365660957,0.049704313373969161,-0.28971827769391456,0.84970431337394459,-0.28971827769391456,0.84970431337394459,-0.28971827769391456,0
edge,0.80000000000000004,1.6000000000000001,4,1,0.23517745856009073,0.020497066078311196,-0.2342825373282536,0.11682898918263185,-0.22174296146264377,0.13732605526094305,-0.45602549879089738,0.93732605526097856,-0.45602549879089738,0.93732605526097856,-0.45602549879089738,0
edge,0.80000000000000004,1.625,0,1,0.20754337873699835,0.018088597326181566,-0.20675361352184488,0,0,0.018088597326181566,-0.20675361352184488,0.8180885973261276,-0.20675361352184488,0.8180885973261276,-0.20675361352184488,0
edge,0.80000000000000004,1.625,1,1,0.20754337873699835,0.018088597326181566,-0.20675361352184488,0.028077924546718695,-0.053292270901883737,0.046166521872900261,-0.26004588442372861,0.84616652187285979,-0.26004588442372861,0.84616652187285979,-0.26004588442372861,0
edge,0.80000000000000004,1.625,4,1,0.20754337873699835,0.018088597326181566,-0.20675361352184488,0.11231169818687478,-0.21316908360753492,0.13040029551305635,-0.4199226971293798,0.93040029551305636,-0.4199226971293798,0.93040029551305636,-0.4199226971293798,0
edge,0.80000000000000004,1.6499999999999999,0,1,0.18315638888734218,0.015963131112455207,-0.18245942353120018,0,0,0.015963131112455207,-0.18245942353120018,0.81596313111242935,-0.18245942353120018,0.81596313111242935,-0.18245942353120018,0
edge,0.80000000000000004,1.6499999999999999,1,1,0.18315638888734218,0.015963131112455207,-0.18245942353120018,0.026992268010427246,-0.051231680485303022,0.042955399122882452,-0.2336911040165032,0.84295539912293549,-0.2336911040165032,0.84295539912293549,-0.2336911040165032,0
edge,0.80000000000000004,1.6499999999999999,4,1,0.18315638888734218,0.015963131112455207,-0.18245942353120018,0.10796907204170898,-0.20492672194121206,0.12393220315416419,-0.38738614547241224,0.92393220315412083,-0.38738614547241224,0.92393220315412083,-0.38738614547241224,0
edge,0.80000000000000004,1.675,0,1,0.16163494588165833,0.014087413762293463,-0.16101987611365426,0,0,0.014087413762293463,-0.16101987611365426,0.81408741376232108,-0.16101987611365426,0.81408741376232108,-0.16101987611365426,0
edge,0.80000000000000004,1.675,1,1,0.16163494588165833,0.014087413762293463,-0.16101987611365426,0.025948589295994764,-0.049250764527945828,0.040036003058288229,-0.21027064064160009,0.84003600305826431,-0.21027064064160009,0.84003600305826431,-0.21027064064160009,0
edge,0.80000000000000004,1.675,4,1,0.16163494588165833,0.014087413762293463,-0.16101987611365426,0.10379435718397906,-0.19700305811178337,0.11788177094627252,-0.35802293422543763,0.91788177094631607,-0.35802293422543763,0.91788177094631607,-0.35802293422543763,0
edge,0.80000000000000004,1.7000000000000002,0,1,0.14264233908999305,0.01243209901065169,-0.14209954192485602,0,0,0.01243209901065169,-0.14209954192485602,0.81243209901060709,-0.14209954192485602,0.81243209901060709,-0.14209954192485602,0
edge,0.80000000000000004,1.7000000000000002,1,1,0.14264233908999305,0.01243209901065169,-0.14209954192485602,0.02494526529568046,-0.047346442349924966,0.03737736430633215,-0.18944598427478099,0.83737736430633536,-0.18944598427478099,0.83737736430633536,-0.18944598427478099,0
edge,0.80000000000000004,1.7000000000000002,4,1,0.14264233908999305,0.01243209901065169,-0.14209954192485602,0.099781061182721828,-0.18938576939969992,0.11221316019337352,-0.33148531132455594,0.91221316019340914,-0.33148531132455594,0.91221316019340914,-0.33148531132455594,0
edge,0.80000000000000004,1.7250000000000001,0,1,0.12588142242433997,0.010971288869525104,-0.12540240560737484,0,0,0.010971288869525104,-0.12540240560737484,0.81097128886953307,-0.12540240560737484,0.81097128886953307,-0.12540240560737484,0
edge,0.80000000000000004,1.7250000000000001,1,1,0.12588142242433997,0.010971288869525104,-0.12540240560737484,0.02398073566056735,-0.045515752388428171,0.034952024530092454,-0.17091815799580301,0.83495202453010009,-0.17091815799580301,0.83495202453010009,-0.17091815799580301,0
edge,0.80000000000000004,1.7250000000000001,4,1,0.12588142242433997,0.010971288869525104,-0.12540240560737484,0.095922942642269401,-0.18206300955371277,0.1068942315117945,-0.30746541516108761,0.90689423151180115,-0.30746541516108761,0.90689423151180115,-0.30746541516108761,0
edge,0.80000000000000004,1.75,0,1,0.11108996538242266,0.0096821284447167304,-0.110667234525165,0,0,0.0096821284447167304,-0.110667234525165,0.80968212844467757,-0.110667234525165,0.80968212844467757,-0.110667234525165,0
edge,0.80000000000000004,1.75,1,1,0.11108996538242266,0.0096821284447167304,-0.110667234525165,0.023053500373940165,-0.043755847591957164,0.032735628818656895,-0.15442308211712216,0.83273562881869267,-0.15442308211712216,0.83273562881869267,-0.15442308211712216,0
edge,0.80000000000000004,1.75,4,1,0.11108996538242266,0.0096821284447167304,-0.110667234525165,0.092214001495760672,-0.17502339036782869,0.10189612994047741,-0.28569062489299368,0.90189612994051593,-0.28569062489299368,0.90189612994051593,-0.28569062489299368,0
edge,0.80000000000000004,1.7750000000000001,0,1,0.098036550358218622,0.0085444483628887031,-0.09766349168606181,0,0,0.0085444483628887031,-0.09766349168606181,0.80854444836286898,-0.09766349168606181,0.80854444836286898,-0.09766349168606181,0
edge,0.80000000000000004,1.7750000000000001,1,1,0.098036550358218622,0.0085444483628887031,-0.09766349168606181,0.022162117418489911,-0.042063990992651373,0.030706565781378613,-0.13972748267871318,0.83070656578132507,-0.13972748267871318,0.83070656578132507,-0.13972748267871318,0
edge,0.80000000000000004,1.7750000000000001,4,1,0.098036550358218622,0.0085444483628887031,-0.09766349168606181,0.088648469673959646,-0.16825596397060549,0.097192918036848347,-0.2659194556566673,0.89719291803680434,-0.2659194556566673,0.89719291803680434,-0.2659194556566673,0
edge,0.80000000000000004,1.8,0,1,0.086516952031206337,0.0075404492145432819,-0.086187728908545633,0,0,0.0075404492145432819,-0.086187728908545633,0.80754044921449442,-0.086187728908545633,0.80754044921449442,-0.086187728908545633,0
edge,0.80000000000000004,1.8,1,1,0.086516952031206337,0.0075404492145432819,-0.086187728908545633,0.021305200533717719,-0.040437551449810802,0.028845649748261003,-0.12662528035835643,0.82884564974827768,-0.12662528035835643,0.82884564974827768,-0.12662528035835643,0
edge,0.80000000000000004,1.8,4,1,0.086516952031206337,0.0075404492145432819,-0.086187728908545633,0.085220802134870891,-0.16175020579924315,0.092761251349414167,-0.2479379347077888,0.89276125134940543,-0.2479379347077888,0.89276125134940543,-0.2479379347077888,0
edge,0.80000000000000004,1.825,0,1,0.076350942188599419,0.0066544230759308836,-0.076060403802592116,0,0,0.0066544230759308836,-0.076060403802592116,0.80665442307592539,-0.076060403802592116,0.80665442307592539,-0.076060403802592116,0
edge,0.80000000000000004,1.825,1,1,0.076350942188599419,0.0066544230759308836,-0.076060403802592116,0.020481417060051611,-0.038873999558001207,0.027135840135982494,-0.11493440336059332,0.82713584013593966,-0.11493440336059332,0.82713584013593966,-0.11493440336059332,0
edge,0.80000000000000004,1.825,4,1,0.076350942188599419,0.0066544230759308836,-0.076060403802592116,0.081925668240206445,-0.15549599823200483,0.088580091316137324,-0.23155640203459693,0.8885800913160935,-0.23155640203459693,0.8885800913160935,-0.23155640203459693,0
edge,0.80000000000000004,1.8500000000000001,0,1,0.067379469990854868,0.0058725077529965053,-0.067123070765121487,0,0,0.0058725077529965053,-0.067123070765121487,0.80587250775299157,-0.067123070765121487,0.80587250775299157,-0.067123070765121487,0
edge,0.80000000000000004,1.8500000000000001,1,1,0.067379469990854868,0.0058725077529965053,-0.067123070765121487,0.019689485866321212,-0.037370903713373829,0.025561993619317717,-0.10449397447849532,0.82556199361927263,-0.10449397447849532,0.82556199361927263,-0.10449397447849532,0
edge,0.80000000000000004,1.8500000000000001,4,1,0.067379469990854868,0.0058725077529965053,-0.067123070765121487,0.078757943465284849,-0.14948361485349537,0.084630451218281361,-0.21660668561861685,0.88463045121822681,-0.21660668561861685,0.88463045121822681,-0.21660668561861685,0
edge,0.80000000000000004,1.875,0,1,0.059462173564720937,0.0051824699024234297,-0.059235902042186143,0,0,0.0051824699024234297,-0.059235902042186143,0.80518246990246567,-0.059235902042186143,0.80518246990246567,-0.059235902042186143,0
edge,0.80000000000000004,1.875,1,1,0.059462173564720937,0.0051824699024234297,-0.059235902042186143,0.018928175357368793,-0.035925926332085002,0.024110645259792222,-0.095161828374271146,0.82411064525977906,-0.095161828374271146,0.82411064525977906,-0.095161828374271146,0
edge,0.80000000000000004,1.875,4,1,0.059462173564720937,0.0051824699024234297,-0.059235902042186143,0.075712701429475171,-0.14370370532834004,0.080895171331898608,-0.20293960737052619,0.88089517133194128,-0.20293960737052619,0.88089517133194128,-0.20293960737052619,0
edge,0.80000000000000004,1.9000000000000001,0,1,0.052475183991813647,0.0045735136366265566,-0.052275500074033594,0,0,0.0045735136366265566,-0.052275500074033594,0.80457351363660834,-0.052275500074033594,0.80457351363660834,-0.052275500074033594,0
edge,0.80000000000000004,1.9000000000000001,1,1,0.052475183991813647,0.0045735136366265566,-0.052275500074033594,0.01819630155869803,-0.034536820214933935,0.022769815195324589,-0.086812320288967529,0.82276981519535664,-0.086812320288967529,0.82276981519535664,-0.086812320288967529,0
edge,0.80000000000000004,1.9000000000000001,4,1,0.052475183991813647,0.0045735136366265566,-0.052275500074033594,0.072785206234792121,-0.13814728085973574,0.07735871987141868,-0.19042278093376933,0.87735871987137948,-0.19042278093376933,0.87735871987137948,-0.19042278093376933,0
edge,0.80000000000000004,1.925,0,1,0.04630918733533259,0.00403611161825138,-0.046132966896395733,0,0,0.00403611161825138,-0.046132966896395733,0.80403611161827815,-0.046132966896395733,0.80403611161827815,-0.046132966896395733,0
edge,0.80000000000000004,1.925,1,1,0.04630918733533259,0.00403611161825138,-0.046132966896395733,0.017492726275180927,-0.033201425052564459,0.021528837893432306,-0.079334391948960192,0.82152883789343711,-0.079334391948960192,0.82152883789343711,-0.079334391948960192,0
edge,0.80000000000000004,1.925,4,1,0.04630918733533259,0.00403611161825138,-0.046132966896395733,0.069970905100723707,-0.13280570021025781,0.074007016718975083,-0.17893866710665354,0.87400701671902503,-0.17893866710665354,0.87400701671902503,-0.17893866710665354,0
edge,0.80000000000000004,1.9500000000000002,0,1,0.040867714384640666,0.0035618560015924987,-0.040712200393106794,0,0,0.0035618560015924987,-0.040712200393106794,0.80356185600161112,-0.040712200393106794,0.80356185600161112,-0.040712200393106794,0
edge,0.80000000000000004,1.9500000000000002,1,1,0.040867714384640666,0.0035618560015924987,-0.040712200393106794,0.016816355320959993,-0.031917664065795971,0.020378211322552492,-0.072629864458902765,0.82037821132252553,-0.072629864458902765,0.82037821132252553,-0.072629864458902765,0
edge,0.80000000000000004,1.9500000000000002,4,1,0.040867714384640666,0.0035618560015924987,-0.040712200393106794,0.067265421283839971,-0.12767065626318388,0.070827277285432463,-0.16838285665629069,0.87082727728537979,-0.16838285665629069,0.87082727728537979,-0.16838285665629069,0
edge,0.80000000000000004,1.9750000000000001,0,1,0.036065631360157203,0.0031433268888577275,-0.035928390744319999,0,0,0.0031433268888577275,-0.035928390744319999,0.80314332688891099,-0.035928390744319999,0.80314332688891099,-0.035928390744319999,0
edge,0.80000000000000004,1.9750000000000001,1,1,0.036065631360157203,0.0031433268888577275,-0.035928390744319999,0.016166136817793105,-0.030683540775859414,0.019309463706650834,-0.066611931520179413,0.81930946370667446,-0.066611931520179413,0.81930946370667446,-0.066611931520179413,0
edge,0.80000000000000004,1.9750000000000001,4,1,0.036065631360157203,0.0031433268888577275,-0.035928390744319999,0.064664547271172421,-0.12273416310343763,0.067807874160030146,-0.15866255384775763,0.86780787416007588,-0.15866255384775763,0.86780787416007588,-0.15866255384775763,0
edge,0.80000000000000004,2,0,1,0.031827807965096752,0.0027739762432278377,-0.031706693546711615,0,0,0.0027739762432278377,-0.031706693546711615,0.80277397624317626,-0.031706693546711615,0.80277397624317626,-0.031706693546711615,0
edge,0.80000000000000004,2,1,1,0.031827807965096752,0.0027739762432278377,-0.031706693546711615,0.015541059559193923,-0.029497135899514373,0.018315035802421761,-0.061203829446225988,0.81831503580243048,-0.061203829446225995,0.81831503580243048,-0.061203829446225995,0
edge,0.80000000000000004,2,4,1,0.031827807965096752,0.0027739762432278377,-0.031706693546711615,0.062164238236775693,-0.11798854359805751,0.064938214480003531,-0.14969523714476912,0.8649382144799711,-0.14969523714476912,0.8649382144799711,-0.14969523714476912,0
blind,0,0.75,0,1,16.487212707001309,5.6389588530893864,-15.492912118096786,0,0,5.6389588530893864,-15.492912118096786,9.6389588530893864,-15.492912118096786,1.584778201597671,-2.5472491145824065,1
blind,0,0.75,1,1,16.487212707001309,5.6389588530893864,-15.492912118096786,0.20062759001201869,-0.5512197732776194,5.8395864431014051,-16.044131891374406,9.8395864431014051,-16.044131891374406,1.5683913257612627,-2.5573714335772242,1
blind,0,0.75,4,1,16.487212707001309,5.6389588530893864,-15.492912118096786,0.80251036004807474,-2.2048790931104776,6.4414692131374611,-17.697791211207264,10.441469213137461,-17.697791211207264,1.5244219370223706,-2.5838223154708149,1
blind,0,0.77500000000000002,0,1,14.549914146181989,4.9763637216533319,-13.672446956235717,0,0,4.9763637216533319,-13.672446956235717,8.9763637216533319,-13.672446956235717,1.6464590971853166,-2.5078222507378216,1
blind,0,0.77500000000000002,1,1,14.549914146181989,4.9763637216533319,-13.672446956235717,0.18679688164190811,-0.51322021433568032,5.16316060329524,-14.185667170571397,9.1631606032952391,-14.185667170571397,1.6277748408223998,-2.5199898943419621,1
blind,0,0.77500000000000002,4,1,14.549914146181989,4.9763637216533319,-13.672446956235717,0.74718752656763243,-2.0528808573427231,5.7235512482209643,-15.72532781357844,9.7235512482209643,-15.725327813578442,1.5777526751768292,-2.5516066499310508,1
blind,0,0.80000000000000004,0,1,12.840254166877411,4.3916255704934404,-12.065892089630211,0,0,4.3916255704934404,-12.065892089630211,8.3916255704934404,-12.065892089630211,1.7129130494830023,-2.4629106530507436,1
blind,0,0.80000000000000004,1,1,12.840254166877411,4.3916255704934404,-12.065892089630211,0.17391962386155946,-0.4778402393596739,4.5655451943549998,-12.543732328989885,8.5655451943549998,-12.543732328989885,1.6917628867925609,-2.477486293578897,1
blind,0,0.80000000000000004,4,1,12.840254166877411,4.3916255704934404,-12.065892089630211,0.69567849544623606,-1.9113609574386921,5.0873040659396764,-13.977253047068903,9.0873040659396764,-13.977253047068903,1.635229375803313,-2.515159018533403,1
blind,0,0.82499999999999996,0,1,11.33148453066822,3.8755959632717412,-10.648112396018599,0,0,3.8755959632717412,-10.648112396018599,7.8755959632717412,-10.648112396018599,1.7839424462283771,-2.4119596490291277,1
blind,0,0.82499999999999996,1,1,11.33148453066822,3.8755959632717412,-10.648112396018599,0.16193008843762069,-0.4448992615126528,4.0375260517093619,-11.093011657531251,8.0375260517093619,-11.093011657531251,1.7601982022135967,-2.4293419456560708,1
blind,0,0.82499999999999996,4,1,11.33148453066822,3.8755959632717412,-10.648112396018599,0.64772035375048187,-1.7795970460506076,4.523316317022223,-12.427709442069206,8.523316317022223,-12.427709442069206,1.6967825401725323,-2.4740511335390076,1
blind,0,0.84999999999999998,0,1,10.000000000000018,3.4202014332566884,-9.3969262078591029,0,0,3.4202014332566884,-9.3969262078591029,7.4202014332566879,-9.3969262078591029,1.8591760354631104,-2.3544563001167957,1
blind,0,0.84999999999999998,1,1,10.000000000000018,3.4202014332566884,-9.3969262078591029,0.15076707825844959,-0.41422914311223913,3.5709685115151379,-9.8111553509713421,7.5709685115151384,-9.8111553509713421,1.8327689527139164,-2.375070097064071,1
blind,0,0.84999999999999998,4,1,10.000000000000018,3.4202014332566884,-9.3969262078591029,0.60306831303379793,-1.6569165724489547,4.0232697462904863,-11.053842780308058,8.0232697462904863,-11.053842780308058,1.7622318058457713,-2.4278671838602603,1
blind,0,0.875,0,1,8.8249690258459097,3.0183171710644068,-8.2927582722516071,0,0,3.0183171710644068,-8.2927582722516071,7.0183171710644068,-8.2927582722516071,1.9380468371343347,-2.2899725887166418,1
blind,0,0.875,1,1,8.8249690258459097,3.0183171710644068,-8.2927582722516071,0.14037361497116541,-0.38567333742049392,3.1586907860355722,-8.678431609672101,7.1586907860355726,-8.678431609672101,1.9089877619414855,-2.3142527357135472,1
blind,0,0.875,4,1,8.8249690258459097,3.0183171710644068,-8.2927582722516071,0.56149445988466251,-1.5426933496819775,3.5798116309490693,-9.8354516219335846,7.5798116309490693,-9.8354516219335846,1.8312686141655392,-2.3762271067329039,1
blind,0,0.90000000000000002,0,1,7.788007830714049,2.663655554482248,-7.3183334891448624,0,0,2.663655554482248,-7.3183334891448624,6.663655554482248,-7.3183334891448624,2.0197810131131693,-2.2182165491825949,1
blind,0,0.90000000000000002,1,1,7.788007830714049,2.663655554482248,-7.3183334891448624,0.13069664815215587,-0.35908608959645427,2.7943522026344039,-7.6774195787413166,6.7943522026344034,-7.6774195787413166,1.9881794029393334,-2.246584666049289,1
blind,0,0.90000000000000002,4,1,7.788007830714049,2.663655554482248,-7.3183334891448624,0.52278659260862348,-1.4363443583858171,3.1864421470908715,-8.7546778475306795,7.1864421470908715,-8.7546778475306795,1.9034431555791713,-2.3188152478105728,1
blind,0,0.92500000000000004,0,1,6.8728927879097546,2.3506677763828456,-6.4584066362514871,0,0,2.3506677763828456,-6.4584066362514871,6.3506677763828456,-6.4584066362514871,2.1034032271899892,-2.1390873904183394,1
blind,0,0.92500000000000004,1,1,6.8728927879097546,2.3506677763828456,-6.4584066362514871,-0.21264490820617832,-0.45601847725926881,2.1380228681766673,-6.9144251135107559,6.1380228681766678,-6.9144251135107559,1.9916169625048279,-2.2435378032614119,1
blind,0,0.92500000000000004,4,1,6.8728927879097546,2.3506677763828456,-6.4584066362514871,-0.85057963282471305,-1.8240739090370734,1.5000881435581326,-8.2824805452885606,5.5000881435581324,-8.2824805452885606,1.6595929108118921,-2.4991501296206504,1
blind,0,0.94999999999999996,0,1,6.0653065971263267,2.0744570316632709,-5.6995238521236979,0,0,2.0744570316632709,-5.6995238521236979,6.0744570316632709,-5.6995238521236979,2.1877631508653566,-2.0527280374457031,1
blind,0,0.94999999999999996,1,1,6.0653065971263267,2.0744570316632709,-5.6995238521236979,0.11329803585452947,-0.31128379517887961,2.1877550675178004,-6.0108076473025775,6.1877550675178004,-6.0108076473025775,2.1518649815157076,-2.0903294241163053,1
blind,0,0.94999999999999996,4,1,6.0653065971263267,2.0744570316632709,-5.6995238521236979,0.45319214341811742,-1.2451351807155175,2.5276491750813883,-6.9446590328392155,6.5276491750813879,-6.9446590328392155,2.054674827190702,-2.185934892559442,1
blind,0,0.97499999999999998,0,1,5.3526142851899214,1.8307019049876776,-5.0298121457062095,0,0,1.8307019049876776,-5.0298121457062095,5.8307019049876772,-5.0298121457062095,2.2715852860700507,-1.9595663520559969,1
blind,0,0.97499999999999998,1,1,5.3526142851899214,1.8307019049876776,-5.0298121457062095,0.1054875841977243,-0.28982475561606602,1.9361894891854019,-5.3196369013222755,5.9361894891854021,-5.3196369013222755,2.2341691963029597,-2.0021208760439482,1
blind,0,0.97499999999999998,4,1,5.3526142851899214,1.8307019049876776,-5.0298121457062095,0.42195033679089722,-1.1592990224642641,2.2526522417785748,-6.1891111681704736,6.2526522417785753,-6.1891111681704736,2.1321262898317932,-2.1104590695410588,1
blind,0,1,0,1,4.723665527410132,1.6155887607073356,-4.4387936391680762,0,0,1.6155887607073356,-4.4387936391680762,5.615588760707336,-4.4387936391680762,2.3535402338371929,-1.8603355524500331,1
blind,0,1,1,1,4.723665527410132,1.6155887607073356,-4.4387936391680762,0.09821556336739512,-0.26984504259093267,1.7138043240747307,-4.7086386817590089,5.7138043240747312,-4.7086386817590089,2.3151637029945391,-1.9078828654654387,1
blind,0,1,4,1,4.723665527410132,1.6155887607073356,-4.4387936391680762,0.39286225346958048,-1.0793801703637298,2.0084510141769161,-5.518173809531806,6.0084510141769165,-5.518173809531806,2.209551449587642,-2.029256610590477,1
blind,0,1.0249999999999999,0,1,4.1686201967850911,1.4257520771747141,-3.9172216377780518,0,0,1.4257520771747141,-3.9172216377780518,5.4257520771747139,-3.9172216377780518,2.4323306679677601,-1.7560659217875361,1
blind,0,1.0249999999999999,1,1,4.1686201967850911,1.4257520771747141,-3.9172216377780518,0.091444855439043682,-0.25124267544406509,1.5171969326137578,-4.1684643132221169,5.517196932613758,-4.1684643132221169,2.3936196003372081,-1.808475935389118,1
blind,0,1.0249999999999999,4,1,4.1686201967850911,1.4257520771747141,-3.9172216377780518,0.36577942175617473,-1.004970701776259,1.7915314989308888,-4.9221923395543108,5.7915314989308886,-4.9221923395543108,2.2859366508728836,-1.9428056074131721,1
blind,0,1.05,0,1,3.6787944117144185,1.2582217919602314,-3.4569359620764772,0,0,1.2582217919602314,-3.4569359620764772,5.2582217919602314,-3.4569359620764772,2.5067809541128425,-1.6480440674014476,1
blind,0,1.05,1,1,3.6787944117144185,1.2582217919602314,-3.4569359620764772,0.085140901294708193,-0.23392270377922619,1.3433626932549396,-3.6908586658557034,5.3433626932549396,-3.6908586658557034,2.4683895807909644,-1.7050081751835116,1
blind,0,1.05,4,1,3.6787944117144185,1.2582217919602314,-3.4569359620764772,0.34056360517883277,-0.93569081511690433,1.5987853971390642,-4.3926267771933816,5.5987853971390642,-4.3926267771933816,2.3602690097578507,-1.8517910793544432,1
blind,0,1.075,0,1,3.2465246735834978,1.1103768341693487,-3.0507352789657927,0,0,1.1103768341693487,-3.0507352789657927,5.1103768341693492,-3.0507352789657927,2.5759171841267934,-1.5377420656665055,1
blind,0,1.075,1,1,3.2465246735834978,1.1103768341693487,-3.0507352789657927,0.07927152422595718,-0.21779672281656692,1.1896483583953059,-3.2685320017823596,5.1896483583953064,-3.2685320017823596,2.538483325376506,-1.5987815381675621,1
blind,0,1.075,4,1,3.2465246735834978,1.1103768341693487,-3.0507352789657927,0.31708609690382872,-0.87118689126626858,1.4274629310731775,-3.9219221702320612,5.4274629310731779,-3.9219221702320612,2.4315936325885223,-1.7570863399261158,1
blind,0,1.1000000000000001,0,1,2.8650479686018904,0.97990411685613277,-2.6922644342928539,0,0,0.97990411685613277,-2.6922644342928539,4.9799041168561331,-2.6922644342928539,2.6390254604041425,-1.4267251379781247,1
blind,0,1.1000000000000001,1,1,2.8650479686018904,0.97990411685613277,-2.6922644342928539,0.073806765697194021,-0.20278242215601905,1.0537108825533268,-2.8950468564488729,5.053710882553327,-2.8950468564488729,2.6031276649252972,-1.4912164028405031,1
blind,0,1.1000000000000001,4,1,2.8650479686018904,0.97990411685613277,-2.6922644342928539,0.2952270627887762,-0.81112968862407619,1.275131179644909,-3.5033941229169301,5.2751311796449087,-3.5033941229169301,2.4990682223626242,-1.6597162468257383,1
blind,0,1.125,0,1,2.5283959580474624,0.86476234795543583,-2.3759150242021172,0,0,0.86476234795543583,-2.3759150242021172,4.8647623479554358,-2.3759150242021172,2.6956805105370867,-1.3165510188027316,1
blind,0,1.125,1,1,2.5283959580474624,0.86476234795543583,-2.3759150242021172,0.068718732430993357,-0.18880316564769783,0.93348108038642919,-2.564718189849815,4.9334810803864295,-2.564718189849815,2.6618032052384772,-1.3837643211841273,1
blind,0,1.125,4,1,2.5283959580474624,0.86476234795543583,-2.3759150242021172,0.27487492972397343,-0.75521266259079178,1.1396372776794093,-3.131127686792909,5.1396372776794088,-3.131127686792909,2.5620081662144698,-1.5608056112951316,1
blind,0,1.1499999999999999,0,1,2.231301601484307,0.76315009354245733,-2.0967376496625829,0,0,0.76315009354245733,-2.0967376496625829,4.7631500935424569,-2.0967376496625829,2.7457428417568157,-1.2086754100837847,1
blind,0,1.1499999999999999,1,1,2.231301601484307,0.76315009354245733,-2.0967376496625829,0.063981454034937824,-0.1757876002248655,0.82713154757739515,-2.2725252498874484,4.8271315475773955,-2.2725252498874484,2.7142537513453089,-1.2778210255383649,1
blind,0,1.1499999999999999,4,1,2.231301601484307,0.76315009354245733,-2.0967376496625829,0.25592581613975129,-0.70315040089946157,1.0190759096822086,-2.7998880505620445,5.0190759096822086,-2.7998880505620445,2.6199166242607164,-1.4615186902405084,1
blind,0,1.175,0,1,1.9691167520419401,0.67347759375835836,-1.8503644813597269,0,0,0.67347759375835836,-1.8503644813597269,4.6734775937583581,-1.8503644813597269,2.7893286806720701,-1.1043756205115229,1
blind,0,1.175,1,1,1.9691167520419401,0.67347759375835836,-1.8503644813597269,0.05957075044327409,-0.16366929170286215,0.73304834420163245,-2.014033773062589,4.7330483442016327,-2.014033773062589,2.7604700747216899,-1.1746509977716899,1
blind,0,1.175,4,1,1.9691167520419401,0.67347759375835836,-1.8503644813597269,0.23828300177309625,-0.65467716681144883,0.91176059553145461,-2.5050416481711757,4.9117605955314545,-2.5050416481711757,2.6724967361760759,-1.3629971368745497,1
blind,0,1.2,0,1,1.7377394345044535,0.59434189045188046,-1.6329409234525121,0,0,0.59434189045188046,-1.6329409234525121,4.5943418904518802,-1.6329409234525121,2.8267611334461793,-1.004699703612016,1
blind,0,1.2,1,1,1.7377394345044535,0.59434189045188046,-1.6329409234525121,0.055464108496769637,-0.15238638568505558,0.6498059989486501,-1.7853273091375677,4.6498059989486498,-1.7853273091375677,2.8006538098190026,-1.0753316872232062,1
blind,0,1.2,4,1,1.7377394345044535,0.59434189045188046,-1.6329409234525121,0.22185643398707844,-0.60954554274022255,0.8161983244389589,-2.2424864661927346,4.8161983244389592,-2.2424864661927346,2.7196461193359762,-1.266303670365353,1
blind,0,1.2250000000000001,0,1,1.5335496684492822,0.52450487740005469,-1.4410653070504671,0,0,0.52450487740005469,-1.4410653070504671,4.5245048774000551,-1.4410653070504671,2.8585125115604386,-0.91044287094382503,1
blind,0,1.2250000000000001,1,1,1.5335496684492822,0.52450487740005469,-1.4410653070504671,0.051640567030807549,-0.141881291844977,0.57614544443086224,-1.5829465988954441,4.5761454444308622,-1.5829465988954441,2.8351695369535075,-0.98072100861092526,1
blind,0,1.2250000000000001,4,1,1.5335496684492822,0.52450487740005469,-1.4410653070504671,0.20656226812323042,-0.56752516737990777,0.73106714552328511,-2.0085904744303749,4.7310671455232853,-2.0085904744303749,2.7614365396131935,-1.1723771738178426,1
blind,0,1.25,0,1,1.353352832366127,0.46287392969606328,-1.2717356698941578,0,0,0.46287392969606328,-1.2717356698941578,4.4628739296960633,-1.2717356698941578,2.8851468253229053,-0.82214828122982819,1
blind,0,1.25,1,1,1.353352832366127,0.46287392969606328,-1.2717356698941578,0.048080609885195857,-0.13210038997318208,0.51095453958125914,-1.4038360598673398,4.5109545395812596,-1.4038360598673398,2.8644932286892133,-0.8914474425302068,1
blind,0,1.25,4,1,1.353352832366127,0.46287392969606328,-1.2717356698941578,0.19232243954078326,-0.52840155989272808,0.65519636923684654,-1.8001372297868858,4.6551963692368465,-1.8001372297868858,2.7980833814822965,-1.0820024908809587,1
blind,0,1.2749999999999999,0,1,1.194329682667193,0.40848480924393366,-1.1223027895879369,0,0,0.40848480924393366,-1.1223027895879369,4.4084848092439337,-1.1223027895879369,2.907268973224272,-0.74012641982805027,1
blind,0,1.2749999999999999,1,1,1.194329682667193,0.40848480924393366,-1.1223027895879369,0.044766066289574968,-0.12299375628841602,0.45325087553350862,-1.245296545876353,4.4532508755335085,-1.245296545876353,2.8891637249946043,-0.80791891311894848,1
blind,0,1.2749999999999999,4,1,1.194329682667193,0.40848480924393366,-1.1223027895879369,0.17906426515829993,-0.49197502515366454,0.58754907440223358,-1.6142778147416015,4.5875490744022338,-1.6142778147416015,2.829910098178531,-0.99579557953787845,1
blind,0,1.3,0,1,1.0539922456186457,0.36048657891063218,-0.99042873557341027,0,0,0.36048657891063218,-0.99042873557341027,4.3604865789106322,-0.99042873557341038,2.9254842236167256,-0.66448631089710708,1
blind,0,1.3,1,1,1.0539922456186457,0.36048657891063218,-0.99042873557341027,0.041680018115986317,-0.11451490861613212,0.4021665970266185,-1.1049436441895424,4.4021665970266186,-1.1049436441895424,2.9097415937133522,-0.73034502655558575,1
blind,0,1.3,4,1,1.0539922456186457,0.36048657891063218,-0.99042873557341027,0.16672007246394527,-0.45805963446452846,0.52720665137457745,-1.4484883700379387,4.527206651374577,-1.4484883700379387,2.8573123333840815,-0.91420251010988551,1
blind,0,1.3250000000000002,0,1,0.93014489210662987,0.31812828931194831,-0.87405029137430501,0,0,0.31812828931194831,-0.87405029137430501,4.3181282893119484,-0.87405029137430501,2.9403690110020535,-0.59517231046042662,1
blind,0,1.3250000000000002,1,1,0.93014489210662987,0.31812828931194831,-0.87405029137430501,0.038806713525184111,-0.10662056913368756,0.35693500283713242,-0.98067086050799257,4.3569350028371323,-0.98067086050799268,2.926777399464692,-0.6587670711129211,1
blind,0,1.3250000000000002,4,1,0.93014489210662987,0.31812828931194831,-0.87405029137430501,0.15522685410073644,-0.42648227653475035,0.47335514341268475,-1.3005325679090554,4.473355143412685,-1.3005325679090554,2.880725254750657,-0.83750940689747777,1
blind,0,1.3500000000000001,0,1,0.82084998623898753,0.28074722994233153,-0.77134667484099106,0,0,0.28074722994233153,-0.77134667484099106,4.2807472299423317,-0.77134667484099106,2.9524522575969954,-0.53200156636085694,1
blind,0,1.3500000000000001,1,1,0.82084998623898753,0.28074722994233153,-0.77134667484099106,0.036131486565935678,-0.09927044347123648,0.31687871650826721,-0.87061711831222754,4.3168787165082669,-0.87061711831222754,2.9407895403421564,-0.59309095374501131,1
blind,0,1.3500000000000001,4,1,0.82084998623898753,0.28074722994233153,-0.77134667484099106,0.14452594626374277,-0.39708177388494581,0.4252731762060743,-1.1684284487259369,4.4252731762060744,-1.1684284487259369,2.9005962566215024,-0.76585988018261442,1
blind,0,1.375,0,1,0.72439757034251639,0.24775856083331413,-0.68071105136610344,0,0,0.24775856083331413,-0.68071105136610344,4.2477585608333142,-0.68071105136610344,2.9622054335596975,-0.47469881966295951,1
blind,0,1.375,1,1,0.72439757034251639,0.24775856083331413,-0.68071105136610344,0.033640682316918774,-0.092427015040780658,0.2813992431502329,-0.77313806640688409,4.2813992431502328,-0.77313806640688409,2.9522506031595888,-0.53311947642516777,1
blind,0,1.375,4,1,0.72439757034251639,0.24775856083331413,-0.68071105136610344,0.13456272926767518,-0.36970806016312241,0.38232129010098931,-1.0504191115292258,4.3823212901009896,-1.0504191115292258,2.9173639147887416,-0.69927661814800313,1
blind,0,1.3999999999999999,0,1,0.63927861206707459,0.21864616252421543,-0.60072539438568739,0,0,0.21864616252421543,-0.60072539438568739,4.2186461625242151,-0.60072539438568739,2.970039230195507,-0.42292667343131746,1
blind,0,1.3999999999999999,1,1,0.63927861206707459,0.21864616252421543,-0.60072539438568739,0.031321587189130251,-0.086055353543614599,0.24996774971334568,-0.68678074792930199,4.2499677497133455,-0.68678074792930199,2.9615805938590976,-0.47858163992906649,1
blind,0,1.3999999999999999,4,1,0.63927861206707459,0.21864616252421543,-0.60072539438568739,0.125286348756521,-0.34422141417445817,0.34393251128073643,-0.94494680856014557,4.3439325112807365,-0.94494680856014557,2.9314431024089282,-0.63768435557030856,1
blind,0,1.425,0,1,0.56416139503777529,0.19295456118962898,-0.53013829984928129,0,0,0.19295456118962898,-0.53013829984928129,4.1929545611896293,-0.53013829984928129,2.9763048139255042,-0.37631058263603701,1
blind,0,1.425,1,1,0.56416139503777529,0.19295456118962898,-0.53013829984928129,0.029162364033053556,-0.080122936678730383,0.22211692522268253,-0.61026123652801167,4.2221169252226822,-0.61026123652801167,2.9691452664095883,-0.42915776464784716,1
blind,0,1.425,4,1,0.56416139503777529,0.19295456118962898,-0.53013829984928129,0.11664945613221425,-0.32049174671492142,0.30960401732184323,-0.85063004656420271,4.3096040173218428,-0.85063004656420271,2.9432155580233914,-0.5809321638617162,1
blind,0,1.4500000000000002,0,1,0.49787068367863785,0.1702818025894165,-0.46784540755845117,0,0,0.1702818025894165,-0.46784540755845117,4.1702818025894164,-0.46784540755845117,2.9812979479541672,-0.33445858566386066,1
blind,0,1.4500000000000002,1,1,0.49787068367863785,0.1702818025894165,-0.46784540755845117,0.027151991719355395,-0.074599484142147787,0.19743379430877189,-0.54244489170059895,4.1974337943087718,-0.54244489170059895,2.9752579247955944,-0.38450004023538675,1
blind,0,1.4500000000000002,4,1,0.49787068367863785,0.1702818025894165,-0.46784540755845117,0.10860796687742164,-0.29839793656859126,0.27888976946683813,-0.76624334412704243,4.2788897694668382,-0.76624334412704243,2.9530248959204117,-0.52881373287220979,1
blind,0,1.4750000000000001,0,1,0.43936933623407498,0.15027316335168223,-0.41287212305876292,0,0,0.15027316335168223,-0.41287212305876292,4.1502731633516818,-0.41287212305876292,2.9852646628265922,-0.29697624968814035,1
blind,0,1.4750000000000001,1,1,0.43936933623407498,0.15027316335168223,-0.41287212305876292,0.025280208884723709,-0.069456803069874506,0.17555337223640594,-0.48232892612863743,4.175553372236406,-0.48232892612863743,2.9801833605109325,-0.34424865683654099,1
blind,0,1.4750000000000001,4,1,0.43936933623407498,0.15027316335168223,-0.41287212305876292,0.10112083553889484,-0.27782721227949819,0.25139399889057706,-0.69069933533826111,4.2513939988905767,-0.69069933533826111,2.9611749843689803,-0.48108493215582171,1
blind,0,1.5,0,1,0.38774207831721835,0.13261560119944785,-0.36435836976288183,0,0,0.13261560119944785,-0.36435836976288183,4.1326156011994479,-0.36435836976288183,2.9884075354565467,-0.26347751711773804,1
blind,0,1.5,1,1,0.38774207831721835,0.13261560119944785,-0.36435836976288183,0.023537461555709155,-0.064668644135592035,0.156153062755157,-0.42902701389847386,4.1561530627551573,-0.42902701389847386,2.9841429100743926,-0.30804397779007903,1
blind,0,1.5,4,1,0.38774207831721835,0.13261560119944785,-0.36435836976288183,0.094149846222836592,-0.25867457654236825,0.22676544742228444,-0.62303294630525008,4.2267654474222844,-0.62303294630525008,2.9679307007749682,-0.43747840563552659,1
blind,0,1.5249999999999999,0,1,0.34218118311666057,0.11703285729290717,-0.32154513274651758,0,0,0.11703285729290717,-0.32154513274651758,4.1170328572929069,-0.32154513274651758,2.9908919548282773,-0.23359219709460996,1
blind,0,1.5249999999999999,1,1,0.34218118311666057,0.11703285729290717,-0.32154513274651758,0.021914854383235163,-0.060210567568574791,0.13894771167614234,-0.38175570031509237,4.1389477116761419,-0.38175570031509237,2.9873199143967364,-0.27553534990755207,1
blind,0,1.5249999999999999,4,1,0.34218118311666057,0.11703285729290717,-0.32154513274651758,0.087659417532940723,-0.24084227027429911,0.2046922748258479,-0.56238740302081669,4.204692274825848,-0.56238740302081669,2.9735202310617193,-0.39771526934058976,1
blind,0,1.55,0,1,0.30197383422318391,0.10328113406161495,-0.28376258368995316,0,0,0.10328113406161495,-0.28376258368995316,4.1032811340616151,-0.28376258368995316,2.9928519983859578,-0.20697080894942319,1
blind,0,1.55,1,1,0.30197383422318391,0.10328113406161495,-0.28376258368995316,0.020404105238863754,-0.056059818407953987,0.1236852393004787,-0.33982240209790715,4.123685239300479,-0.33982240209790715,2.9898651076018345,-0.24638717163250945,1
blind,0,1.55,4,1,0.30197383422318391,0.10328113406161495,-0.28376258368995316,0.081616420955455002,-0.22423927363181589,0.18489755501706995,-0.50800185732176906,4.1848975550170699,-0.50800185732176906,2.9781382614870986,-0.3615141704921136,1
blind,0,1.5750000000000002,0,1,0.26649097336355465,0.091145280904799994,-0.25041960117578632,0,0,0.091145280904799994,-0.25041960117578632,4.0911452809047999,-0.25041960117578632,2.9943957201681157,-0.18328740010942426,1
blind,0,1.5750000000000002,1,1,0.26649097336355465,0.091145280904799994,-0.25041960117578632,0.018997502941069958,-0.052195210356612454,0.11014278384586995,-0.30261481153239878,4.1101427838458697,-0.30261481153239878,2.9919016509124745,-0.22028279839153722,1
blind,0,1.5750000000000002,4,1,0.26649097336355465,0.091145280904799994,-0.25041960117578632,0.075990011764279844,-0.2087808414264497,0.16713529266907984,-0.45920044260223603,4.1671352926690801,-0.45920044260223603,2.9819495830224345,-0.32859805889921095,1
blind,0,1.6000000000000001,0,1,0.23517745856009181,0.080435428083689128,-0.22099452238410203,0,0,0.080435428083689128,-0.22099452238410203,4.080435428083689,-0.22099452238410203,2.9956097715707402,-0.1622408594340454,1
blind,0,1.6000000000000001,1,1,0.23517745856009181,0.080435428083689128,-0.22099452238410203,0.017687867895747958,-0.048597017641863832,0.098123295979437086,-0.26959154002596586,4.0981232959794367,-0.26959154002596586,2.9935296622545726,-0.19692679147852293,1
blind,0,1.6000000000000001,4,1,0.23517745856009181,0.080435428083689128,-0.22099452238410203,0.07075147158299179,-0.1943880705674553,0.15118689966668092,-0.41538259295155733,4.1511868996666808,-0.41538259295155733,2.9850927755086878,-0.29869904855195073,1
blind,0,1.625,0,1,0.20754337873699741,0.070984016141921291,-0.19502698149213152,0,0,0.070984016141921291,-0.19502698149213152,4.0709840161419208,-0.19502698149213152,2.9965633515781276,-0.1435551461246154,1
blind,0,1.625,1,1,0.20754337873699741,0.070984016141921291,-0.19502698149213152,0.016468515450052595,-0.045246874330959169,0.087452531591973887,-0.24027385582309069,4.0874525315919739,-0.24027385582309069,2.9948301837275229,-0.17604593330881482,1
blind,0,1.625,4,1,0.20754337873699741,0.070984016141921291,-0.19502698149213152,0.065874061800210382,-0.18098749732383665,0.13685807794213167,-0.37601447881596817,4.136858077942132,-0.37601447881596817,2.9876837558504814,-0.27156173336308681,1
blind,0,1.6499999999999999,0,1,0.18315638888734215,0.062643174378260724,-0.17211070708722956,0,0,0.062643174378260724,-0.17211070708722956,4.0626431743782607,-0.17211070708722956,2.9973115276273408,-0.12697876339080491,1
blind,0,1.6499999999999999,1,1,0.18315638888734215,0.062643174378260724,-0.17211070708722956,0.015333221772524663,-0.042127680587501465,0.077976396150785388,-0.21423838767473102,4.0779763961507856,-0.21423838767473102,2.9958685873030158,-0.1573893503736308,1
blind,0,1.6499999999999999,4,1,0.18315638888734215,0.062643174378260724,-0.17211070708722956,0.061332887090098653,-0.16851072235000583,0.12397606146835938,-0.34062142943723539,4.1239760614683592,-0.34062142943723539,2.9898190624747945,-0.24694528475421243,1
blind,0,1.675,0,1,0.16163494588165861,0.055282407356881537,-0.15188716590612428,0,0,0.055282407356881537,-0.15188716590612428,4.0552824073568816,-0.15188716590612428,2.9978979909721821,-0.11228372867407961,1
blind,0,1.675,1,1,0.16163494588165861,0.055282407356881537,-0.15188716590612428,0.014276192085345009,-0.039223515390282265,0.069558599442226546,-0.19111068129640654,4.0695585994422263,-0.19111068129640654,2.9966974532979518,-0.14072801212826186,1
blind,0,1.675,4,1,0.16163494588165861,0.055282407356881537,-0.15188716590612428,0.057104768341380056,-0.15689406156112906,0.11238717569826159,-0.30878122746725334,4.1123871756982613,-0.30878122746725334,2.9915788111441652,-0.224624612883945,1
blind,0,1.7000000000000002,0,1,0.14264233908999255,0.048786553259867943,-0.13403995345450731,0,0,0.048786553259867943,-0.13403995345450731,4.0487865532598679,-0.13403995345450731,2.9983573190742701,-0.099264228973767021,1
blind,0,1.7000000000000002,1,1,0.14264233908999255,0.048786553259867943,-0.13403995345450731,0.013292031086569928,-0.036519555269039716,0.062078584346437871,-0.17055950872354703,4.0620785843464375,-0.17055950872354703,2.9973589738355018,-0.12585381189215755,1
blind,0,1.7000000000000002,4,1,0.14264233908999255,0.048786553259867943,-0.13403995345450731,0.05316812434627971,-0.14607822107615887,0.10195467760614765,-0.28011817453066618,4.1019546776061473,-0.28011817453066618,2.9930292999471217,-0.20439082576779397,1
blind,0,1.7250000000000001,0,1,0.12588142242433967,0.043053982139611674,-0.11828984374618576,0,0,0.043053982139611674,-0.11828984374618576,4.0430539821396119,-0.11828984374618576,2.9987168176236398,-0.08773509959618217,1
blind,0,1.7250000000000001,1,1,0.12588142242433967,0.043053982139611674,-0.11828984374618576,0.012375715411374041,-0.034001998642346765,0.055429697550985715,-0.15229184238853252,4.055429697550986,-0.15229184238853252,2.9978869403720889,-0.11257838489901384,1
blind,0,1.7250000000000001,4,1,0.12588142242433967,0.043053982139611674,-0.11828984374618576,0.049502861645496166,-0.13600799456938709,0.09255684378510784,-0.25429783831557284,4.0925568437851076,-0.25429783831557284,2.9942252687368169,-0.18605117591119738,1
blind,0,1.75,0,1,0.11108996538242316,0.037995005882139901,-0.10439042071322507,0,0,0.037995005882139901,-0.10439042071322507,4.0379950058821397,-0.10439042071322507,2.998998010021094,-0.07753022565114201,1
blind,0,1.75,1,1,0.11108996538242316,0.037995005882139901,-0.10439042071322507,0.01152256799173984,-0.031657995371435849,0.049517573873879742,-0.13604841608466092,4.0495175738738798,-0.13604841608466092,2.9983083745504473,-0.10073177800800104,1
blind,0,1.75,4,1,0.11108996538242316,0.037995005882139901,-0.10439042071322507,0.046090271966959362,-0.12663198148574339,0.084085277849099263,-0.23102240219896847,4.0840852778490992,-0.23102240219896847,2.9952118346425203,-0.16942864461887994,1
blind,0,1.7750000000000001,0,1,0.098036550358217761,0.033530475004671774,-0.092124222938923334,0,0,0.033530475004671774,-0.092124222938923334,4.0335304750046719,-0.092124222938923334,2.9992178350000449,-0.068500935888830522,1
blind,0,1.7750000000000001,1,1,0.098036550358217761,0.033530475004671774,-0.092124222938923334,0.01072823418371787,-0.029475581170386053,0.044258709188389644,-0.12159980410930939,4.0442587091883899,-0.12159980410930939,2.9986448579926663,-0.090161053865535648,1
blind,0,1.7750000000000001,4,1,0.098036550358217761,0.033530475004671774,-0.092124222938923334,0.042912936734871503,-0.11790232468154421,0.076443411739543277,-0.21002654762046755,4.0764434117395432,-0.21002654762046755,2.9960261339046728,-0.15436128063805918,1
blind,0,1.8,0,1,0.086516952031206337,0.02959054033381318,-0.081299341396613004,0,0,0.02959054033381318,-0.081299341396613004,4.029590540333813,-0.081299341396613004,2.9993896050724769,-0.060514436155103504,1
blind,0,1.8,1,1,0.086516952031206337,0.02959054033381318,-0.081299341396613004,0.0099886595404080937,-0.027443616537891249,0.039579199874221274,-0.10874295793450425,4.039579199874221,-0.10874295793450425,2.998913611067803,-0.080728887966279347,1
blind,0,1.8,4,1,0.086516952031206337,0.02959054033381318,-0.081299341396613004,0.039954638161632389,-0.10977446615156498,0.069545178495445573,-0.19107380754817799,4.0695451784954457,-0.19107380754817799,2.9966987037499537,-0.14070138216573036,1
blind,0,1.825,0,1,0.076350942188599835,0.026113560190394795,-0.071746416964678747,0,0,0.026113560190394795,-0.071746416964678747,4.026113560190395,-0.071746416964678747,2.999523770569227,-0.053452313234937196,1
blind,0,1.825,1,1,0.076350942188599835,0.026113560190394795,-0.071746416964678747,0.0093000691172095036,-0.025551729898900352,0.035413629307604298,-0.097298146863579099,4.0354136293076044,-0.097298146863579099,2.9991283643625879,-0.072312198665132998,1
blind,0,1.825,4,1,0.076350942188599835,0.026113560190394795,-0.071746416964678747,0.037200276468838014,-0.10220691959560142,0.063313836659232806,-0.17395333656028017,4.0633138366592325,-0.17395333656028017,2.9972546382073664,-0.12831458897735942,1
blind,0,1.8500000000000001,0,1,0.067379469990854549,0.023045135983479664,-0.063315990742871572,0,0,0.023045135983479664,-0.063315990742871572,4.0230451359834793,-0.063315990742871572,2.9996285267097602,-0.047209127814763996,1
blind,0,1.8500000000000001,1,1,0.067379469990854549,0.023045135983479664,-0.063315990742871572,0.0086589482037085809,-0.02379026466591648,0.031704084187188245,-0.087106255408788053,4.0317040841871883,-0.087106255408788053,2.9993000602792965,-0.064800836480773782,1
blind,0,1.8500000000000001,4,1,0.067379469990854549,0.023045135983479664,-0.063315990742871572,0.03463579281483431,-0.095161058663665934,0.057680928798313977,-0.15847704940653751,4.0576809287983142,-0.15847704940653751,2.997714549996402,-0.11707893380053622,1
blind,0,1.875,0,1,0.059462173564721214,0.020337261125061724,-0.055876165714659441,0,0,0.020337261125061724,-0.055876165714659441,4.0203372611250616,-0.055876165714659441,2.9997102946161975,-0.041691106648858479,1
blind,0,1.875,1,1,0.059462173564721214,0.020337261125061724,-0.055876165714659441,0.0080620243838580886,-0.022150229949742688,0.028399285508919812,-0.078026395664402129,4.0283992855089199,-0.078026395664402129,2.9994374162896444,-0.058096348953269518,1
blind,0,1.875,4,1,0.059462173564721214,0.020337261125061724,-0.055876165714659441,0.032248097535432355,-0.088600919798970723,0.052585358660494075,-0.14447708551363017,4.0525853586604939,-0.14447708551363017,2.9980953677994093,-0.10688388830747426,1
blind,0,1.9000000000000001,0,1,0.052475183991813751,0.017947569949920982,-0.049310543171490209,0,0,0.017947569949920982,-0.049310543171490209,4.0179475699499214,-0.049310543171490209,2.9997741015526826,-0.036814937916468497,1
blind,0,1.9000000000000001,1,1,0.052475183991813751,0.017947569949920982,-0.049310543171490209,0.0075062508328765064,-0.020623254668090646,0.025453820782797489,-0.069933797839580855,4.0254538207827979,-0.069933797839580855,2.9995473760876976,-0.052110830020345382,1
blind,0,1.9000000000000001,4,1,0.052475183991813751,0.017947569949920982,-0.049310543171490209,0.030025003331506022,-0.08249301867236257,0.047972573281427004,-0.13180356184385278,4.0479725732814273,-0.13180356184385278,2.9984109949581996,-0.097629428523251405,1
blind,0,1.925,0,1,0.046309187335332541,0.015838674889725672,-0.043516401613604233,0,0,0.015838674889725672,-0.043516401613604233,4.0158386748897259,-0.043516401613604233,2.9998238809028028,-0.032506669550173575,1
blind,0,1.925,1,1,0.046309187335332541,0.015838674889725672,-0.043516401613604233,0.0069887907656136401,-0.019201544817816468,0.022827465655339312,-0.062717946431420701,4.0228274656553396,-0.062717946431420701,2.9996354702788883,-0.046765857682164666,1
blind,0,1.925,4,1,0.046309187335332541,0.015838674889725672,-0.043516401613604233,0.027955163062454554,-0.076806179271265845,0.043793837952180226,-0.12032258088487008,4.0437938379521805,-0.12032258088487008,2.998672852285178,-0.089225136412756478,1
blind,0,1.9500000000000002,0,1,0.040867714384640492,0.013977581531227244,-0.038403089635632791,0,0,0.013977581531227244,-0.038403089635632791,4.0139775815312273,-0.038403089635632791,2.9998627084233203,-0.02870070750176577,1
blind,0,1.9500000000000002,1,1,0.040867714384640492,0.013977581531227244,-0.038403089635632791,0.0065070029570020328,-0.017877843692687523,0.020484584488229277,-0.056280933328320314,4.0204845844882291,-0.056280933328320314,2.9997061043107665,-0.041991520104972556,1
blind,0,1.9500000000000002,4,1,0.040867714384640492,0.013977581531227244,-0.038403089635632791,0.026028011828008124,-0.071511374770750091,0.04000559335923537,-0.10991446440638289,4.0400055933592354,-0.10991446440638289,2.9988903244750955,-0.081589348383571444,1
blind,0,1.9750000000000001,0,1,0.036065631360157301,0.012335172406931737,-0.033890607653124662,0,0,0.012335172406931737,-0.033890607653124662,4.0123351724069316,-0.033890607653124662,2.9998929880389129,-0.025338909111622787,1
blind,0,1.9750000000000001,1,1,0.036065631360157301,0.012335172406931737,-0.033890607653124662,0.0060584282606886142,-0.01664539484362771,0.018393600667620351,-0.050536002496752372,4.0183936006676202,-0.050536002496752372,2.9997627880463247,-0.037725527862971814,1
blind,0,1.9750000000000001,4,1,0.036065631360157301,0.012335172406931737,-0.033890607653124662,0.024233713042754464,-0.066581579374510869,0.0365688854496862,-0.10047218702763552,4.036568885449686,-0.10047218702763552,2.9990711266656769,-0.074648356983004191,1
blind,0,2,0,1,0.03182780796509662,0.010885751441964193,-0.029908356280592255,0,0,0.010885751441964193,-0.029908356280592255,4.0108857514419638,-0.029908356280592255,2.9999165977712683,-0.022369765677306783,1
blind,0,2,1,1,0.03182780796509662,0.010885751441964193,-0.029908356280592255,0.0056407770570341409,-0.015497907592379019,0.016526528498998334,-0.045406263872971274,4.0165265284989982,-0.045406263872971274,2.9998083186355116,-0.033912408424998229,1
blind,0,2,4,1,0.03182780796509662,0.010885751441964193,-0.029908356280592255,0.022563108228136564,-0.06199163036951609,0.033448859670100757,-0.091899986650108345,4.0334488596701004,-0.091899986650108345,2.9992216050780982,-0.068335668817662329,1
blind,0.80000000000000004,0.75,0,1,16.487212707001309,5.6389588530893864,-15.492912118096786,0,0,5.6389588530893864,-15.492912118096786,6.4389588530894271,-15.492912118096786,1.151343782942349,-2.7702720973723975,1
blind,0.80000000000000004,0.75,1,1,16.487212707001309,5.6389588530893864,-15.492912118096786,0.094114237047179472,-0.15112508880996778,5.7330730901365659,-15.644037206906754,6.5330730901366207,-15.644037206906756,1.1560658913205568,-2.7683048341765617,1
blind,0.80000000000000004,0.75,4,1,16.487212707001309,5.6389588530893864,-15.492912118096786,0.37645694818871966,-0.60450035523987111,6.015415801278106,-16.097412473336657,6.8154158012780908,-16.097412473336657,1.1696436784111031,-2.7625954581793057,1
blind,0.80000000000000004,0.77500000000000002,0,1,14.549914146181989,4.9763637216533319,-13.672446956235717,0,0,4.9763637216533319,-13.672446956235717,5.7763637216533548,-13.672446956235717,1.1675255288698949,-2.7634912953430995,1
blind,0.80000000000000004,0.77500000000000002,1,1,14.549914146181989,4.9763637216533319,-13.672446956235717,0.089928893954739131,-0.14440442287896538,5.066292615608071,-13.816851379114683,5.8662926156081152,-13.816851379114683,1.1724282921035112,-2.7614148366146183,1
blind,0.80000000000000004,0.77500000000000002,4,1,14.549914146181989,4.9763637216533319,-13.672446956235717,0.35971557581895741,-0.57761769151586151,5.3360792974722893,-14.250064647751579,6.1360792974722855,-14.250064647751579,1.1864785989377236,-2.7554071449175761,1
blind,0.80000000000000004,0.80000000000000004,0,1,12.840254166877411,4.3916255704934404,-12.065892089630211,0,0,4.3916255704934404,-12.065892089630211,5.1916255704934633,-12.065892089630211,1.1857177508983741,-2.7557346416526669,1
blind,0.80000000000000004,0.80000000000000004,1,1,12.840254166877411,4.3916255704934404,-12.065892089630211,0.085929676759411322,-0.13798263088684237,4.4775552472528517,-12.203874720517053,5.2775552472528187,-12.203874720517053,1.1907722322983538,-2.7535543377219005,1
blind,0.80000000000000004,0.80000000000000004,4,1,12.840254166877411,4.3916255704934404,-12.065892089630211,0.3437187070376444,-0.55193052354736949,4.7353442775310848,-12.61782261317758,5.5353442775311068,-12.61782261317758,1.205205713814661,-2.7472675856910103,1
blind,0.80000000000000004,0.82499999999999996,0,1,11.33148453066822,3.8755959632717412,-10.648112396018599,0,0,3.8755959632717412,-10.648112396018599,4.675595963271717,-10.648112396018599,1.2061464326675875,-2.7468547072903857,1
blind,0.80000000000000004,0.82499999999999996,1,1,11.33148453066822,3.8755959632717412,-10.648112396018599,0.082108308278462605,-0.13184642164605087,3.9577042715502038,-10.779958817664649,4.7577042715502005,-10.779958817664649,1.2113127656868672,-2.7445803656814518,1
blind,0.80000000000000004,0.82499999999999996,4,1,11.33148453066822,3.8755959632717412,-10.648112396018599,0.32843323311384953,-0.52738568658420171,4.2040291963855907,-11.1754980826028,5.0040291963855399,-11.1754980826028,1.2260094777792885,-2.7380468879102939,1
blind,0.80000000000000004,0.84999999999999998,0,1,10.000000000000018,3.4202014332566884,-9.3969262078591029,0,0,3.4202014332566884,-9.3969262078591029,4.2202014332567428,-9.3969262078591029,1.2290555880811738,-2.7366809023717855,1
blind,0.80000000000000004,0.84999999999999998,1,1,10.000000000000018,3.4202014332566884,-9.3969262078591029,0.078456879422773351,-0.12598309503986904,3.4986583126794617,-9.522909302898972,4.2986583126795042,-9.522909302898972,1.2342806859104716,-2.7343282883348845,1
blind,0.80000000000000004,0.84999999999999998,4,1,10.000000000000018,3.4202014332566884,-9.3969262078591029,0.31382751769109429,-0.50393238015947439,3.7340289509477826,-9.9008585880185773,4.5340289509477882,-9.9008585880185773,1.2490842376583489,-2.72759758161525,1
blind,0.80000000000000004,0.875,0,1,8.8249690258459097,3.0183171710644068,-8.2927582722516071,0,0,3.0183171710644068,-8.2927582722516071,3.8183171710644004,-8.2927582722516071,1.2547062269647746,-2.7250160153686833,1
blind,0.80000000000000004,0.875,1,1,8.8249690258459097,3.0183171710644068,-8.2927582722516071,0.074967832827390168,-0.12038051573696151,3.0932850038917969,-8.4131387879885686,3.8932850038917444,-8.4131387879885686,1.2599212017349037,-2.7226087793546054,1
blind,0.80000000000000004,0.875,4,1,8.8249690258459097,3.0183171710644068,-8.2927582722516071,0.29987133130956112,-0.48152206294784605,3.3181885023739679,-8.7742803351994532,4.1181885023739984,-8.7742803351994532,1.2746323230913292,-2.7157526472289089,1
blind,0.80000000000000004,0.90000000000000002,0,1,7.788007830714049,2.663655554482248,-7.3183334891448624,0,0,2.663655554482248,-7.3183334891448624,3.4636555544822478,-7.3183334891448624,1.28337425426861,-2.7116324462361341,1
blind,0.80000000000000004,0.90000000000000002,1,1,7.788007830714049,2.663655554482248,-7.3183334891448624,0.071633947210041793,-0.11502708807487938,2.7352895016922898,-7.4333605772197417,3.5352895016922403,-7.4333605772197417,1.2884915788505813,-2.7092045790657808,1
blind,0.80000000000000004,0.90000000000000002,4,1,7.788007830714049,2.663655554482248,-7.3183334891448624,0.28653578884016673,-0.4601083522995193,2.9501913433224147,-7.7784418414443817,3.7501913433224399,-7.7784418414443817,1.3028612416089436,-2.7023235530027199,1
blind,0.80000000000000004,0.92500000000000004,0,1,6.8728927879097546,2.3506677763828456,-6.4584066362514871,0,0,2.3506677763828456,-6.4584066362514871,3.1506677763828428,-6.4584066362514871,1.3153469471464119,-2.6962682375150822,1
blind,0.80000000000000004,0.92500000000000004,1,1,6.8728927879097546,2.3506677763828456,-6.4584066362514871,0.068448322425244346,-0.10991173206050409,2.41911609880809,-6.5683183683119912,3.2191160988080947,-6.5683183683119912,1.3202574349118201,-2.6938671655373225,1
blind,0.80000000000000004,0.92500000000000004,4,1,6.8728927879097546,2.3506677763828456,-6.4584066362514871,0.27379328970097827,-0.43964692824201546,2.6244610660838239,-6.8980535644935026,3.4244610660838504,-6.8980535644935026,1.3339797755035354,-2.6870984274022529,1
blind,0.80000000000000004,0.94999999999999996,0,1,6.0653065971263267,2.0744570316632709,-5.6995238521236979,0,0,2.0744570316632709,-5.6995238521236979,2.8744570316632245,-5.6995238521236979,1.3509175834801601,-2.6786230945476892,1
blind,0.80000000000000004,0.94999999999999996,1,1,6.0653065971263267,2.0744570316632709,-5.6995238521236979,0.065404365183068247,-0.10502386043777534,2.1398613968463391,-5.8045477125614733,2.9398613968463216,-5.8045477125614733,1.355487322458826,-2.6763135314558015,1
blind,0.80000000000000004,0.94999999999999996,4,1,6.0653065971263267,2.0744570316632709,-5.6995238521236979,0.26161746073227388,-0.42009544175110314,2.3360744923955448,-6.1196192938748011,3.136074492395502,-6.1196192938748011,1.3681927653196313,-2.6698405489705035,1
blind,0.80000000000000004,0.97499999999999998,0,1,5.3526142851899214,1.8307019049876776,-5.0298121457062095,0,0,1.8307019049876776,-5.0298121457062095,2.630701904987709,-5.0298121457062095,1.3903777312657128,-2.6583547100416336,1
blind,0.80000000000000004,0.97499999999999998,1,1,5.3526142851899214,1.8307019049876776,-5.0298121457062095,0.062495775402999554,-0.10035335677525037,1.8931976803906772,-5.1301655024814599,2.6931976803906688,-5.1301655024814599,1.3944451931119373,-2.6562233722725597,1
blind,0.80000000000000004,0.97499999999999998,4,1,5.3526142851899214,1.8307019049876776,-5.0298121457062095,0.24998310161199822,-0.40141342710100059,2.0806850065996758,-5.4312255728072101,2.8806850065996592,-5.4312255728072101,1.4056943679574552,-2.6502874077904393,1
blind,0.80000000000000004,1,0,1,4.723665527410132,1.6155887607073356,-4.4387936391680762,0,0,1.6155887607073356,-4.4387936391680762,2.4155887607073545,-4.4387936391680762,1.4340066671310048,-2.6350758772042719,1
blind,0.80000000000000004,1,1,1,4.723665527410132,1.6155887607073356,-4.4387936391680762,0.059716533174658082,-0.095890554528105021,1.6753052938819937,-4.5346841936961813,2.4753052938819575,-4.5346841936961813,1.4373803210107061,-2.6332371356888933,1
blind,0.80000000000000004,1,4,1,4.723665527410132,1.6155887607073356,-4.4387936391680762,0.23886613269863211,-0.38356221811241831,1.8544548934059677,-4.8223558572804945,2.6544548934059886,-4.8223558572804945,1.4466596063785753,-2.6281506774294074,1
blind,0.80000000000000004,1.0249999999999999,0,1,4.1686201967850911,1.4257520771747141,-3.9172216377780518,0,0,1.4257520771747141,-3.9172216377780518,2.2257520771746808,-3.9172216377780518,1.4820574002547549,-2.6083530938793658,1
blind,0.80000000000000004,1.0249999999999999,1,1,4.1686201967850911,1.4257520771747141,-3.9172216377780518,0.057060886298386349,-0.091626217031289148,1.4828129634731004,-4.0088478548093409,2.282812963473102,-4.0088478548093409,1.4845142964470259,-2.6069555622688156,1
blind,0.80000000000000004,1.0249999999999999,4,1,4.1686201967850911,1.4257520771747141,-3.9172216377780518,0.22824354519354584,-0.36650486812515704,1.6539956223682599,-4.2837265059032088,2.4539956223682546,-4.2837265059032088,1.49123409559071,-2.6031175294534066,1
blind,0.80000000000000004,1.05,0,1,3.6787944117144185,1.2582217919602314,-3.4569359620764772,0,0,1.2582217919602314,-3.4569359620764772,2.0582217919602463,-3.4569359620764772,1.5347388732778189,-2.5777076232284326,1
blind,0.80000000000000004,1.05,1,1,3.6787944117144185,1.2582217919602314,-3.4569359620764772,0.054523338379916186,-0.087551518382389837,1.3127451303401476,-3.5444874804588671,2.112745130340099,-3.5444874804588671,1.5360248131018883,-2.5769415541558542,1
blind,0.80000000000000004,1.05,4,1,3.6787944117144185,1.2582217919602314,-3.4569359620764772,0.21809335351966497,-0.3502060735295589,1.4763151454798964,-3.8071420356060361,2.2763151454798791,-3.8071420356060361,1.5395219508715918,-2.5748538138667918,1
blind,0.80000000000000004,1.075,0,1,3.2465246735834978,1.1103768341693487,-3.0507352789657927,0,0,1.1103768341693487,-3.0507352789657927,1.9103768341693916,-3.0507352789657927,1.5921941451096933,-2.542620263483784,1
blind,0.80000000000000004,1.075,1,1,3.2465246735834978,1.1103768341693487,-3.0507352789657927,0.052098637454478292,-0.083658025174654149,1.162475471623827,-3.1343933041404468,1.9624754716238701,-3.1343933041404468,1.5920262029998078,-2.5427254214645703,1
blind,0.80000000000000004,1.075,4,1,3.2465246735834978,1.1103768341693487,-3.0507352789657927,0.20839454981791361,-0.33463210069861704,1.3187713839872623,-3.3853673796644097,2.1187713839873057,-3.3853673796644097,1.591572073878611,-2.5430096998732932,1
blind,0.80000000000000004,1.1000000000000001,0,1,2.8650479686018904,0.97990411685613277,-2.6922644342928539,0,0,0.97990411685613277,-2.6922644342928539,1.7799041168561347,-2.6922644342928539,1.6544747907687452,-2.5025413416586395,1
blind,0.80000000000000004,1.1000000000000001,1,1,2.8650479686018904,0.97990411685613277,-2.6922644342928539,0.049781765116806986,-0.079937679042363818,1.0296858819729398,-2.7722021133352177,1.8296858819729644,-2.7722021133352177,1.6525470637540618,-2.5038147299825764,1
blind,0.80000000000000004,1.1000000000000001,4,1,2.8650479686018904,0.97990411685613277,-2.6922644342928539,0.19912706046722783,-0.31975071616945483,1.1790311773233606,-3.0120151504623087,1.9790311773233427,-3.0120151504623087,1.6473632809996808,-2.5072283941464391,1
blind,0.80000000000000004,1.125,0,1,2.5283959580474624,0.86476234795543583,-2.3759150242021172,0,0,0.86476234795543583,-2.3759150242021172,1.6647623479554285,-2.3759150242021172,1.6647623479554285,-2.3759150242021172,0
blind,0.80000000000000004,1.125,1,1,2.5283959580474624,0.86476234795543583,-2.3759150242021172,0.047567926134542637,-0.076382779982427262,0.91233027408997847,-2.4522978041845445,1.7123302740900126,-2.4522978041845445,1.7123302740900126,-2.4522978041845445,0
blind,0.80000000000000004,1.125,4,1,2.5283959580474624,0.86476234795543583,-2.3759150242021172,0.19027170453817055,-0.30553111992970816,1.0550340524936064,-2.6814461441318254,1.8550340524936537,-2.6814461441318254,1.7067890856906631,-2.4671584904434871,1
blind,0.80000000000000004,1.1499999999999999,0,1,2.231301601484307,0.76315009354245733,-2.0967376496625829,0,0,0.76315009354245733,-2.0967376496625829,1.5631500935424647,-2.0967376496625829,1.5631500935424647,-2.0967376496625829,0
blind,0.80000000000000004,1.1499999999999999,1,1,2.231301601484307,0.76315009354245733,-2.0967376496625829,0.045452538523536257,-0.072985970417678736,0.80860263206599359,-2.1697236200802617,1.6086026320659697,-2.1697236200802617,1.6086026320659697,-2.1697236200802617,0
blind,0.80000000000000004,1.1499999999999999,4,1,2.231301601484307,0.76315009354245733,-2.0967376496625829,0.18181015409414514,-0.29194388167071539,0.94496024763660247,-2.3886815313332983,1.7449602476365955,-2.3886815313332983,1.7449602476365955,-2.3886815313332983,0
blind,0.80000000000000004,1.175,0,1,1.9691167520419401,0.67347759375835836,-1.8503644813597269,0,0,0.67347759375835836,-1.8503644813597269,1.4734775937583766,-1.8503644813597269,1.4734775937583766,-1.8503644813597269,0
blind,0.80000000000000004,1.175,1,1,1.9691167520419401,0.67347759375835836,-1.8503644813597269,0.043431224064513496,-0.069740219968896566,0.71690881782287186,-1.9201047013286234,1.5169088178228485,-1.9201047013286234,1.5169088178228485,-1.9201047013286234,0
blind,0.80000000000000004,1.175,4,1,1.9691167520419401,0.67347759375835836,-1.8503644813597269,0.17372489625805387,-0.27896087987558649,0.84720249001641224,-2.1293253612353134,1.6472024900163751,-2.1293253612353134,1.6472024900163751,-2.1293253612353134,0
blind,0.80000000000000004,1.2,0,1,1.7377394345044535,0.59434189045188046,-1.6329409234525121,0,0,0.59434189045188046,-1.6329409234525121,1.3943418904518445,-1.6329409234525121,1.3943418904518445,-1.6329409234525121,0
blind,0.80000000000000004,1.2,1,1,1.7377394345044535,0.59434189045188046,-1.6329409234525121,0.041499799241470736,-0.066638810904019463,0.6358416896933512,-1.6995797343565315,1.4358416896933512,-1.6995797343565315,1.4358416896933512,-1.6995797343565315,0
blind,0.80000000000000004,1.2,4,1,1.7377394345044535,0.59434189045188046,-1.6329409234525121,0.16599919696588306,-0.2665552436160783,0.76034108741776352,-1.8994961670685904,1.5603410874177603,-1.8994961670685904,1.5603410874177603,-1.8994961670685904,0
blind,0.80000000000000004,1.2250000000000001,0,1,1.5335496684492822,0.52450487740005469,-1.4410653070504671,0,0,0.52450487740005469,-1.4410653070504671,1.3245048774001011,-1.4410653070504671,1.3245048774001011,-1.4410653070504671,0
blind,0.80000000000000004,1.2250000000000001,1,1,1.5335496684492822,0.52450487740005469,-1.4410653070504671,0.039654266583049713,-0.063675324234454767,0.56415914398310441,-1.5047406312849219,1.3641591439831346,-1.5047406312849219,1.3641591439831346,-1.5047406312849219,0
blind,0.80000000000000004,1.2250000000000001,4,1,1.5335496684492822,0.52450487740005469,-1.4410653070504671,0.15861706633219896,-0.25470129693781929,0.68312194373225366,-1.6957666039882864,1.4831219437322352,-1.6957666039882864,1.4831219437322352,-1.6957666039882864,0
blind,0.80000000000000004,1.25,0,1,1.353352832366127,0.46287392969606328,-1.2717356698941578,0,0,0.46287392969606328,-1.2717356698941578,1.2628739296960401,-1.2717356698941578,1.2628739296960401,-1.2717356698941578,0
blind,0.80000000000000004,1.25,1,1,1.353352832366127,0.46287392969606328,-1.2717356698941578,0.03789080638896708,-0.060843626429690323,0.50076473608503036,-1.3325792963238481,1.3007647360849806,-1.3325792963238481,1.3007647360849806,-1.3325792963238481,0
blind,0.80000000000000004,1.25,4,1,1.353352832366127,0.46287392969606328,-1.2717356698941578,0.15156322555586837,-0.24337450571876129,0.61443715525193165,-1.5151101756129191,1.414437155251913,-1.5151101756129191,1.414437155251913,-1.5151101756129191,0
blind,0.80000000000000004,1.2749999999999999,0,1,1.194329682667193,0.40848480924393366,-1.1223027895879369,0,0,0.40848480924393366,-1.1223027895879369,1.2084848092439593,-1.1223027895879369,1.2084848092439593,-1.1223027895879369,0
blind,0.80000000000000004,1.2749999999999999,1,1,1.194329682667193,0.40848480924393366,-1.1223027895879369,0.036205768824378814,-0.058137856722723757,0.44469057806831247,-1.1804406463106607,1.2446905780683082,-1.1804406463106607,1.2446905780683082,-1.1804406463106607,0
blind,0.80000000000000004,1.2749999999999999,4,1,1.194329682667193,0.40848480924393366,-1.1223027895879369,0.14482307529751531,-0.23255142689089503,0.55330788454144897,-1.354854216478832,1.3533078845414659,-1.354854216478832,1.3533078845414659,-1.354854216478832,0
blind,0.80000000000000004,1.3,0,1,1.0539922456186457,0.36048657891063218,-0.99042873557341027,0,0,0.36048657891063218,-0.99042873557341027,1.1604865789106578,-0.99042873557341038,1.1604865789106578,-0.99042873557341038,0
blind,0.80000000000000004,1.3,1,1,1.0539922456186457,0.36048657891063218,-0.99042873557341027,0.034595666365814237,-0.055552414980028164,0.39508224527644642,-1.0459811505534384,1.1950822452764243,-1.0459811505534384,1.1950822452764243,-1.0459811505534384,0
blind,0.80000000000000004,1.3,4,1,1.0539922456186457,0.36048657891063218,-0.99042873557341027,0.13838266546325689,-0.22220965992011288,0.49886924437388908,-1.2126383954935231,1.2988692443738348,-1.2126383954935231,1.2988692443738348,-1.2126383954935231,0
blind,0.80000000000000004,1.3250000000000002,0,1,0.93014489210662987,0.31812828931194831,-0.87405029137430501,0,0,0.31812828931194831,-0.87405029137430501,1.1181282893119038,-0.87405029137430501,1.1181282893119038,-0.87405029137430501,0
blind,0.80000000000000004,1.3250000000000002,1,1,0.93014489210662987,0.31812828931194831,-0.87405029137430501,0.033057166583045361,-0.053081950110951071,0.35118545589499367,-0.92713224148525608,1.1511854558949874,-0.92713224148525608,1.1511854558949874,-0.92713224148525608,0
blind,0.80000000000000004,1.3250000000000002,4,1,0.93014489210662987,0.31812828931194831,-0.87405029137430501,0.13222866633218139,-0.21232780044380395,0.4503569556441297,-1.086378091818109,1.2503569556441274,-1.086378091818109,1.2503569556441274,-1.086378091818109,0
blind,0.80000000000000004,1.3500000000000001,0,1,0.82084998623898753,0.28074722994233153,-0.77134667484099106,0,0,0.28074722994233153,-0.77134667484099106,1.080747229942336,-0.77134667484099106,1.080747229942336,-0.77134667484099106,0
blind,0.80000000000000004,1.3500000000000001,1,1,0.82084998623898753,0.28074722994233153,-0.77134667484099106,0.031587085241955137,-0.050721348992559534,0.31233431518428667,-0.8220680238335506,1.1123343151843157,-0.8220680238335506,1.1123343151843157,-0.8220680238335506,0
blind,0.80000000000000004,1.3500000000000001,4,1,0.82084998623898753,0.28074722994233153,-0.77134667484099106,0.1263483409678206,-0.20288539597023825,0.40709557091015214,-0.97423207081122931,1.2070955709101439,-0.97423207081122931,1.2070955709101439,-0.97423207081122931,0
blind,0.80000000000000004,1.375,0,1,0.72439757034251639,0.24775856083331413,-0.68071105136610344,0,0,0.24775856083331413,-0.68071105136610344,1.0477585608332785,-0.68071105136610344,1.0477585608332785,-0.68071105136610344,0
blind,0.80000000000000004,1.375,1,1,0.72439757034251639,0.24775856083331413,-0.68071105136610344,0.030182379714124435,-0.048465725887004818,0.27794094054743856,-0.72917677725310825,1.0779409405474727,-0.72917677725310825,1.0779409405474727,-0.72917677725310825,0
blind,0.80000000000000004,1.375,4,1,0.72439757034251639,0.24775856083331413,-0.68071105136610344,0.12072951885649777,-0.19386290354801938,0.3684880796898119,-0.87457395491412282,1.1684880796898334,-0.87457395491412282,1.1684880796898334,-0.87457395491412282,0
blind,0.80000000000000004,1.3999999999999999,0,1,0.63927861206707459,0.21864616252421543,-0.60072539438568739,0,0,0.21864616252421543,-0.60072539438568739,1.0186461625242282,-0.60072539438568739,1.0186461625242282,-0.60072539438568739,0
blind,0.80000000000000004,1.3999999999999999,1,1,0.63927861206707459,0.21864616252421543,-0.60072539438568739,0.028840142679502384,-0.046310412329507722,0.24748630520371781,-0.64703580671519512,1.047486305203682,-0.64703580671519512,1.047486305203682,-0.64703580671519512,0
blind,0.80000000000000004,1.3999999999999999,4,1,0.63927861206707459,0.21864616252421543,-0.60072539438568739,0.11536057071800954,-0.185241649318031,0.33400673324222496,-0.78596704370371839,1.1340067332422654,-0.78596704370371839,1.1340067332422654,-0.78596704370371839,0
blind,0.80000000000000004,1.425,0,1,0.56416139503777529,0.19295456118962898,-0.53013829984928129,0,0,0.19295456118962898,-0.53013829984928129,0.99295456118964065,-0.53013829984928129,0.99295456118964065,-0.53013829984928129,0
blind,0.80000000000000004,1.425,1,1,0.56416139503777529,0.19295456118962898,-0.53013829984928129,0.027557596109123894,-0.044250947466033308,0.22051215729875287,-0.5743892473153146,1.020512157298703,-0.5743892473153146,1.020512157298703,-0.5743892473153146,0
blind,0.80000000000000004,1.425,4,1,0.56416139503777529,0.19295456118962898,-0.53013829984928129,0.1102303844364956,-0.17700378986413334,0.30318494562612458,-0.70714208971341463,1.1031849456261122,-0.70714208971341463,1.1031849456261122,-0.70714208971341463,0
blind,0.80000000000000004,1.4500000000000002,0,1,0.49787068367863785,0.1702818025894165,-0.46784540755845117,0,0,0.1702818025894165,-0.46784540755845117,0.97028180258940111,-0.46784540755845117,0.97028180258940111,-0.46784540755845117,0
blind,0.80000000000000004,1.4500000000000002,1,1,0.49787068367863785,0.1702818025894165,-0.46784540755845117,0.026332085515420961,-0.042283068820658243,0.19661388810483746,-0.51012847637910941,0.99661388810479146,-0.51012847637910941,0.99661388810479146,-0.51012847637910941,0
blind,0.80000000000000004,1.4500000000000002,4,1,0.49787068367863785,0.1702818025894165,-0.46784540755845117,0.10532834206168384,-0.16913227528263308,0.27561014465110034,-0.63697768284108425,1.0756101446510735,-0.63697768284108425,1.0756101446510735,-0.63697768284108425,0
blind,0.80000000000000004,1.4750000000000001,0,1,0.43936933623407498,0.15027316335168223,-0.41287212305876292,0,0,0.15027316335168223,-0.41287212305876292,0.95027316335172252,-0.41287212305876292,0.95027316335172252,-0.41287212305876292,0
blind,0.80000000000000004,1.4750000000000001,1,1,0.43936933623407498,0.15027316335168223,-0.41287212305876292,0.025161074458228155,-0.040402703473521651,0.17543423780991038,-0.45327482653228457,0.97543423780988014,-0.45327482653228457,0.97543423780988014,-0.45327482653228457,0
blind,0.80000000000000004,1.4750000000000001,4,1,0.43936933623407498,0.15027316335168223,-0.41287212305876292,0.10064429783291262,-0.16161081389408666,0.25091746118459485,-0.57448293695284958,1.0509174611845751,-0.57448293695284958,1.0509174611845751,-0.57448293695284958,0
blind,0.80000000000000004,1.5,0,1,0.38774207831721835,0.13261560119944785,-0.36435836976288183,0,0,0.13261560119944785,-0.36435836976288183,0.93261560119939357,-0.36435836976288183,0.93261560119939357,-0.36435836976288183,0
blind,0.80000000000000004,1.5,1,1,0.38774207831721835,0.13261560119944785,-0.36435836976288183,0.024042139295109982,-0.038605959631098918,0.15665774049455783,-0.40296432939398075,0.95665774049458197,-0.40296432939398075,0.95665774049458197,-0.40296432939398075,0
blind,0.80000000000000004,1.5,4,1,0.38774207831721835,0.13261560119944785,-0.36435836976288183,0.096168557180439873,-0.15442383852439578,0.22878415837988772,-0.51878220828727761,1.0287841583799251,-0.51878220828727761,1.0287841583799251,-0.51878220828727761,0
blind,0.80000000000000004,1.5249999999999999,0,1,0.34218118311666057,0.11703285729290717,-0.32154513274651758,0,0,0.11703285729290717,-0.32154513274651758,0.91703285729294315,-0.32154513274651758,0.91703285729294315,-0.32154513274651758,0
blind,0.80000000000000004,1.5249999999999999,1,1,0.34218118311666057,0.11703285729290717,-0.32154513274651758,0.022972964165147117,-0.036889118571355295,0.14000582145805429,-0.35843425131787288,0.94000582145803424,-0.35843425131787288,0.94000582145803424,-0.35843425131787288,0
blind,0.80000000000000004,1.5249999999999999,4,1,0.34218118311666057,0.11703285729290717,-0.32154513274651758,0.091891856660588425,-0.14755647428542112,0.2089247139534956,-0.46910160703193871,1.0089247139535296,-0.46910160703193871,1.0089247139535296,-0.46910160703193871,0
blind,0.80000000000000004,1.55,0,1,0.30197383422318391,0.10328113406161495,-0.28376258368995316,0,0,0.10328113406161495,-0.28376258368995316,0.90328113406157318,-0.28376258368995316,0.90328113406157318,-0.28376258368995316,0
blind,0.80000000000000004,1.55,1,1,0.30197383422318391,0.10328113406161495,-0.28376258368995316,0.021951336195796603,-0.035248626947102513,0.12523247025741155,-0.31901121063705568,0.92523247025744215,-0.31901121063705568,0.92523247025744215,-0.31901121063705568,0
blind,0.80000000000000004,1.55,4,1,0.30197383422318391,0.10328113406161495,-0.28376258368995316,0.087805344783186398,-0.14099450778841,0.19108647884480134,-0.42475709147836316,0.99108647884482703,-0.42475709147836316,0.99108647884482703,-0.42475709147836316,0
blind,0.80000000000000004,1.5750000000000002,0,1,0.26649097336355465,0.091145280904799994,-0.25041960117578632,0,0,0.091145280904799994,-0.25041960117578632,0.89114528090483702,-0.25041960117578632,0.89114528090483702,-0.25041960117578632,0
blind,0.80000000000000004,1.5750000000000002,1,1,0.26649097336355465,0.091145280904799994,-0.25041960117578632,0.020975140922908669,-0.033681089431634947,0.11212042182770866,-0.28410069060742127,0.91212042182775566,-0.28410069060742127,0.91212042182775566,-0.28410069060742127,0
blind,0.80000000000000004,1.5750000000000002,4,1,0.26649097336355465,0.091145280904799994,-0.25041960117578632,0.083900563691634691,-0.13472435772653979,0.17504584459643469,-0.38514395890232611,0.97504584459640053,-0.38514395890232611,0.97504584459640053,-0.38514395890232611,0
blind,0.80000000000000004,1.6000000000000001,0,1,0.23517745856009181,0.080435428083689128,-0.22099452238410203,0,0,0.080435428083689128,-0.22099452238410203,0.88043542808369235,-0.22099452238410203,0.88043542808369235,-0.22099452238410203,0
blind,0.80000000000000004,1.6000000000000001,1,1,0.23517745856009181,0.080435428083689128,-0.22099452238410203,0.020042357914418149,-0.032183261691418691,0.10047778599810728,-0.25317778407552072,0.90047778599811057,-0.25317778407552072,0.90047778599811057,-0.25317778407552072,0
blind,0.80000000000000004,1.6000000000000001,4,1,0.23517745856009181,0.080435428083689128,-0.22099452238410203,0.08016943165767261,-0.12873304676567468,0.16060485974136174,-0.34972756914977671,0.96060485974136522,-0.34972756914977671,0.96060485974136522,-0.34972756914977671,0
blind,0.80000000000000004,1.625,0,1,0.20754337873699741,0.070984016141921291,-0.19502698149213152,0,0,0.070984016141921291,-0.19502698149213152,0.87098401614194021,-0.19502698149213152,0.87098401614194021,-0.19502698149213152,0
blind,0.80000000000000004,1.625,1,1,0.20754337873699741,0.070984016141921291,-0.19502698149213152,0.019151056588655097,-0.03075204367129214,0.090135072730576388,-0.22577902516342366,0.89013507273061343,-0.22577902516342366,0.89013507273061343,-0.22577902516342366,0
blind,0.80000000000000004,1.625,4,1,0.20754337873699741,0.070984016141921291,-0.19502698149213152,0.076604226354620414,-0.12300817468516859,0.14758824249654171,-0.3180351561773001,0.94758824249652207,-0.3180351561773001,0.94758824249652207,-0.3180351561773001,0
blind,0.80000000000000004,1.6499999999999999,0,1,0.18315638888734215,0.062643174378260724,-0.17211070708722956,0,0,0.062643174378260724,-0.17211070708722956,0.86264317437823035,-0.17211070708722956,0.86264317437823035,-0.17211070708722956,0
blind,0.80000000000000004,1.6499999999999999,1,1,0.18315638888734215,0.062643174378260724,-0.17211070708722956,0.018299392218618496,-0.029384473178280052,0.08094256659687922,-0.20149518026550961,0.8809425665968762,-0.20149518026550961,0.8809425665968762,-0.20149518026550961,0
blind,0.80000000000000004,1.6499999999999999,4,1,0.18315638888734215,0.062643174378260724,-0.17211070708722956,0.073197568874473984,-0.11753789271312023,0.13584074325273471,-0.28964859980034979,0.93584074325270272,-0.28964859980034979,0.93584074325270272,-0.28964859980034979,0
blind,0.80000000000000004,1.675,0,1,0.16163494588165861,0.055282407356881537,-0.15188716590612428,0,0,0.055282407356881537,-0.15188716590612428,0.85528240735688321,-0.15188716590612428,0.85528240735688321,-0.15188716590612428,0
blind,0.80000000000000004,1.675,1,1,0.16163494588165861,0.055282407356881537,-0.15188716590612428,0.017485602113943281,-0.028077719750740054,0.072768009470824818,-0.17996488565686433,0.87276800947078126,-0.17996488565686433,0.87276800947078126,-0.17996488565686433,0
blind,0.80000000000000004,1.675,4,1,0.16163494588165861,0.055282407356881537,-0.15188716590612428,0.069942408455773125,-0.11231087900296022,0.12522481581265466,-0.2641980449090845,0.92522481581269744,-0.2641980449090845,0.92522481581269744,-0.2641980449090845,0
blind,0.80000000000000004,1.7000000000000002,0,1,0.14264233908999255,0.048786553259867943,-0.13403995345450731,0,0,0.048786553259867943,-0.13403995345450731,0.84878655325981711,-0.13403995345450731,0.84878655325981711,-0.13403995345450731,0
blind,0.80000000000000004,1.7000000000000002,1,1,0.14264233908999255,0.048786553259867943,-0.13403995345450731,0.01670800197265894,-0.026829078800154338,0.065494555232526883,-0.16086903225466165,0.86549455523254881,-0.16086903225466165,0.86549455523254881,-0.16086903225466165,0
blind,0.80000000000000004,1.7000000000000002,4,1,0.14264233908999255,0.048786553259867943,-0.13403995345450731,0.066832007890635745,-0.10731631520061735,0.11561856115050369,-0.24135626865512466,0.91561856115052187,-0.24135626865512466,0.91561856115052187,-0.24135626865512466,0
blind,0.80000000000000004,1.7250000000000001,0,1,0.12588142242433967,0.043053982139611674,-0.11828984374618576,0,0,0.043053982139611674,-0.11828984374618576,0.84305398213957439,-0.11828984374618576,0.84305398213957439,-0.11828984374618576,0
blind,0.80000000000000004,1.7250000000000001,1,1,0.12588142242433967,0.043053982139611674,-0.11828984374618576,0.015964982395188489,-0.025635966013440953,0.059018964534800163,-0.14392580975962671,0.85901896453477455,-0.14392580975962671,0.85901896453477455,-0.14392580975962671,0
blind,0.80000000000000004,1.7250000000000001,4,1,0.12588142242433967,0.043053982139611674,-0.11828984374618576,0.063859929580753955,-0.10254386405376378,0.10691391172036563,-0.22083370779994954,0.90691391172037505,-0.22083370779994954,0.90691391172037505,-0.22083370779994954,0
blind,0.80000000000000004,1.75,0,1,0.11108996538242316,0.037995005882139901,-0.10439042071322507,0,0,0.037995005882139901,-0.10439042071322507,0.8379950058821084,-0.10439042071322507,0.8379950058821084,-0.10439042071322507,0
blind,0.80000000000000004,1.75,1,1,0.11108996538242316,0.037995005882139901,-0.10439042071322507,0.015255005553373002,-0.024495912004198983,0.053250011435512903,-0.12888633271742406,0.8532500114355468,-0.12888633271742406,0.8532500114355468,-0.12888633271742406,0
blind,0.80000000000000004,1.75,4,1,0.11108996538242316,0.037995005882139901,-0.10439042071322507,0.061020022213491995,-0.09798364801679596,0.099015028095631896,-0.20237406873002103,0.89901502809563993,-0.20237406873002103,0.89901502809563993,-0.20237406873002103,0
blind,0.80000000000000004,1.7750000000000001,0,1,0.098036550358217761,0.033530475004671774,-0.092124222938923334,0,0,0.033530475004671774,-0.092124222938923334,0.83353047500467348,-0.092124222938923334,0.83353047500467348,-0.092124222938923334,0
blind,0.80000000000000004,1.7750000000000001,1,1,0.098036550358217761,0.033530475004671774,-0.092124222938923334,0.014576602007627337,-0.023406557201817557,0.048107077012299111,-0.11553078014074089,0.84810707701232779,-0.11553078014074089,0.84810707701232779,-0.11553078014074089,0
blind,0.80000000000000004,1.7750000000000001,4,1,0.098036550358217761,0.033530475004671774,-0.092124222938923334,0.058306408030509356,-0.093626228807270201,0.09183688303518113,-0.18575045174619353,0.89183688303517972,-0.18575045174619353,0.89183688303517972,-0.18575045174619353,0
blind,0.80000000000000004,1.8,0,1,0.086516952031206337,0.02959054033381318,-0.081299341396613004,0,0,0.02959054033381318,-0.081299341396613004,0.8295905403338244,-0.081299341396613004,0.8295905403338244,-0.081299341396613004,0
blind,0.80000000000000004,1.8,1,1,0.086516952031206337,0.02959054033381318,-0.081299341396613004,0.013928367665640474,-0.022365646967871508,0.043518907999453654,-0.10366498836448451,0.84351890799949647,-0.10366498836448451,0.84351890799949647,-0.10366498836448451,0
blind,0.80000000000000004,1.8,4,1,0.086516952031206337,0.02959054033381318,-0.081299341396613004,0.055713470662561909,-0.089462587871486018,0.085304010996375093,-0.17076192926809902,0.88530401099640166,-0.17076192926809902,0.88530401099640166,-0.17076192926809902,0
blind,0.80000000000000004,1.825,0,1,0.076350942188599835,0.026113560190394795,-0.071746416964678747,0,0,0.026113560190394795,-0.071746416964678747,0.82611356019035576,-0.071746416964678747,0.82611356019035576,-0.071746416964678747,0
blind,0.80000000000000004,1.825,1,1,0.076350942188599835,0.026113560190394795,-0.071746416964678747,0.01330896087632406,-0.021371026929693684,0.039422521066718855,-0.093117443894372431,0.83942252106672388,-0.093117443894372431,0.83942252106672388,-0.093117443894372431,0
blind,0.80000000000000004,1.825,4,1,0.076350942188599835,0.026113560190394795,-0.071746416964678747,0.053235843505296254,-0.085484107718774752,0.079349403695691045,-0.1572305246834535,0.87934940369571724,-0.1572305246834535,0.87934940369571724,-0.1572305246834535,0
blind,0.80000000000000004,1.8500000000000001,0,1,0.067379469990854549,0.023045135983479664,-0.063315990742871572,0,0,0.023045135983479664,-0.063315990742871572,0.82304513598352447,-0.063315990742871572,0.82304513598352447,-0.063315990742871572,0
blind,0.80000000000000004,1.8500000000000001,1,1,0.067379469990854549,0.023045135983479664,-0.063315990742871572,0.012717099652996503,-0.02042063852146897,0.035762235636476167,-0.083736629264340542,0.83576223563652796,-0.083736629264340542,0.83576223563652796,-0.083736629264340542,0
blind,0.80000000000000004,1.8500000000000001,4,1,0.067379469990854549,0.023045135983479664,-0.063315990742871572,0.050868398611985999,-0.081682554085875894,0.073913534595465666,-0.14499854482874747,0.87391353459542742,-0.14499854482874747,0.87391353459542742,-0.14499854482874747,0
blind,0.80000000000000004,1.875,0,1,0.059462173564721214,0.020337261125061724,-0.055876165714659441,0,0,0.020337261125061724,-0.055876165714659441,0.82033726112507033,-0.055876165714659441,0.82033726112507033,-0.055876165714659441,0
blind,0.80000000000000004,1.875,1,1,0.059462173564721214,0.020337261125061724,-0.055876165714659441,0.012151559020054218,-0.019512514723618889,0.032488820145115942,-0.07538868043827833,0.83248882014508307,-0.07538868043827833,0.83248882014508307,-0.07538868043827833,0
blind,0.80000000000000004,1.875,4,1,0.059462173564721214,0.020337261125061724,-0.055876165714659441,0.048606236080216872,-0.078050058894475555,0.068943497205278592,-0.133926224609135,0.86894349720523234,-0.133926224609135,0.86894349720523234,-0.133926224609135,0
blind,0.80000000000000004,1.9000000000000001,0,1,0.052475183991813751,0.017947569949920982,-0.049310543171490209,0,0,0.017947569949920982,-0.049310543171490209,0.81794756994990614,-0.049310543171490209,0.81794756994990614,-0.049310543171490209,0
blind,0.80000000000000004,1.9000000000000001,1,1,0.052475183991813751,0.017947569949920982,-0.049310543171490209,0.011611168477638496,-0.018644775991659521,0.029558738427559478,-0.06795531916314973,0.82955873842760486,-0.06795531916314973,0.82955873842760486,-0.06795531916314973,0
blind,0.80000000000000004,1.9000000000000001,4,1,0.052475183991813751,0.017947569949920982,-0.049310543171490209,0.046444673910553985,-0.074579103966638097,0.064392243860474971,-0.12388964713812831,0.86439224386047897,-0.12388964713812831,0.86439224386047897,-0.12388964713812831,0
blind,0.80000000000000004,1.925,0,1,0.046309187335332541,0.015838674889725672,-0.043516401613604233,0,0,0.015838674889725672,-0.043516401613604233,0.81583867488976836,-0.043516401613604233,0.81583867488976836,-0.043516401613604233,0
blind,0.80000000000000004,1.925,1,1,0.046309187335332541,0.015838674889725672,-0.043516401613604233,0.011094809579051412,-0.017815626366107437,0.026933484468777084,-0.06133202797971167,0.82693348446882808,-0.061332027979711677,0.82693348446882808,-0.061332027979711677,0
blind,0.80000000000000004,1.925,4,1,0.046309187335332541,0.015838674889725672,-0.043516401613604233,0.044379238316205646,-0.071262505464429748,0.060217913205931319,-0.11477890707803398,0.86021791320589625,-0.11477890707803398,0.86021791320589625,-0.11477890707803398,0
blind,0.80000000000000004,1.9500000000000002,0,1,0.040867714384640492,0.013977581531227244,-0.038403089635632791,0,0,0.013977581531227244,-0.038403089635632791,0.81397758153123334,-0.038403089635632791,0.81397758153123334,-0.038403089635632791,0
blind,0.80000000000000004,1.9500000000000002,1,1,0.040867714384640492,0.013977581531227244,-0.038403089635632791,0.010601413615905586,-0.017023349755380487,0.02457899514713283,-0.055426439391013278,0.82457899514709609,-0.055426439391013278,0.82457899514709609,-0.055426439391013278,0
blind,0.80000000000000004,1.9500000000000002,4,1,0.040867714384640492,0.013977581531227244,-0.038403089635632791,0.042405654463622343,-0.06809339902152195,0.056383235994849588,-0.10649648865715475,0.85638323599479538,-0.10649648865715475,0.85638323599479538,-0.10649648865715475,0
blind,0.80000000000000004,1.9750000000000001,0,1,0.036065631360157301,0.012335172406931737,-0.033890607653124662,0,0,0.012335172406931737,-0.033890607653124662,0.81233517240697495,-0.033890607653124662,0.81233517240697495,-0.033890607653124662,0
blind,0.80000000000000004,1.9750000000000001,1,1,0.036065631360157301,0.012335172406931737,-0.033890607653124662,0.010129959406217963,-0.016266306384002387,0.0224651318131497,-0.050156914037127048,0.82246513181316594,-0.050156914037127048,0.82246513181316594,-0.050156914037127048,0
blind,0.80000000000000004,1.9750000000000001,4,1,0.036065631360157301,0.012335172406931737,-0.033890607653124662,0.040519837624871852,-0.065065225536009547,0.052855010031803588,-0.098955833189134201,0.85285501003184994,-0.098955833189134201,0.85285501003184994,-0.098955833189134201,0
blind,0.80000000000000004,2,0,1,0.03182780796509662,0.010885751441964193,-0.029908356280592255,0,0,0.010885751441964193,-0.029908356280592255,0.81088575144194763,-0.029908356280592255,0.81088575144194763,-0.029908356280592255,0
blind,0.80000000000000004,2,1,1,0.03182780796509662,0.010885751441964193,-0.029908356280592255,0.0096794711808683639,-0.015542929398757593,0.020565222622832557,-0.045451285679349848,0.82056522262285991,-0.045451285679349848,0.82056522262285991,-0.045451285679349848,0
blind,0.80000000000000004,2,4,1,0.03182780796509662,0.010885751441964193,-0.029908356280592255,0.038717884723473463,-0.062171717595030387,0.049603636165437656,-0.092080073875622642,0.84960363616548573,-0.092080073875622642,0.84960363616548573,-0.092080073875622642,0
dual_front,0,0.75,0,2,32.974425414002567,-28.556690083721431,0,0,0,-28.556690083721431,0,-24.556690083721431,0,-3,0,1
dual_front,0,0.75,1,2,32.974425414002567,-28.556690083721431,0,-1.016013781884272,0,-29.572703865605703,0,-25.572703865605703,0,-3,0,1
dual_front,0,0.75,4,2,32.974425414002567,-28.556690083721431,0,-4.0640551275370846,0,-32.620745211258516,0,-28.620745211258516,0,-3,0,1
dual_front,0,0.77500000000000002,0,2,29.099828292364087,-25.201190546952454,0,0,0,-25.201190546952454,0,-21.201190546952454,0,-3,0,1
dual_front,0,0.77500000000000002,1,2,29.099828292364087,-25.201190546952454,0,-0.94597261597876781,0,-26.147163162931221,0,-22.147163162931221,0,-3,0,1
dual_front,0,0.77500000000000002,4,2,29.099828292364087,-25.201190546952454,0,-3.7838904639150712,0,-28.985081010867525,0,-24.985081010867525,0,-3,0,1
dual_front,0,0.80000000000000004,0,2,25.680508333754823,-22.239972599129654,0,0,0,-22.239972599129654,0,-18.239972599129654,0,-3,0,1
dual_front,0,0.80000000000000004,1,2,25.680508333754823,-22.239972599129654,0,-0.88075989335707661,0,-23.120732492486731,0,-19.120732492486731,0,-3,0,1
dual_front,0,0.80000000000000004,4,2,25.680508333754823,-22.239972599129654,0,-3.5230395734283029,0,-25.763012172557957,0,-21.763012172557957,0,-3,0,1
dual_front,0,0.82499999999999996,0,2,22.662969061336582,-19.626706932298255,0,0,0,-19.626706932298255,0,-15.626706932298257,0,-3,0,1
dual_front,0,0.82499999999999996,1,2,22.662969061336582,-19.626706932298255,0,-0.82004275456085907,0,-20.446749686859114,0,-16.446749686859114,0,-3,0,1
dual_front,0,0.82499999999999996,4,2,22.662969061336582,-19.626706932298255,0,-3.2801710182434363,0,-22.906877950541691,0,-18.906877950541691,0,-3,0,1
dual_front,0,0.84999999999999998,0,2,20.000000000000004,-17.320508075688767,0,0,0,-17.320508075688767,0,-13.320508075688767,0,-3,0,1
dual_front,0,0.84999999999999998,1,2,20.000000000000004,-17.320508075688767,0,-0.76351128653757527,0,-18.084019362226343,0,-14.084019362226343,0,-3,0,1
dual_front,0,0.84999999999999998,4,2,20.000000000000004,-17.320508075688767,0,-3.0540451461503046,0,-20.374553221839072,0,-16.374553221839072,0,-3,0,1
dual_front,0,0.875,0,2,17.649938051691958,-15.285294727986855,0,0,0,-15.285294727986855,0,-11.285294727986855,0,-3,0,1
dual_front,0,0.875,1,2,17.649938051691958,-15.285294727986855,0,-0.71087694077907138,0,-15.996171668765927,0,-11.996171668765927,0,-3,0,1
dual_front,0,0.875,4,2,17.649938051691958,-15.285294727986855,0,-2.8435077631162855,0,-18.128802491103141,0,-14.128802491103141,0,-3,0,1
dual_front,0,0.90000000000000002,0,2,15.576015661428173,-13.489225252541075,0,0,0,-13.489225252541075,0,-9.4892252525410754,0,-3,0,1
dual_front,0,0.90000000000000002,1,2,15.576015661428173,-13.489225252541075,0,-0.66187106050925593,0,-14.151096313050331,0,-10.151096313050331,0,-3,0,1
dual_front,0,0.90000000000000002,4,2,15.576015661428173,-13.489225252541075,0,-2.6474842420370202,0,-16.136709494578096,0,-12.136709494578096,0,-3,0,1
dual_front,0,0.92500000000000004,0,2,13.745785575819372,-11.904199503633286,0,0,0,-11.904199503633286,0,-7.9041995036332864,0,-3,0,1
dual_front,0,0.92500000000000004,1,2,13.745785575819372,-11.904199503633286,0,-0.61624350940339312,0,-12.52044301303668,0,-8.5204430130366795,0,-3,0,1
dual_front,0,0.92500000000000004,4,2,13.745785575819372,-11.904199503633286,0,-2.4649740376135725,0,-14.369173541246859,0,-10.369173541246859,0,-3,0,1
dual_front,0,0.94999999999999996,0,2,12.13061319425263,-10.505419189705478,0,0,0,-10.505419189705478,0,-6.5054191897054778,0,-3,0,1
dual_front,0,0.94999999999999996,1,2,12.13061319425263,-10.505419189705478,0,-0.57376139483968558,0,-11.079180584545163,0,-7.0791805845451634,0,-3,0,1
dual_front,0,0.94999999999999996,4,2,12.13061319425263,-10.505419189705478,0,-2.2950455793587423,0,-12.80046476906422,0,-8.8004647690642201,0,-3,0,1
dual_front,0,0.97499999999999998,0,2,10.705228570379754,-9.270999895267833,0,0,0,-9.270999895267833,0,-5.270999895267833,0,-3,0,1
dual_front,0,0.97499999999999998,1,2,10.705228570379754,-9.270999895267833,0,-0.53420787916629386,0,-9.8052077744341268,0,-5.8052077744341268,0,-3,0,1
dual_front,0,0.97499999999999998,4,2,10.705228570379754,-9.270999895267833,0,-2.1368315166651772,0,-11.40783141193301,0,-7.4078314119330102,0,-3,0,1
dual_front,0,1,0,2,9.4473310548202765,-8.1816286914359981,0,0,0,-8.1816286914359981,0,-4.1816286914359981,0,-3,0,1
dual_front,0,1,1,2,9.4473310548202765,-8.1816286914359981,0,-0.49738107291636169,0,-8.6790097643523598,0,-4.6790097643523598,0,-3,0,1
dual_front,0,1,4,2,9.4473310548202765,-8.1816286914359981,0,-1.9895242916654485,0,-10.171152983101447,0,-6.1711529831014467,0,-3,0,1
dual_front,0,1.0249999999999999,0,2,8.3372403935701627,-7.2202619782895354,0,0,0,-7.2202619782895354,0,-3.2202619782895354,0,-3,0,1
dual_front,0,1.0249999999999999,1,2,8.3372403935701627,-7.2202619782895354,0,-0.46309300432167699,0,-7.6833549826112124,0,-3.6833549826112124,0,-3,0,1
dual_front,0,1.0249999999999999,4,2,8.3372403935701627,-7.2202619782895354,0,-1.8523720172867097,0,-9.0726339955762452,0,-5.0726339955762452,0,-3,0,1
dual_front,0,1.05,0,2,7.3575888234288289,-6.3718588316898241,0,0,0,-6.3718588316898241,0,-2.3718588316898241,0,-2.3718588316898241,0,0
dual_front,0,1.05,1,2,7.3575888234288289,-6.3718588316898241,0,-0.43116865986522779,0,-6.8030274915550519,0,-2.8030274915550519,0,-2.8030274915550519,0,0
dual_front,0,1.05,4,2,7.3575888234288289,-6.3718588316898241,0,-1.7246746394609094,0,-8.0965334711507335,0,-4.0965334711507335,0,-3,0,1
dual_front,0,1.075,0,2,6.4930493471669966,-5.6231456826725852,0,0,0,-5.6231456826725852,0,-1.6231456826725852,0,-1.6231456826725852,0,0
dual_front,0,1.075,1,2,6.4930493471669966,-5.6231456826725852,0,-0.40144509097537817,0,-6.0245907736479634,0,-2.0245907736479634,0,-2.0245907736479634,0,0
dual_front,0,1.075,4,2,6.4930493471669966,-5.6231456826725852,0,-1.6057803639015109,0,-7.2289260465740961,0,-3.2289260465740961,0,-3,0,1
dual_front,0,1.1000000000000001,0,2,5.7300959372037861,-4.962408647740479,0,0,0,-4.962408647740479,0,-0.96240864774047896,0,-0.96240864774047896,0,0
dual_front,0,1.1000000000000001,1,2,5.7300959372037861,-4.962408647740479,0,-0.37377058230206917,0,-5.3361792300425481,0,-1.3361792300425481,0,-1.3361792300425481,0,0
dual_front,0,1.1000000000000001,4,2,5.7300959372037861,-4.962408647740479,0,-1.4950823292082749,0,-6.4574909769487538,0,-2.4574909769487538,0,-2.4574909769487538,0,0
dual_front,0,1.125,0,2,5.0567919160949302,-4.379310260989997,0,0,0,-4.379310260989997,0,-0.37931026098999698,0,-0.37931026098999698,0,0
dual_front,0,1.125,1,2,5.0567919160949302,-4.379310260989997,0,-0.3480038773297558,0,-4.7273141383197528,0,-0.72731413831975278,0,-0.72731413831975278,0,0
dual_front,0,1.125,4,2,5.0567919160949302,-4.379310260989997,0,-1.3920155093190241,0,-5.7713257703090211,0,-1.7713257703090211,0,-1.7713257703090211,0,0
dual_front,0,1.1499999999999999,0,2,4.4626032029686087,-3.8647277407806198,0,0,0,-3.8647277407806198,0,0.13527225921938046,0,0.13527225921938046,0,0
dual_front,0,1.1499999999999999,1,2,4.4626032029686087,-3.8647277407806198,0,-0.32401345737442133,0,-4.1887411981550411,0,-0.18874119815504109,0,-0.18874119815504109,0,0
dual_front,0,1.1499999999999999,4,2,4.4626032029686087,-3.8647277407806198,0,-1.296053829497684,0,-5.1607815702783038,0,-1.1607815702783038,0,-1.1607815702783038,0,0
dual_front,0,1.175,0,2,3.9382335040838798,-3.4106102605716462,0,0,0,-3.4106102605716462,0,0.58938973942835382,0,0.58938973942835382,0,0
dual_front,0,1.175,1,2,3.9382335040838798,-3.4106102605716462,0,-0.30167687028453871,0,-3.7122871308561849,0,0.28771286914381533,0,0.28771286914381533,0,0
dual_front,0,1.175,4,2,3.9382335040838798,-3.4106102605716462,0,-1.206707481138154,0,-4.6173177417098001,0,-0.61731774170980014,0,-0.61731774170980014,0,0
dual_front,0,1.2,0,2,3.4754788690088838,-3.0098529908777043,0,0,0,-3.0098529908777043,0,0.99014700912229581,0,0.99014700912229581,0,0
dual_front,0,1.2,1,2,3.4754788690088838,-3.0098529908777043,0,-0.28088010541953157,0,-3.2907330962972359,0,0.70926690370276391,0,0.70926690370276391,0,0
dual_front,0,1.2,4,2,3.4754788690088838,-3.0098529908777043,0,-1.1235204216781267,0,-4.133373412555831,0,-0.13337341255583102,0,-0.13337341255583102,0,0
dual_front,0,1.2250000000000001,0,2,3.0670993368985715,-2.6561859416845683,0,0,0,-2.6561859416845683,0,1.3438140583154317,0,1.3438140583154317,0,0
dual_front,0,1.2250000000000001,1,2,3.0670993368985715,-2.6561859416845683,0,-0.26151701171546904,0,-2.9177029534000374,0,1.0822970465999626,0,1.0822970465999626,0,0
dual_front,0,1.2250000000000001,4,2,3.0670993368985715,-2.6561859416845683,0,-1.0460680468618753,0,-3.7022539885464436,0,0.29774601145355639,0,0.29774601145355639,0,0
dual_front,0,1.25,0,2,2.7067056647322389,-2.3440758662253653,0,0,0,-2.3440758662253653,0,1.6559241337746347,0,1.6559241337746347,0,0
dual_front,0,1.25,1,2,2.7067056647322389,-2.3440758662253653,0,-0.24348875586769303,0,-2.5875646220930584,0,1.4124353779069416,0,1.4124353779069416,0,0
dual_front,0,1.25,4,2,2.7067056647322389,-2.3440758662253653,0,-0.97395502347077212,0,-3.3180308896961375,0,0.68196911030386254,0,0.68196911030386254,0,0
dual_front,0,1.2749999999999999,0,2,2.3886593653344046,-2.0686396913672089,0,0,0,-2.0686396913672089,0,1.9313603086327911,0,1.9313603086327911,0,0
dual_front,0,1.2749999999999999,1,2,2.3886593653344046,-2.0686396913672089,0,-0.2267033178648501,0,-2.295343009232059,0,1.7046569907679407,0,1.7046569907679407,0,0
dual_front,0,1.2749999999999999,4,2,2.3886593653344046,-2.0686396913672089,0,-0.90681327145939994,0,-2.9754529628266089,0,1.0245470371733914,0,1.0245470371733914,0,0
dual_front,0,1.3,0,2,2.107984491237274,-1.8255681201950951,0,0,0,-1.8255681201950951,0,2.1744318798049047,0,2.1744318798049047,0,0
dual_front,0,1.3,1,2,2.107984491237274,-1.8255681201950951,0,-0.21107502129937061,0,-2.0366431414944657,0,1.9633568585055343,0,1.9633568585055343,0,0
dual_front,0,1.3,4,2,2.107984491237274,-1.8255681201950951,0,-0.84430008519748179,0,-2.6698682053925769,0,1.3301317946074231,0,1.3301317946074231,0,0
dual_front,0,1.3250000000000002,0,2,1.8602897842132786,-1.6110582115293708,0,0,0,-1.6110582115293708,0,2.3889417884706292,0,2.3889417884706292,0,0
dual_front,0,1.3250000000000002,1,2,1.8602897842132786,-1.6110582115293708,0,-0.19652409605707888,0,-1.8075823075864497,0,2.1924176924135503,0,2.1924176924135503,0,0
dual_front,0,1.3250000000000002,4,2,1.8602897842132786,-1.6110582115293708,0,-0.78609638422831551,0,-2.3971545957576863,0,1.6028454042423137,0,1.6028454042423137,0,0
dual_front,0,1.3500000000000001,0,2,1.641699972477968,-1.4217538815581339,0,0,0,-1.4217538815581339,0,2.5782461184418661,0,2.5782461184418661,0,0
dual_front,0,1.3500000000000001,1,2,1.641699972477968,-1.4217538815581339,0,-0.18297627115372328,0,-1.6047301527118571,0,2.3952698472881426,0,2.3952698472881426,0,0
dual_front,0,1.3500000000000001,4,2,1.641699972477968,-1.4217538815581339,0,-0.73190508461489312,0,-2.153658966173027,0,1.846341033826973,0,1.846341033826973,0,0
dual_front,0,1.375,0,2,1.4487951406850357,-1.2546933967126903,0,0,0,-1.2546933967126903,0,2.7453066032873092,0,2.7453066032873092,0,0
dual_front,0,1.375,1,2,1.4487951406850357,-1.2546933967126903,0,-0.26872117062295908,0,-1.5234145673356494,0,2.4765854326643506,0,2.4765854326643506,0,0
dual_front,0,1.375,4,2,1.4487951406850357,-1.2546933967126903,0,-1.0748846824918359,0,-2.3295780792045262,0,1.6704219207954738,0,1.6704219207954738,0,0
dual_front,0,1.3999999999999999,0,2,1.278557224134151,-1.1072630362922895,0,0,0,-1.1072630362922895,0,2.8927369637077103,0,2.8927369637077103,0,0
dual_front,0,1.3999999999999999,1,2,1.278557224134151,-1.1072630362922895,0,-0.15861808564185975,0,-1.2658811219341493,0,2.7341188780658507,0,2.7341188780658507,0,0
dual_front,0,1.3999999999999999,4,2,1.278557224134151,-1.1072630362922895,0,-0.63447234256743923,0,-1.7417353788597287,0,2.2582646211402713,0,2.2582646211402713,0,0
dual_front,0,1.425,0,2,1.128322790075553,-0.97715619987436486,0,0,0,-0.97715619987436486,0,3.022843800125635,0,3,0,1
dual_front,0,1.425,1,2,1.128322790075553,-0.97715619987436486,0,-0.14768339572904121,0,-1.1248395956034061,0,2.8751604043965937,0,2.8751604043965937,0,0
dual_front,0,1.425,4,2,1.128322790075553,-0.97715619987436486,0,-0.59073358291616451,0,-1.5678897827905294,0,2.4321102172094706,0,2.4321102172094706,0,0
dual_front,0,1.4500000000000002,0,2,0.99574136735727936,-0.86233731973045702,0,0,0,-0.86233731973045702,0,3.1376626802695426,0,3,0,1
dual_front,0,1.4500000000000002,1,2,0.99574136735727936,-0.86233731973045702,0,-0.13750251294360993,0,-0.99983983267406695,0,3.0001601673259328,0,3,0,1
dual_front,0,1.4500000000000002,4,2,0.99574136735727936,-0.86233731973045702,0,-0.55001005177443962,0,-1.4123473715048966,0,2.5876526284951034,0,2.5876526284951034,0,0
dual_front,0,1.4750000000000001,0,2,0.8787386724681393,-0.76101001364522203,0,0,0,-0.76101001364522203,0,3.2389899863547775,0,3,0,1
dual_front,0,1.4750000000000001,1,2,0.8787386724681393,-0.76101001364522203,0,-0.054109085943368385,0,-0.81511909958859041,0,3.1848809004114091,0,3,0,1
dual_front,0,1.4750000000000001,4,2,0.8787386724681393,-0.76101001364522203,0,-0.21643634377347343,0,-0.97744635741869546,0,3.0225536425813049,0,3,0,1
dual_front,0,1.5,0,2,0.77548415663444026,-0.67158897987777599,0,0,0,-0.67158897987777599,0,3.3284110201222239,0,3,0,1
dual_front,0,1.5,1,2,0.77548415663444026,-0.67158897987777599,0,-0.11919788963092881,0,-0.7907868695087048,0,3.2092131304912952,0,3,0,1
dual_front,0,1.5,4,2,0.77548415663444026,-0.67158897987777599,0,-0.47679155852371491,0,-1.1483805384014909,0,2.8516194615985091,0,2.8516194615985091,0,0
dual_front,0,1.5249999999999999,0,2,0.68436236623332802,-0.59267519455209172,0,0,0,-0.59267519455209172,0,3.4073248054479084,0,3,0,1
dual_front,0,1.5249999999999999,1,2,0.68436236623332802,-0.59267519455209172,0,-0.11098071845462643,0,-0.70365591300671815,0,3.2963440869932814,0,3,0,1
dual_front,0,1.5249999999999999,4,2,0.68436236623332802,-0.59267519455209172,0,-0.44392287381850581,0,-1.0365980683705975,0,2.9634019316294022,0,2.9634019316294022,0,0
dual_front,0,1.55,0,2,0.60394766844636993,-0.52303402343093774,0,0,0,-0.52303402343093774,0,3.4769659765690619,0,3,0,1
dual_front,0,1.55,1,2,0.60394766844636993,-0.52303402343093774,0,-0.10333001621791327,0,-0.62636403964885101,0,3.373635960351149,0,3,0,1
dual_front,0,1.55,4,2,0.60394766844636993,-0.52303402343093774,0,-0.41332006487165329,0,-0.93635408830259104,0,3.0636459116974093,0,3,0,1
dual_front,0,1.5750000000000002,0,2,0.53298194672710697,-0.46157590562415912,0,0,0,-0.46157590562415912,0,3.5384240943758405,0,3,0,1
dual_front,0,1.5750000000000002,1,2,0.53298194672710697,-0.46157590562415912,0,-0.096206732126711991,0,-0.55778263775087111,0,3.4422173622491288,0,3,0,1
dual_front,0,1.5750000000000002,4,2,0.53298194672710697,-0.46157590562415912,0,-0.3848269285068478,0,-0.84640283413100692,0,3.1535971658689927,0,3,0,1
dual_front,0,1.6000000000000001,0,2,0.47035491712018196,-0.40733930702100163,0,0,0,-0.40733930702100163,0,3.5926606929789981,0,3,0,1
dual_front,0,1.6000000000000001,1,2,0.47035491712018196,-0.40733930702100163,0,-0.089574507440136952,0,-0.49691381446113858,0,3.5030861855388613,0,3,0,1
dual_front,0,1.6000000000000001,4,2,0.47035491712018196,-0.40733930702100163,0,-0.3582980297605477,0,-0.76563733678154933,0,3.2343626632184508,0,3,0,1
dual_front,0,1.625,0,2,0.4150867574739926,-0.35947567674698788,0,0,0,-0.35947567674698788,0,3.640524323253012,0,3,0,1
dual_front,0,1.625,1,2,0.4150867574739926,-0.35947567674698788,0,-0.083399489887832412,0,-0.44287516663482029,0,3.5571248333651795,0,3,0,1
dual_front,0,1.625,4,2,0.4150867574739926,-0.35947567674698788,0,-0.33359795955132965,0,-0.69307363629831753,0,3.3069263637016828,0,3,0,1
dual_front,0,1.6499999999999999,0,2,0.36631277777468541,-0.31723617128372128,0,0,0,-0.31723617128372128,0,3.6827638287162792,0,3,0,1
dual_front,0,1.6499999999999999,1,2,0.36631277777468541,-0.31723617128372128,0,-0.077650160880863184,0,-0.39488633216458446,0,3.6051136678354156,0,3,0,1
dual_front,0,1.6499999999999999,4,2,0.36631277777468541,-0.31723617128372128,0,-0.31060064352345274,0,-0.62783681480717402,0,3.372163185192826,0,3,0,1
dual_front,0,1.675,0,2,0.32326989176331572,-0.2799599385456773,0,0,0,-0.2799599385456773,0,3.7200400614543225,0,3,0,1
dual_front,0,1.675,1,2,0.32326989176331572,-0.2799599385456773,0,-0.072297174634200545,0,-0.35225711317987785,0,3.6477428868201223,0,3,0,1
dual_front,0,1.675,4,2,0.32326989176331572,-0.2799599385456773,0,-0.28918869853680235,0,-0.56914863708247965,0,3.4308513629175206,0,3,0,1
dual_front,0,1.7000000000000002,0,2,0.28528467817998637,-0.24706377861433632,0,0,0,-0.24706377861433632,0,3.7529362213856636,0,3,0,1
dual_front,0,1.7000000000000002,1,2,0.28528467817998637,-0.24706377861433632,0,-0.067313208379666367,0,-0.31437698699400268,0,3.6856230130059977,0,3,0,1
dual_front,0,1.7000000000000002,4,2,0.28528467817998637,-0.24706377861433632,0,-0.26925283351866552,0,-0.51631661213300184,0,3.4836833878669982,0,3,0,1
dual_front,0,1.7250000000000001,0,2,0.25176284484867884,-0.21803301936799604,0,0,0,-0.21803301936799604,0,3.7819669806320038,0,3,0,1
dual_front,0,1.7250000000000001,1,2,0.25176284484867884,-0.21803301936799604,0,-0.062672822904767972,0,-0.28070584227276402,0,3.7192941577272363,0,3,0,1
dual_front,0,1.7250000000000001,4,2,0.25176284484867884,-0.21803301936799604,0,-0.25069129161907189,0,-0.4687243109870679,0,3.531275689012932,0,3,0,1
dual_front,0,1.75,0,2,0.22217993076484732,-0.19241346425342548,0,0,0,-0.19241346425342548,0,3.8075865357465748,0,3,0,1
dual_front,0,1.75,1,2,0.22217993076484732,-0.19241346425342548,0,-0.05835233270561152,0,-0.250765796959037,0,3.7492342030409631,0,3,0,1
dual_front,0,1.75,4,2,0.22217993076484732,-0.19241346425342548,0,-0.23340933082244614,0,-0.42582279507587162,0,3.574177204924128,0,3,0,1
dual_front,0,1.7750000000000001,0,2,0.19607310071643635,-0.16980428621921875,0,0,0,-0.16980428621921875,0,3.8301957137807809,0,3,0,1
dual_front,0,1.7750000000000001,1,2,0.19607310071643635,-0.16980428621921875,0,-0.054329685091100421,0,-0.22413397131031917,0,3.7758660286896806,0,3,0,1
dual_front,0,1.7750000000000001,4,2,0.19607310071643635,-0.16980428621921875,0,-0.21731874036440171,0,-0.38712302658362047,0,3.6128769734163795,0,3,0,1
dual_front,0,1.8,0,2,0.17303390406241362,-0.14985175663404954,0,0,0,-0.14985175663404954,0,3.8501482433659504,0,3,0,1
dual_front,0,1.8,1,2,0.17303390406241362,-0.14985175663404954,0,-0.050584347621364323,0,-0.20043610425541386,0,3.7995638957445861,0,3,0,1
dual_front,0,1.8,4,2,0.17303390406241362,-0.14985175663404954,0,-0.20233739048545729,0,-0.35218914711950683,0,3.6478108528804931,0,3,0,1
dual_front,0,1.825,0,2,0.15270188437719909,-0.1322437110764085,0,0,0,-0.1322437110764085,0,3.8677562889235917,0,3,0,1
dual_front,0,1.825,1,2,0.15270188437719909,-0.1322437110764085,0,-0.019905620299144,0,-0.1521493313755525,0,3.8478506686244476,0,3,0,1
dual_front,0,1.825,4,2,0.15270188437719909,-0.1322437110764085,0,-0.079622481196576028,0,-0.21186619227298453,0,3.7881338077270152,0,3,0,1
dual_front,0,1.8500000000000001,0,2,0.13475893998170801,-0.11670466541122163,0,0,0,-0.11670466541122163,0,3.8832953345887784,0,3,0,1
dual_front,0,1.8500000000000001,1,2,0.13475893998170801,-0.11670466541122163,0,-0.043850453026241049,0,-0.16055511843746267,0,3.839444881562537,0,3,0,1
dual_front,0,1.8500000000000001,4,2,0.13475893998170801,-0.11670466541122163,0,-0.17540181210496417,0,-0.29210647751618579,0,3.7078935224838139,0,3,0,1
dual_front,0,1.875,0,2,0.11892434712944198,-0.10299150574257575,0,0,0,-0.10299150574257575,0,3.8970084942574239,0,3,0,1
dual_front,0,1.875,1,2,0.11892434712944198,-0.10299150574257575,0,-0.040827524685892916,0,-0.14381903042846866,0,3.8561809695715317,0,3,0,1
dual_front,0,1.875,4,2,0.11892434712944198,-0.10299150574257575,0,-0.16331009874357161,0,-0.26630160448614737,0,3.7336983955138523,0,3,0,1
dual_front,0,1.9000000000000001,0,2,0.1049503679836271,-0.090889684810346122,0,0,0,-0.090889684810346122,0,3.909110315189654,0,3,0,1
dual_front,0,1.9000000000000001,1,2,0.1049503679836271,-0.090889684810346122,0,-0.038012988622481897,0,-0.12890267343282802,0,3.8710973265671722,0,3,0,1
dual_front,0,1.9000000000000001,4,2,0.1049503679836271,-0.090889684810346122,0,-0.15205195448992764,0,-0.24294163930027377,0,3.7570583606997259,0,3,0,1
dual_front,0,1.925,0,2,0.092618374670664999,-0.080209865322021068,0,0,0,-0.080209865322021068,0,3.9197901346779789,0,3,0,1
dual_front,0,1.925,1,2,0.092618374670664999,-0.080209865322021068,0,-0.035392478851705489,0,-0.11560234417372656,0,3.8843976558262732,0,3,0,1
dual_front,0,1.925,4,2,0.092618374670664999,-0.080209865322021068,0,-0.14156991540682193,0,-0.221779780728843,0,3.7782202192711569,0,3,0,1
dual_front,0,1.9500000000000002,0,2,0.081735428769280985,-0.070784957703410811,0,0,0,-0.070784957703410811,0,3.9292150422965895,0,3,0,1
dual_front,0,1.9500000000000002,1,2,0.081735428769280985,-0.070784957703410811,0,-0.032952619740284711,0,-0.10373757744369552,0,3.8962624225563047,0,3,0,1
dual_front,0,1.9500000000000002,4,2,0.081735428769280985,-0.070784957703410811,0,-0.13181047896113882,0,-0.20259543666454963,0,3.7974045633354505,0,3,0,1
dual_front,0,1.9750000000000001,0,2,0.072131262720314754,-0.06246750592284199,0,0,0,-0.06246750592284199,0,3.9375324940771583,0,3,0,1
dual_front,0,1.9750000000000001,1,2,0.072131262720314754,-0.06246750592284199,0,-0.030680957733919212,0,-0.093148463656761202,0,3.9068515363432392,0,3,0,1
dual_front,0,1.9750000000000001,4,2,0.072131262720314754,-0.06246750592284199,0,-0.12272383093567686,0,-0.18519133685851885,0,3.8148086631414815,0,3,0,1
dual_front,0,2,0,2,0.06365561593019313,-0.055127380489092659,0,0,0,-0.055127380489092659,0,3.9448726195109072,0,3,0,1
dual_front,0,2,1,2,0.06365561593019313,-0.055127380489092659,0,-0.028565897791724401,0,-0.08369327828081706,0,3.9163067217191831,0,3,0,1
dual_front,0,2,4,2,0.06365561593019313,-0.055127380489092659,0,-0.1142635911668976,0,-0.16939097165599026,0,3.8306090283440097,0,3,0,1
dual_front,0.80000000000000004,0.75,0,2,32.974425414002567,-28.556690083721431,0,0,0,-28.556690083721431,0,-27.756690083721391,0,-3.0000000000000027,0,1
dual_front,0.80000000000000004,0.75,1,2,32.974425414002567,-28.556690083721431,0,-1.401094515063587,0,-29.957784598785018,0,-29.157784598785042,0,-3.0000000000000027,0,1
dual_front,0.80000000000000004,0.75,4,2,32.974425414002567,-28.556690083721431,0,-5.6043780602543443,0,-34.161068143975776,0,-33.361068143975771,0,-3.0000000000000027,0,1
dual_front,0.80000000000000004,0.77500000000000002,0,2,29.099828292364087,-25.201190546952454,0,0,0,-25.201190546952454,0,-24.401190546952446,0,-3.0000000000000027,0,1
dual_front,0.80000000000000004,0.77500000000000002,1,2,29.099828292364087,-25.201190546952454,0,-1.3618802643140917,0,-26.563070811266545,0,-25.763070811266498,0,-3.0000000000000027,0,1
dual_front,0.80000000000000004,0.77500000000000002,4,2,29.099828292364087,-25.201190546952454,0,-5.4475210572563739,0,-30.648711604208827,0,-29.848711604208876,0,-3.0000000000000027,0,1
dual_front,0.80000000000000004,0.80000000000000004,0,2,25.680508333754823,-22.239972599129654,0,0,0,-22.239972599129654,0,-21.439972599129664,0,-3.0000000000000027,0,1
dual_front,0.80000000000000004,0.80000000000000004,1,2,25.680508333754823,-22.239972599129654,0,-1.3237635536986119,0,-23.563736152828266,0,-22.76373615282823,0,-3.0000000000000027,0,1
dual_front,0.80000000000000004,0.80000000000000004,4,2,25.680508333754823,-22.239972599129654,0,-5.295054214794451,0,-27.535026813924105,0,-26.735026813924144,0,-3.0000000000000027,0,1
dual_front,0.80000000000000004,0.82499999999999996,0,2,22.662969061336582,-19.626706932298255,0,0,0,-19.626706932298255,0,-18.826706932298265,0,-3.0000000000000027,0,1
dual_front,0.80000000000000004,0.82499999999999996,1,2,22.662969061336582,-19.626706932298255,0,-1.2867136649368831,0,-20.913420597235138,0,-20.113420597235088,0,-3.0000000000000027,0,1
dual_front,0.80000000000000004,0.82499999999999996,4,2,22.662969061336582,-19.626706932298255,0,-5.1468546597475289,0,-24.773561592045784,0,-23.973561592045776,0,-3.0000000000000027,0,1
dual_front,0.80000000000000004,0.84999999999999998,0,2,20.000000000000004,-17.320508075688767,0,0,0,-17.320508075688767,0,-16.520508075688721,0,-3.0000000000000027,0,1
dual_front,0.80000000000000004,0.84999999999999998,1,2,20.000000000000004,-17.320508075688767,0,-1.2507007395009708,0,-18.571208815189738,0,-17.771208815189787,0,-3.0000000000000027,0,1
dual_front,0.80000000000000004,0.84999999999999998,4,2,20.000000000000004,-17.320508075688767,0,-5.0028029580038798,0,-22.323311033692647,0,-21.52331103369265,0,-3.0000000000000027,0,1
dual_front,0.80000000000000004,0.875,0,2,17.649938051691958,-15.285294727986855,0,0,0,-15.285294727986855,0,-14.485294727986874,0,-3.0000000000000027,0,1
dual_front,0.80000000000000004,0.875,1,2,17.649938051691958,-15.285294727986855,0,-1.215695754552371,0,-16.500990482539226,0,-15.700990482539256,0,-3.0000000000000027,0,1
dual_front,0.80000000000000004,0.875,4,2,17.649938051691958,-15.285294727986855,0,-4.862783018209484,0,-20.148077746196339,0,-19.348077746196289,0,-3.0000000000000027,0,1
dual_front,0.80000000000000004,0.90000000000000002,0,2,15.576015661428173,-13.489225252541075,0,0,0,-13.489225252541075,0,-12.689225252541124,0,-3.0000000000000027,0,1
dual_front,0.80000000000000004,0.90000000000000002,1,2,15.576015661428173,-13.489225252541075,0,-1.181670499552391,0,-14.670895752093466,0,-13.870895752093437,0,-3.0000000000000027,0,1
dual_front,0.80000000000000004,0.90000000000000002,4,2,15.576015661428173,-13.489225252541075,0,-4.726681998209564,0,-18.215907250750639,0,-17.415907250750596,0,-3.0000000000000027,0,1
dual_front,0.80000000000000004,0.92500000000000004,0,2,13.745785575819372,-11.904199503633286,0,0,0,-11.904199503633286,0,-11.104199503633282,0,-3.0000000000000027,0,1
dual_front,0.80000000000000004,0.92500000000000004,1,2,13.745785575819372,-11.904199503633286,0,-1.1485975535273099,0,-13.052797057160596,0,-12.252797057160647,0,-3.0000000000000027,0,1
dual_front,0.80000000000000004,0.92500000000000004,4,2,13.745785575819372,-11.904199503633286,0,-4.5943902141092394,0,-16.498589717742526,0,-15.698589717742516,0,-3.0000000000000027,0,1
dual_front,0.80000000000000004,0.94999999999999996,0,2,12.13061319425263,-10.505419189705478,0,0,0,-10.505419189705478,0,-9.7054191897054665,0,-3.0000000000000027,0,1
dual_front,0.80000000000000004,0.94999999999999996,1,2,12.13061319425263,-10.505419189705478,0,-1.1164502629698063,0,-11.621869452675284,0,-10.821869452675269,0,-3.0000000000000027,0,1
dual_front,0.80000000000000004,0.94999999999999996,4,2,12.13061319425263,-10.505419189705478,0,-4.4658010518792217,0,-14.9712202415847,0,-14.171220241584681,0,-3.0000000000000027,0,1
dual_front,0.80000000000000004,0.97499999999999998,0,2,10.705228570379754,-9.270999895267833,0,0,0,-9.270999895267833,0,-8.4709998952677825,0,-3.0000000000000027,0,1
dual_front,0.80000000000000004,0.97499999999999998,1,2,10.705228570379754,-9.270999895267833,0,-1.0852027203588346,0,-10.356202615626668,0,-9.5562026156266189,0,-3.0000000000000027,0,1
dual_front,0.80000000000000004,0.97499999999999998,4,2,10.705228570379754,-9.270999895267833,0,-4.3408108814353366,0,-13.61181077670317,0,-12.811810776703124,0,-3.0000000000000027,0,1
dual_front,0.80000000000000004,1,0,2,9.4473310548202765,-8.1816286914359981,0,0,0,-8.1816286914359981,0,-7.381628691435993,0,-3.0000000000000027,0,1
dual_front,0.80000000000000004,1,1,2,9.4473310548202765,-8.1816286914359981,0,-1.054829743280802,0,-9.2364584347168002,0,-8.4364584347168528,0,-3.0000000000000027,0,1
dual_front,0.80000000000000004,1,4,2,9.4473310548202765,-8.1816286914359981,0,-4.2193189731232064,0,-12.400947664559204,0,-11.600947664559213,0,-3.0000000000000027,0,1
dual_front,0.80000000000000004,1.0249999999999999,0,2,8.3372403935701627,-7.2202619782895354,0,0,0,-7.2202619782895354,0,-6.4202619782894876,0,-3.0000000000000027,0,1
dual_front,0.80000000000000004,1.0249999999999999,1,2,8.3372403935701627,-7.2202619782895354,0,-1.0253068541349819,0,-8.2455688324245173,0,-7.4455688324245317,0,-3.0000000000000027,0,1
dual_front,0.80000000000000004,1.0249999999999999,4,2,8.3372403935701627,-7.2202619782895354,0,-4.1012274165399312,0,-11.321489394829467,0,-10.521489394829441,0,-3.0000000000000027,0,1
dual_front,0.80000000000000004,1.05,0,2,7.3575888234288289,-6.3718588316898241,0,0,0,-6.3718588316898241,0,-5.5718588316898687,0,-3.0000000000000027,0,1
dual_front,0.80000000000000004,1.05,1,2,7.3575888234288289,-6.3718588316898241,0,-0.99661026040703593,0,-7.3684690920968601,0,-6.5684690920968514,0,-3.0000000000000027,0,1
dual_front,0.80000000000000004,1.05,4,2,7.3575888234288289,-6.3718588316898241,0,-3.9864410416281437,0,-10.358299873317968,0,-9.5582998733180204,0,-3.0000000000000027,0,1
dual_front,0.80000000000000004,1.075,0,2,6.4930493471669966,-5.6231456826725852,0,0,0,-5.6231456826725852,0,-4.8231456826726138,0,-3.0000000000000027,0,1
dual_front,0.80000000000000004,1.075,1,2,6.4930493471669966,-5.6231456826725852,0,-0.9687168354946234,0,-6.5918625181672086,0,-5.7918625181672123,0,-3.0000000000000027,0,1
dual_front,0.80000000000000004,1.075,4,2,6.4930493471669966,-5.6231456826725852,0,-3.8748673419784945,0,-9.4980130246510797,0,-8.698013024651118,0,-3.0000000000000027,0,1
dual_front,0.80000000000000004,1.1000000000000001,0,2,5.7300959372037861,-4.962408647740479,0,0,0,-4.962408647740479,0,-4.1624086477405342,0,-3.0000000000000027,0,1
dual_front,0.80000000000000004,1.1000000000000001,1,2,5.7300959372037861,-4.962408647740479,0,-0.94160410006961381,0,-5.9040127478100928,0,-5.1040127478101383,0,-3.0000000000000027,0,1
dual_front,0.80000000000000004,1.1000000000000001,4,2,5.7300959372037861,-4.962408647740479,0,-3.7664164002784544,0,-8.7288250480189333,0,-7.9288250480189504,0,-3.0000000000000027,0,1
dual_front,0.80000000000000004,1.125,0,2,5.0567919160949302,-4.379310260989997,0,0,0,-4.379310260989997,0,-3.5793102609900096,0,-3.0000000000000027,0,1
dual_front,0.80000000000000004,1.125,1,2,5.0567919160949302,-4.379310260989997,0,-0.91525020396203782,0,-5.2945604649520348,0,-4.4945604649520021,0,-3.0000000000000027,0,1
dual_front,0.80000000000000004,1.125,4,2,5.0567919160949302,-4.379310260989997,0,-3.6610008158481504,0,-8.0403110768381474,0,-7.2403110768382017,0,-3.0000000000000027,0,1
dual_front,0.80000000000000004,1.1499999999999999,0,2,4.4626032029686087,-3.8647277407806198,0,0,0,-3.8647277407806198,0,-3.0647277407805928,0,-3.0000000000000027,0,1
dual_front,0.80000000000000004,1.1499999999999999,1,2,4.4626032029686087,-3.8647277407806198,0,-0.88963390855097169,0,-4.7543616493315914,0,-3.9543616493316058,0,-3.0000000000000027,0,1
dual_front,0.80000000000000004,1.1499999999999999,4,2,4.4626032029686087,-3.8647277407806198,0,-3.5585356342038881,0,-7.4232633749845078,0,-6.6232633749845338,0,-3.0000000000000027,0,1
dual_front,0.80000000000000004,1.175,0,2,3.9382335040838798,-3.4106102605716462,0,0,0,-3.4106102605716462,0,-2.610610260571633,0,-2.610610260571633,0,0
dual_front,0.80000000000000004,1.175,1,2,3.9382335040838798,-3.4106102605716462,0,-0.86473456964834483,0,-4.275344830219991,0,-3.4753448302199397,0,-3.0000000000000027,0,1
dual_front,0.80000000000000004,1.175,4,2,3.9382335040838798,-3.4106102605716462,0,-3.4589382785933811,0,-6.8695485391650273,0,-6.0695485391650816,0,-3.0000000000000027,0,1
dual_front,0.80000000000000004,1.2,0,2,3.4754788690088838,-3.0098529908777043,0,0,0,-3.0098529908777043,0,-2.2098529908777254,0,-2.2098529908777254,0,0
dual_front,0.80000000000000004,1.2,1,2,3.4754788690088838,-3.0098529908777043,0,-0.84053212086179441,0,-3.8503851117394987,0,-3.0503851117394953,0,-3.0000000000000027,0,1
dual_front,0.80000000000000004,1.2,4,2,3.4754788690088838,-3.0098529908777043,0,-3.3621284834471772,0,-6.3719814743248815,0,-5.5719814743249163,0,-3.0000000000000027,0,1
dual_front,0.80000000000000004,1.2250000000000001,0,2,3.0670993368985715,-2.6561859416845683,0,0,0,-2.6561859416845683,0,-1.8561859416845738,0,-1.8561859416845738,0,0
dual_front,0.80000000000000004,1.2250000000000001,1,2,3.0670993368985715,-2.6561859416845683,0,-0.81700705742309232,0,-3.4731929991076607,0,-2.6731929991076209,0,-2.6731929991076209,0,0
dual_front,0.80000000000000004,1.2250000000000001,4,2,3.0670993368985715,-2.6561859416845683,0,-3.2680282296923702,0,-5.9242141713769385,0,-5.124214171376984,0,-3.0000000000000027,0,1
dual_front,0.80000000000000004,1.25,0,2,2.7067056647322389,-2.3440758662253653,0,0,0,-2.3440758662253653,0,-1.5440758662254028,0,-1.5440758662254028,0,0
dual_front,0.80000000000000004,1.25,1,2,2.7067056647322389,-2.3440758662253653,0,-0.79414042046931144,0,-3.1382162866946768,0,-2.3382162866947276,0,-2.3382162866947276,0,0
dual_front,0.80000000000000004,1.25,4,2,2.7067056647322389,-2.3440758662253653,0,-3.1765616818772449,0,-5.5206375481026102,0,-4.7206375481025908,0,-3.0000000000000027,0,1
dual_front,0.80000000000000004,1.2749999999999999,0,2,2.3886593653344046,-2.0686396913672089,0,0,0,-2.0686396913672089,0,-1.2686396913672571,0,-1.2686396913672571,0,0
dual_front,0.80000000000000004,1.2749999999999999,1,2,2.3886593653344046,-2.0686396913672089,0,-0.77191378176379954,0,-2.8405534731310085,0,-2.0405534731310349,0,-2.0405534731310349,0,0
dual_front,0.80000000000000004,1.2749999999999999,4,2,2.3886593653344046,-2.0686396913672089,0,-3.0876551270551973,0,-5.1562948184224062,0,-4.3562948184223682,0,-3.0000000000000027,0,1
dual_front,0.80000000000000004,1.3,0,2,2.107984491237274,-1.8255681201950951,0,0,0,-1.8255681201950951,0,-1.0255681201950528,0,-1.0255681201950528,0,0
dual_front,0.80000000000000004,1.3,1,2,2.107984491237274,-1.8255681201950951,0,-0.75030922884489226,0,-2.5758773490399873,0,-1.7758773490399449,0,-1.7758773490399449,0,0
dual_front,0.80000000000000004,1.3,4,2,2.107984491237274,-1.8255681201950951,0,-3.001236915379569,0,-4.8268050355746643,0,-4.026805035574621,0,-3.0000000000000027,0,1
dual_front,0.80000000000000004,1.3250000000000002,0,2,1.8602897842132786,-1.6110582115293708,0,0,0,-1.6110582115293708,0,-0.81105821152938073,0,-0.81105821152938073,0,0
dual_front,0.80000000000000004,1.3250000000000002,1,2,1.8602897842132786,-1.6110582115293708,0,-0.72930935059024815,0,-2.3403675621196189,0,-1.5403675621196156,0,-1.5403675621196156,0,0
dual_front,0.80000000000000004,1.3250000000000002,4,2,1.8602897842132786,-1.6110582115293708,0,-2.9172374023609935,0,-4.5282956138903643,0,-3.72829561389032,0,-3.0000000000000027,0,1
dual_front,0.80000000000000004,1.3500000000000001,0,2,1.641699972477968,-1.4217538815581339,0,0,0,-1.4217538815581339,0,-0.62175388155816247,0,-0.62175388155816247,0,0
dual_front,0.80000000000000004,1.3500000000000001,1,2,1.641699972477968,-1.4217538815581339,0,-0.70889722318519377,0,-2.1306511047433276,0,-1.3306511047432856,0,-1.3306511047432856,0,0
dual_front,0.80000000000000004,1.3500000000000001,4,2,1.641699972477968,-1.4217538815581339,0,-2.8355888927407751,0,-4.2573427742989089,0,-3.4573427742988772,0,-3.0000000000000027,0,1
dual_front,0.80000000000000004,1.375,0,2,1.4487951406850357,-1.2546933967126903,0,0,0,-1.2546933967126903,0,-0.45469339671266873,0,-0.45469339671266873,0,0
dual_front,0.80000000000000004,1.375,1,2,1.4487951406850357,-1.2546933967126903,0,-0.68905639648383143,0,-1.9437497931965217,0,-1.1437497931965357,0,-1.1437497931965357,0,0
dual_front,0.80000000000000004,1.375,4,2,1.4487951406850357,-1.2546933967126903,0,-2.7562255859353262,0,-4.0109189826480165,0,-3.2109189826480256,0,-3.0000000000000027,0,1
dual_front,0.80000000000000004,1.3999999999999999,0,2,1.278557224134151,-1.1072630362922895,0,0,0,-1.1072630362922895,0,-0.30726303629224905,0,-0.30726303629224905,0,0
dual_front,0.80000000000000004,1.3999999999999999,1,2,1.278557224134151,-1.1072630362922895,0,-0.66977088075184477,0,-1.7770339170441343,0,-0.97703391704417886,0,-0.97703391704417886,0,0
dual_front,0.80000000000000004,1.3999999999999999,4,2,1.278557224134151,-1.1072630362922895,0,-2.6790835230073791,0,-3.7863465592996688,0,-2.9863465592996352,0,-2.9863465592996352,0,0
dual_front,0.80000000000000004,1.425,0,2,1.128322790075553,-0.97715619987436486,0,0,0,-0.97715619987436486,0,-0.17715619987435094,0,-0.17715619987435094,0,0
dual_front,0.80000000000000004,1.425,1,2,1.128322790075553,-0.97715619987436486,0,-0.65102513378035864,0,-1.6281813336547235,0,-0.82818133365469837,0,-0.82818133365469837,0,0
dual_front,0.80000000000000004,1.425,4,2,1.128322790075553,-0.97715619987436486,0,-2.604100535121435,0,-3.5812567349958,0,-2.7812567349958517,0,-2.7812567349958517,0,0
dual_front,0.80000000000000004,1.4500000000000002,0,2,0.99574136735727936,-0.86233731973045702,0,0,0,-0.86233731973045702,0,-0.062337319730487728,0,-0.062337319730487728,0,0
dual_front,0.80000000000000004,1.4500000000000002,1,2,0.99574136735727936,-0.86233731973045702,0,-0.63280404836048898,0,-1.495141368090946,0,-0.69514136809090132,0,-0.69514136809090132,0,0
dual_front,0.80000000000000004,1.4500000000000002,4,2,0.99574136735727936,-0.86233731973045702,0,-2.5312161934419564,0,-3.3935535131724133,0,-2.5935535131723642,0,-2.5935535131723642,0,0
dual_front,0.80000000000000004,1.4750000000000001,0,2,0.8787386724681393,-0.76101001364522203,0,0,0,-0.76101001364522203,0,0.038989986354764916,0,0.038989986354764916,0,0
dual_front,0.80000000000000004,1.4750000000000001,1,2,0.8787386724681393,-0.76101001364522203,0,-0.61509294010839377,0,-1.3761029537536158,0,-0.57610295375365439,0,-0.57610295375365439,0,0
dual_front,0.80000000000000004,1.4750000000000001,4,2,0.8787386724681393,-0.76101001364522203,0,-2.4603717604335751,0,-3.2213817740787971,0,-2.4213817740788013,0,-2.4213817740788013,0,0
dual_front,0.80000000000000004,1.5,0,2,0.77548415663444026,-0.67158897987777599,0,0,0,-0.67158897987777599,0,0.12841102012217664,0,0.12841102012217664,0,0
dual_front,0.80000000000000004,1.5,1,2,0.77548415663444026,-0.67158897987777599,0,-0.59787753563115931,0,-1.2694665155089353,0,-0.46946651550894281,0,-0.46946651550894281,0,0
dual_front,0.80000000000000004,1.5,4,2,0.77548415663444026,-0.67158897987777599,0,-2.3915101425246372,0,-3.0630991224024133,0,-2.2630991224024122,0,-2.2630991224024122,0,0
dual_front,0.80000000000000004,1.5249999999999999,0,2,0.68436236623332802,-0.59267519455209172,0,0,0,-0.59267519455209172,0,0.2073248054479393,0,0.2073248054479393,0,0
dual_front,0.80000000000000004,1.5249999999999999,1,2,0.68436236623332802,-0.59267519455209172,0,-0.5811439610238337,0,-1.1738191555759254,0,-0.37381915557588297,0,-0.37381915557588297,0,0
dual_front,0.80000000000000004,1.5249999999999999,4,2,0.68436236623332802,-0.59267519455209172,0,-2.3245758440953352,0,-2.9172510386474269,0,-2.1172510386474608,0,-2.1172510386474608,0,0
dual_front,0.80000000000000004,1.55,0,2,0.60394766844636993,-0.52303402343093774,0,0,0,-0.52303402343093774,0,0.27696597656901023,0,0.27696597656901023,0,0
dual_front,0.80000000000000004,1.55,1,2,0.60394766844636993,-0.52303402343093774,0,-0.56487873068845362,0,-1.0879127541193914,0,-0.28791275411943484,0,-0.28791275411943484,0,0
dual_front,0.80000000000000004,1.55,4,2,0.60394766844636993,-0.52303402343093774,0,-2.2595149227538145,0,-2.7825489461847521,0,-1.9825489461847701,0,-1.9825489461847701,0,0
dual_front,0.80000000000000004,1.5750000000000002,0,2,0.53298194672710697,-0.46157590562415912,0,0,0,-0.46157590562415912,0,0.3384240943757888,0,0.3384240943757888,0,0
dual_front,0.80000000000000004,1.5750000000000002,1,2,0.53298194672710697,-0.46157590562415912,0,-0.54906873646599652,0,-1.0106446420901556,0,-0.2106446420901964,0,-0.2106446420901964,0,0
dual_front,0.80000000000000004,1.5750000000000002,4,2,0.53298194672710697,-0.46157590562415912,0,-2.1962749458639856,0,-2.6578508514881447,0,-1.857850851488152,0,-1.857850851488152,0,0
dual_front,0.80000000000000004,1.6000000000000001,0,2,0.47035491712018196,-0.40733930702100163,0,0,0,-0.40733930702100163,0,0.39266069297905215,0,0.39266069297905215,0,0
dual_front,0.80000000000000004,1.6000000000000001,1,2,0.47035491712018196,-0.40733930702100163,0,-0.53370123707248585,0,-0.94104054409348747,0,-0.14104054409347366,0,-0.14104054409347366,0,0
dual_front,0.80000000000000004,1.6000000000000001,4,2,0.47035491712018196,-0.40733930702100163,0,-2.1348049482899434,0,-2.5421442553109452,0,-1.7421442553109401,0,-1.7421442553109401,0,0
dual_front,0.80000000000000004,1.625,0,2,0.4150867574739926,-0.35947567674698788,0,0,0,-0.35947567674698788,0,0.44052432325303315,0,0.44052432325303315,0,0
dual_front,0.80000000000000004,1.625,1,2,0.4150867574739926,-0.35947567674698788,0,-0.51876384783081475,0,-0.87823952457780263,0,-0.078239524577750075,0,-0.078239524577750075,0,0
dual_front,0.80000000000000004,1.625,4,2,0.4150867574739926,-0.35947567674698788,0,-2.075055391323259,0,-2.434531068070247,0,-1.6345310680702108,0,-1.6345310680702108,0,0
dual_front,0.80000000000000004,1.6499999999999999,0,2,0.36631277777468541,-0.31723617128372128,0,0,0,-0.31723617128372128,0,0.48276382871625945,0,0.48276382871625945,0,0
dual_front,0.80000000000000004,1.6499999999999999,1,2,0.36631277777468541,-0.31723617128372128,0,-0.50424453068989517,0,-0.82148070197361645,0,-0.021480701973608518,0,-0.021480701973608518,0,0
dual_front,0.80000000000000004,1.6499999999999999,4,2,0.36631277777468541,-0.31723617128372128,0,-2.0169781227595807,0,-2.3342142940433019,0,-1.5342142940433234,0,-1.5342142940433234,0,0
dual_front,0.80000000000000004,1.675,0,2,0.32326989176331572,-0.2799599385456773,0,0,0,-0.2799599385456773,0,0.52004006145434101,0,0.52004006145434101,0,0
dual_front,0.80000000000000004,1.675,1,2,0.32326989176331572,-0.2799599385456773,0,-0.49013158452320432,0,-0.77009152306888162,0,0.029908476931073125,0,0.029908476931073125,0,0
dual_front,0.80000000000000004,1.675,4,2,0.32326989176331572,-0.2799599385456773,0,-1.9605263380928173,0,-2.2404862766384945,0,-1.4404862766385085,0,-1.4404862766385085,0,0
dual_front,0.80000000000000004,1.7000000000000002,0,2,0.28528467817998637,-0.24706377861433632,0,0,0,-0.24706377861433632,0,0.55293622138563592,0,0.55293622138563592,0,0
dual_front,0.80000000000000004,1.7000000000000002,1,2,0.28528467817998637,-0.24706377861433632,0,-0.4764136356988396,0,-0.72347741431317591,0,0.076522585686800149,0,0.076522585686800149,0,0
dual_front,0.80000000000000004,1.7000000000000002,4,2,0.28528467817998637,-0.24706377861433632,0,-1.9056545427953586,0,-2.152718321409695,0,-1.3527183214097072,0,-1.3527183214097072,0,0
dual_front,0.80000000000000004,1.7250000000000001,0,2,0.25176284484867884,-0.21803301936799604,0,0,0,-0.21803301936799604,0,0.58196698063195385,0,0.58196698063195385,0,0
dual_front,0.80000000000000004,1.7250000000000001,1,2,0.25176284484867884,-0.21803301936799604,0,-0.46307962891348897,0,-0.68111264828148499,0,0.11888735171849962,0,0.11888735171849962,0,0
dual_front,0.80000000000000004,1.7250000000000001,4,2,0.25176284484867884,-0.21803301936799604,0,-1.8523185156539557,0,-2.0703515350219517,0,-1.2703515350219741,0,-1.2703515350219741,0,0
dual_front,0.80000000000000004,1.75,0,2,0.22217993076484732,-0.19241346425342548,0,0,0,-0.19241346425342548,0,0.60758653574655153,0,0.60758653574655153,0,0
dual_front,0.80000000000000004,1.75,1,2,0.22217993076484732,-0.19241346425342548,0,-0.45011881828297101,0,-0.64253228253639649,0,0.15746771746361077,0,0.15746771746361077,0,0
dual_front,0.80000000000000004,1.75,4,2,0.22217993076484732,-0.19241346425342548,0,-1.800475273131884,0,-1.9928887373853095,0,-1.1928887373853225,0,-1.1928887373853225,0,0
dual_front,0.80000000000000004,1.7750000000000001,0,2,0.19607310071643635,-0.16980428621921875,0,0,0,-0.16980428621921875,0,0.63019571378075678,0,0.63019571378075678,0,0
dual_front,0.80000000000000004,1.7750000000000001,1,2,0.19607310071643635,-0.16980428621921875,0,-0.43752075868210727,0,-0.60732504490132599,0,0.19267495509867061,0,0.19267495509867061,0,0
dual_front,0.80000000000000004,1.7750000000000001,4,2,0.19607310071643635,-0.16980428621921875,0,-1.7500830347284291,0,-1.9198873209476479,0,-1.1198873209476989,0,-1.1198873209476989,0,0
dual_front,0.80000000000000004,1.8,0,2,0.17303390406241362,-0.14985175663404954,0,0,0,-0.14985175663404954,0,0.65014824336595556,0,0.65014824336595556,0,0
dual_front,0.80000000000000004,1.8,1,2,0.17303390406241362,-0.14985175663404954,0,-0.42527529732699404,0,-0.57512705396104358,0,0.22487294603890096,0,0.22487294603890096,0,0
dual_front,0.80000000000000004,1.8,4,2,0.17303390406241362,-0.14985175663404954,0,-1.7011011893079759,0,-1.8509529459420255,0,-1.0509529459420408,0,-1.0509529459420408,0,0
dual_front,0.80000000000000004,1.825,0,2,0.15270188437719909,-0.1322437110764085,0,0,0,-0.1322437110764085,0,0.66775628892357108,0,0.66775628892357108,0,0
dual_front,0.80000000000000004,1.825,1,2,0.15270188437719909,-0.1322437110764085,0,-0.41337256559287527,0,-0.54561627666928381,0,0.25438372333075332,0,0.25438372333075332,0,0
dual_front,0.80000000000000004,1.825,4,2,0.15270188437719909,-0.1322437110764085,0,-1.6534902623715011,0,-1.7857339734479096,0,-0.98573397344792202,0,-0.98573397344792202,0,0
dual_front,0.80000000000000004,1.8500000000000001,0,2,0.13475893998170801,-0.11670466541122163,0,0,0,-0.11670466541122163,0,0.68329533458877378,0,0.68329533458877378,0,0
dual_front,0.80000000000000004,1.8500000000000001,1,2,0.13475893998170801,-0.11670466541122163,0,-0.40180297106099772,0,-0.51850763647221931,0,0.28149236352781326,0,0.28149236352781326,0,0
dual_front,0.80000000000000004,1.8500000000000001,4,2,0.13475893998170801,-0.11670466541122163,0,-1.6072118842439909,0,-1.7239165496552125,0,-0.92391654965517933,0,-0.92391654965517933,0,0
dual_front,0.80000000000000004,1.875,0,2,0.11892434712944198,-0.10299150574257575,0,0,0,-0.10299150574257575,0,0.69700849425746725,0,0.69700849425746725,0,0
dual_front,0.80000000000000004,1.875,1,2,0.11892434712944198,-0.10299150574257575,0,-0.39055718978808851,0,-0.49354869553066427,0,0.30645130446937952,0,0.30645130446937952,0,0
dual_front,0.80000000000000004,1.875,4,2,0.11892434712944198,-0.10299150574257575,0,-1.562228759152354,0,-1.6652202648949297,0,-0.86522026489488368,0,-0.86522026489488368,0,0
dual_front,0.80000000000000004,1.9000000000000001,0,2,0.1049503679836271,-0.090889684810346122,0,0,0,-0.090889684810346122,0,0.70911031518960943,0,0.70911031518960943,0,0
dual_front,0.80000000000000004,1.9000000000000001,1,2,0.1049503679836271,-0.090889684810346122,0,-0.37962615879217221,0,-0.4705158436025183,0,0.32948415639744155,0,0.32948415639744155,0,0
dual_front,0.80000000000000004,1.9000000000000001,4,2,0.1049503679836271,-0.090889684810346122,0,-1.5185046351686888,0,-1.609394319979035,0,-0.80939431997906208,0,-0.80939431997906208,0,0
dual_front,0.80000000000000004,1.925,0,2,0.092618374670664999,-0.080209865322021068,0,0,0,-0.080209865322021068,0,0.7197901346779334,0,0.7197901346779334,0,0
dual_front,0.80000000000000004,1.925,1,2,0.092618374670664999,-0.080209865322021068,0,-0.36900106874871358,0,-0.44921093407073465,0,0.35078906592922454,0,0.35078906592922454,0,0
dual_front,0.80000000000000004,1.925,4,2,0.092618374670664999,-0.080209865322021068,0,-1.4760042749948543,0,-1.5562141403168754,0,-0.75621414031690204,0,-0.75621414031690204,0,0
dual_front,0.80000000000000004,1.9500000000000002,0,2,0.081735428769280985,-0.070784957703410811,0,0,0,-0.070784957703410811,0,0.72921504229661593,0,0.72921504229661593,0,0
dual_front,0.80000000000000004,1.9500000000000002,1,2,0.081735428769280985,-0.070784957703410811,0,-0.35867335689118313,0,-0.42945831459459394,0,0.37054168540540111,0,0.37054168540540111,0,0
dual_front,0.80000000000000004,1.9500000000000002,4,2,0.081735428769280985,-0.070784957703410811,0,-1.4346934275647325,0,-1.5054783852681433,0,-0.70547838526813234,0,-0.70547838526813234,0,0
dual_front,0.80000000000000004,1.9750000000000001,0,2,0.072131262720314754,-0.06246750592284199,0,0,0,-0.06246750592284199,0,0.73753249407715327,0,0.73753249407715327,0,0
dual_front,0.80000000000000004,1.9750000000000001,1,2,0.072131262720314754,-0.06246750592284199,0,-0.34863470011030329,0,-0.41110220603314529,0,0.38889779396689139,0,0.38889779396689139,0,0
dual_front,0.80000000000000004,1.9750000000000001,4,2,0.072131262720314754,-0.06246750592284199,0,-1.3945388004412131,0,-1.457006306364055,0,-0.65700630636400525,0,-0.65700630636400525,0,0
dual_front,0.80000000000000004,2,0,2,0.06365561593019313,-0.055127380489092659,0,0,0,-0.055127380489092659,0,0.74487261951095007,0,0.74487261951095007,0,0
dual_front,0.80000000000000004,2,1,2,0.06365561593019313,-0.055127380489092659,0,-0.33887700824646827,0,-0.39400438873556093,0,0.4059956112644203,0,0.4059956112644203,0,0
dual_front,0.80000000000000004,2,4,2,0.06365561593019313,-0.055127380489092659,0,-1.3555080329858731,0,-1.4106354134749657,0,-0.61063541347494699,0,-0.61063541347494699,0,0
dual_rear,0,0.75,0,2,32.974425414002567,28.556690083721431,0,0,0,28.556690083721431,0,32.556690083721435,0,3,0,1
dual_rear,0,0.75,1,2,32.974425414002567,28.556690083721431,0,1.016013781884272,0,29.572703865605703,0,33.572703865605703,0,3,0,1
dual_rear,0,0.75,4,2,32.974425414002567,28.556690083721431,0,4.0640551275370846,0,32.620745211258516,0,36.620745211258516,0,3,0,1
dual_rear,0,0.77500000000000002,0,2,29.099828292364087,25.201190546952454,0,0,0,25.201190546952454,0,29.201190546952454,0,3,0,1
dual_rear,0,0.77500000000000002,1,2,29.099828292364087,25.201190546952454,0,0.94597261597876781,0,26.147163162931221,0,30.147163162931221,0,3,0,1
dual_rear,0,0.77500000000000002,4,2,29.099828292364087,25.201190546952454,0,3.7838904639150712,0,28.985081010867525,0,32.985081010867525,0,3,0,1
dual_rear,0,0.80000000000000004,0,2,25.680508333754823,22.239972599129654,0,0,0,22.239972599129654,0,26.239972599129654,0,3,0,1
dual_rear,0,0.80000000000000004,1,2,25.680508333754823,22.239972599129654,0,0.88075989335707661,0,23.120732492486731,0,27.120732492486731,0,3,0,1
dual_rear,0,0.80000000000000004,4,2,25.680508333754823,22.239972599129654,0,3.5230395734283029,0,25.763012172557957,0,29.763012172557957,0,3,0,1
dual_rear,0,0.82499999999999996,0,2,22.662969061336582,19.626706932298255,0,0,0,19.626706932298255,0,23.626706932298255,0,2.9999999999999996,0,1
dual_rear,0,0.82499999999999996,1,2,22.662969061336582,19.626706932298255,0,0.82004275456085907,0,20.446749686859114,0,24.446749686859114,0,3,0,1
dual_rear,0,0.82499999999999996,4,2,22.662969061336582,19.626706932298255,0,3.2801710182434363,0,22.906877950541691,0,26.906877950541691,0,3,0,1
dual_rear,0,0.84999999999999998,0,2,20.000000000000004,17.320508075688767,0,0,0,17.320508075688767,0,21.320508075688767,0,3,0,1
dual_rear,0,0.84999999999999998,1,2,20.000000000000004,17.320508075688767,0,0.76351128653757527,0,18.084019362226343,0,22.084019362226343,0,3,0,1
dual_rear,0,0.84999999999999998,4,2,20.000000000000004,17.320508075688767,0,3.0540451461503046,0,20.374553221839072,0,24.374553221839072,0,3,0,1
dual_rear,0,0.875,0,2,17.649938051691958,15.285294727986855,0,0,0,15.285294727986855,0,19.285294727986855,0,3,0,1
dual_rear,0,0.875,1,2,17.649938051691958,15.285294727986855,0,0.71087694077907138,0,15.996171668765927,0,19.996171668765925,0,3,0,1
dual_rear,0,0.875,4,2,17.649938051691958,15.285294727986855,0,2.8435077631162855,0,18.128802491103141,0,22.128802491103141,0,3,0,1
dual_rear,0,0.90000000000000002,0,2,15.576015661428173,13.489225252541075,0,0,0,13.489225252541075,0,17.489225252541075,0,3,0,1
dual_rear,0,0.90000000000000002,1,2,15.576015661428173,13.489225252541075,0,0.66187106050925593,0,14.151096313050331,0,18.151096313050331,0,3,0,1
dual_rear,0,0.90000000000000002,4,2,15.576015661428173,13.489225252541075,0,2.6474842420370202,0,16.136709494578096,0,20.136709494578096,0,3.0000000000000004,0,1
dual_rear,0,0.92500000000000004,0,2,13.745785575819372,11.904199503633286,0,0,0,11.904199503633286,0,15.904199503633285,0,3,0,1
dual_rear,0,0.92500000000000004,1,2,13.745785575819372,11.904199503633286,0,0.61624350940339312,0,12.52044301303668,0,16.52044301303668,0,3,0,1
dual_rear,0,0.92500000000000004,4,2,13.745785575819372,11.904199503633286,0,2.4649740376135725,0,14.369173541246859,0,18.369173541246859,0,3,0,1
dual_rear,0,0.94999999999999996,0,2,12.13061319425263,10.505419189705478,0,0,0,10.505419189705478,0,14.505419189705478,0,3,0,1
dual_rear,0,0.94999999999999996,1,2,12.13061319425263,10.505419189705478,0,0.57376139483968558,0,11.079180584545163,0,15.079180584545163,0,3,0,1
dual_rear,0,0.94999999999999996,4,2,12.13061319425263,10.505419189705478,0,2.2950455793587423,0,12.80046476906422,0,16.80046476906422,0,3,0,1
dual_rear,0,0.97499999999999998,0,2,10.705228570379754,9.270999895267833,0,0,0,9.270999895267833,0,13.270999895267835,0,3,0,1
dual_rear,0,0.97499999999999998,1,2,10.705228570379754,9.270999895267833,0,0.53420787916629386,0,9.8052077744341268,0,13.805207774434127,0,3,0,1
dual_rear,0,0.97499999999999998,4,2,10.705228570379754,9.270999895267833,0,2.1368315166651772,0,11.40783141193301,0,15.40783141193301,0,3,0,1
dual_rear,0,1,0,2,9.4473310548202765,8.1816286914359981,0,0,0,8.1816286914359981,0,12.181628691435996,0,3,0,1
dual_rear,0,1,1,2,9.4473310548202765,8.1816286914359981,0,0.49738107291636169,0,8.6790097643523598,0,12.679009764352358,0,3,0,1
dual_rear,0,1,4,2,9.4473310548202765,8.1816286914359981,0,1.9895242916654485,0,10.171152983101447,0,14.171152983101447,0,3,0,1
dual_rear,0,1.0249999999999999,0,2,8.3372403935701627,7.2202619782895354,0,0,0,7.2202619782895354,0,11.220261978289535,0,3,0,1
dual_rear,0,1.0249999999999999,1,2,8.3372403935701627,7.2202619782895354,0,0.46309300432167699,0,7.6833549826112124,0,11.683354982611213,0,3,0,1
dual_rear,0,1.0249999999999999,4,2,8.3372403935701627,7.2202619782895354,0,1.8523720172867097,0,9.0726339955762452,0,13.072633995576247,0,3,0,1
dual_rear,0,1.05,0,2,7.3575888234288289,6.3718588316898241,0,0,0,6.3718588316898241,0,10.371858831689824,0,3,0,1
dual_rear,0,1.05,1,2,7.3575888234288289,6.3718588316898241,0,0.43116865986522779,0,6.8030274915550519,0,10.803027491555053,0,2.9999999999999996,0,1
dual_rear,0,1.05,4,2,7.3575888234288289,6.3718588316898241,0,1.7246746394609094,0,8.0965334711507335,0,12.096533471150735,0,3,0,1
dual_rear,0,1.075,0,2,6.4930493471669966,5.6231456826725852,0,0,0,5.6231456826725852,0,9.6231456826725861,0,3,0,1
dual_rear,0,1.075,1,2,6.4930493471669966,5.6231456826725852,0,0.40144509097537817,0,6.0245907736479634,0,10.024590773647963,0,3,0,1
dual_rear,0,1.075,4,2,6.4930493471669966,5.6231456826725852,0,1.6057803639015109,0,7.2289260465740961,0,11.228926046574095,0,3,0,1
dual_rear,0,1.1000000000000001,0,2,5.7300959372037861,4.962408647740479,0,0,0,4.962408647740479,0,8.9624086477404781,0,3,0,1
dual_rear,0,1.1000000000000001,1,2,5.7300959372037861,4.962408647740479,0,0.37377058230206917,0,5.3361792300425481,0,9.3361792300425481,0,3,0,1
dual_rear,0,1.1000000000000001,4,2,5.7300959372037861,4.962408647740479,0,1.4950823292082749,0,6.4574909769487538,0,10.457490976948755,0,3.0000000000000004,0,1
dual_rear,0,1.125,0,2,5.0567919160949302,4.379310260989997,0,0,0,4.379310260989997,0,8.3793102609899961,0,3,0,1
dual_rear,0,1.125,1,2,5.0567919160949302,4.379310260989997,0,0.3480038773297558,0,4.7273141383197528,0,8.7273141383197519,0,3.0000000000000004,0,1
dual_rear,0,1.125,4,2,5.0567919160949302,4.379310260989997,0,1.3920155093190241,0,5.7713257703090211,0,9.7713257703090211,0,3.0000000000000004,0,1
dual_rear,0,1.1499999999999999,0,2,4.4626032029686087,3.8647277407806198,0,0,0,3.8647277407806198,0,7.8647277407806193,0,3,0,1
dual_rear,0,1.1499999999999999,1,2,4.4626032029686087,3.8647277407806198,0,0.32401345737442133,0,4.1887411981550411,0,8.1887411981550411,0,3,0,1
dual_rear,0,1.1499999999999999,4,2,4.4626032029686087,3.8647277407806198,0,1.296053829497684,0,5.1607815702783038,0,9.1607815702783029,0,3,0,1
dual_rear,0,1.175,0,2,3.9382335040838798,3.4106102605716462,0,0,0,3.4106102605716462,0,7.4106102605716462,0,3,0,1
dual_rear,0,1.175,1,2,3.9382335040838798,3.4106102605716462,0,0.30167687028453871,0,3.7122871308561849,0,7.7122871308561844,0,3,0,1
dual_rear,0,1.175,4,2,3.9382335040838798,3.4106102605716462,0,1.206707481138154,0,4.6173177417098001,0,8.617317741709801,0,3,0,1
dual_rear,0,1.2,0,2,3.4754788690089109,3.0098529908777265,0,0,0,3.0098529908777265,0,7.009852990877727,0,3,0,1
dual_rear,0,1.2,1,2,3.4754788690089109,3.0098529908777265,0,0.2808801054195329,0,3.2907330962972594,0,7.2907330962972594,0,3,0,1
dual_rear,0,1.2,4,2,3.4754788690089109,3.0098529908777265,0,1.123520421678132,0,4.1333734125558586,0,8.1333734125558586,0,3,0,1
dual_rear,0,1.2250000000000001,0,2,3.0670993368985715,2.6561859416845683,0,0,0,2.6561859416845683,0,6.6561859416845692,0,3,0,1
dual_rear,0,1.2250000000000001,1,2,3.0670993368985715,2.6561859416845683,0,0.26151701171546904,0,2.9177029534000374,0,6.9177029534000383,0,3,0,1
dual_rear,0,1.2250000000000001,4,2,3.0670993368985715,2.6561859416845683,0,1.0460680468618753,0,3.7022539885464436,0,7.7022539885464436,0,3,0,1
dual_rear,0,1.25,0,2,2.7067056647322598,2.3440758662253822,0,0,0,2.3440758662253822,0,6.3440758662253813,0,3,0,1
dual_rear,0,1.25,1,2,2.7067056647322598,2.3440758662253822,0,0.24348875586769436,0,2.5875646220930766,0,6.5875646220930761,0,3,0,1
dual_rear,0,1.25,4,2,2.7067056647322598,2.3440758662253822,0,0.97395502347077656,0,3.3180308896961588,0,7.3180308896961588,0,3,0,1
dual_rear,0,1.2749999999999999,0,2,2.3886593653344046,2.0686396913672089,0,0,0,2.0686396913672089,0,6.0686396913672098,0,3,0,1
dual_rear,0,1.2749999999999999,1,2,2.3886593653344046,2.0686396913672089,0,0.2267033178648501,0,2.295343009232059,0,6.2953430092320595,0,3,0,1
dual_rear,0,1.2749999999999999,4,2,2.3886593653344046,2.0686396913672089,0,0.90681327145939994,0,2.9754529628266089,0,6.9754529628266084,0,3,0,1
dual_rear,0,1.3,0,2,2.107984491237274,1.8255681201950951,0,0,0,1.8255681201950951,0,5.8255681201950953,0,3,0,1
dual_rear,0,1.3,1,2,2.107984491237274,1.8255681201950951,0,0.21107502129937061,0,2.0366431414944657,0,6.0366431414944657,0,3,0,1
dual_rear,0,1.3,4,2,2.107984491237274,1.8255681201950951,0,0.84430008519748179,0,2.6698682053925769,0,6.6698682053925769,0,3,0,1
dual_rear,0,1.3250000000000002,0,2,1.860289784213264,1.6110582115293588,0,0,0,1.6110582115293588,0,5.6110582115293592,0,3,0,1
dual_rear,0,1.3250000000000002,1,2,1.860289784213264,1.6110582115293588,0,0.19652409605707799,0,1.8075823075864368,0,5.8075823075864363,0,3,0,1
dual_rear,0,1.3250000000000002,4,2,1.860289784213264,1.6110582115293588,0,0.78609638422831241,0,2.3971545957576712,0,6.3971545957576712,0,3,0,1
dual_rear,0,1.3500000000000001,0,2,1.641699972477968,1.4217538815581339,0,0,0,1.4217538815581339,0,5.4217538815581339,0,3,0,1
dual_rear,0,1.3500000000000001,1,2,1.641699972477968,1.4217538815581339,0,0.18297627115372328,0,1.6047301527118571,0,5.6047301527118574,0,3,0,1
dual_rear,0,1.3500000000000001,4,2,1.641699972477968,1.4217538815581339,0,0.73190508461489312,0,2.153658966173027,0,6.1536589661730261,0,3,0,1
dual_rear,0,1.375,0,2,1.4487951406850244,1.254693396712681,0,0,0,1.254693396712681,0,5.2546933967126819,0,3,0,1
dual_rear,0,1.375,1,2,1.4487951406850244,1.254693396712681,0,0.17036239564026268,0,1.4250557923529437,0,5.4250557923529428,0,3,0,1
dual_rear,0,1.375,4,2,1.4487951406850244,1.254693396712681,0,0.6814495825610507,0,1.9361429792737317,0,5.9361429792737326,0,3,0,1
dual_rear,0,1.3999999999999999,0,2,1.278557224134151,1.1072630362922895,0,0,0,1.1072630362922895,0,5.1072630362922897,0,3,0,1
dual_rear,0,1.3999999999999999,1,2,1.278557224134151,1.1072630362922895,0,0.15861808564185975,0,1.2658811219341493,0,5.2658811219341501,0,3.0000000000000004,0,1
dual_rear,0,1.3999999999999999,4,2,1.278557224134151,1.1072630362922895,0,0.63447234256743923,0,1.7417353788597287,0,5.7417353788597296,0,3,0,1
dual_rear,0,1.425,0,2,1.1283227900755446,0.97715619987435787,0,0,0,0.97715619987435787,0,4.9771561998743579,0,3,0,1
dual_rear,0,1.425,1,2,1.1283227900755446,0.97715619987435787,0,0.14768339572904043,0,1.1248395956033983,0,5.1248395956033974,0,3,0,1
dual_rear,0,1.425,4,2,1.1283227900755446,0.97715619987435787,0,0.59073358291616218,0,1.56788978279052,0,5.5678897827905196,0,3,0,1
dual_rear,0,1.4500000000000002,0,2,0.99574136735727936,0.86233731973045702,0,0,0,0.86233731973045702,0,4.8623373197304574,0,3.0000000000000004,0,1
dual_rear,0,1.4500000000000002,1,2,0.99574136735727936,0.86233731973045702,0,0.13750251294360993,0,0.99983983267406695,0,4.9998398326740663,0,3,0,1
dual_rear,0,1.4500000000000002,4,2,0.99574136735727936,0.86233731973045702,0,0.55001005177443962,0,1.4123473715048966,0,5.4123473715048966,0,3,0,1
dual_rear,0,1.4750000000000001,0,2,0.87873867246814619,0.76101001364522769,0,0,0,0.76101001364522769,0,4.7610100136452278,0,3,0,1
dual_rear,0,1.4750000000000001,1,2,0.87873867246814619,0.76101001364522769,0,0.12802347191756558,0,0.88903348556279327,0,4.889033485562793,0,3.0000000000000004,0,1
dual_rear,0,1.4750000000000001,4,2,0.87873867246814619,0.76101001364522769,0,0.5120938876702622,0,1.2731039013154899,0,5.2731039013154906,0,3,0,1
dual_rear,0,1.5,0,2,0.77548415663444026,0.67158897987777599,0,0,0,0.67158897987777599,0,4.6715889798777752,0,3,0,1
dual_rear,0,1.5,1,2,0.77548415663444026,0.67158897987777599,0,0.11919788963092881,0,0.7907868695087048,0,4.7907868695087039,0,3.0000000000000004,0,1
dual_rear,0,1.5,4,2,0.77548415663444026,0.67158897987777599,0,0.47679155852371491,0,1.1483805384014909,0,5.14838053840149,0,3,0,1
dual_rear,0,1.5249999999999999,0,2,0.68436236623332192,0.59267519455208661,0,0,0,0.59267519455208661,0,4.5926751945520863,0,3,0,1
dual_rear,0,1.5249999999999999,1,2,0.68436236623332192,0.59267519455208661,0,0.11098071845462587,0,0.70365591300671249,0,4.7036559130067133,0,3,0,1
dual_rear,0,1.5249999999999999,4,2,0.68436236623332192,0.59267519455208661,0,0.44392287381850359,0,1.0365980683705902,0,5.0365980683705907,0,3,0,1
dual_rear,0,1.55,0,2,0.60394766844636993,0.52303402343093774,0,0,0,0.52303402343093774,0,4.5230340234309381,0,3,0,1
dual_rear,0,1.55,1,2,0.60394766844636993,0.52303402343093774,0,0.10333001621791327,0,0.62636403964885101,0,4.6263640396488519,0,3,0,1
dual_rear,0,1.55,4,2,0.60394766844636993,0.52303402343093774,0,0.41332006487165329,0,0.93635408830259104,0,4.9363540883025916,0,3,0,1
dual_rear,0,1.5750000000000002,0,2,0.53298194672711119,0.46157590562416267,0,0,0,0.46157590562416267,0,4.4615759056241622,0,3,0,1
dual_rear,0,1.5750000000000002,1,2,0.53298194672711119,0.46157590562416267,0,0.096206732126712324,0,0.557782637750875,0,4.5577826377508757,0,3,0,1
dual_rear,0,1.5750000000000002,4,2,0.53298194672711119,0.46157590562416267,0,0.38482692850684946,0,0.84640283413101214,0,4.8464028341310126,0,3,0,1
dual_rear,0,1.6000000000000001,0,2,0.47035491712018196,0.40733930702100163,0,0,0,0.40733930702100163,0,4.407339307021001,0,3,0,1
dual_rear,0,1.6000000000000001,1,2,0.47035491712018196,0.40733930702100163,0,0.089574507440136952,0,0.49691381446113858,0,4.4969138144611378,0,3,0,1
dual_rear,0,1.6000000000000001,4,2,0.47035491712018196,0.40733930702100163,0,0.3582980297605477,0,0.76563733678154933,0,4.7656373367815501,0,3,0,1
dual_rear,0,1.625,0,2,0.41508675747399576,0.35947567674699049,0,0,0,0.35947567674699049,0,4.3594756767469907,0,3,0,1
dual_rear,0,1.625,1,2,0.41508675747399576,0.35947567674699049,0,0.083399489887832745,0,0.44287516663482324,0,4.4428751666348241,0,2.9999999999999996,0,1
dual_rear,0,1.625,4,2,0.41508675747399576,0.35947567674699049,0,0.33359795955133104,0,0.69307363629832153,0,4.6930736362983207,0,3,0,1
dual_rear,0,1.6499999999999999,0,2,0.36631277777468541,0.31723617128372128,0,0,0,0.31723617128372128,0,4.3172361712837208,0,3,0,1
dual_rear,0,1.6499999999999999,1,2,0.36631277777468541,0.31723617128372128,0,0.077650160880863184,0,0.39488633216458446,0,4.3948863321645852,0,3,0,1
dual_rear,0,1.6499999999999999,4,2,0.36631277777468541,0.31723617128372128,0,0.31060064352345274,0,0.62783681480717402,0,4.6278368148071749,0,3,0,1
dual_rear,0,1.675,0,2,0.32326989176331572,0.2799599385456773,0,0,0,0.2799599385456773,0,4.2799599385456766,0,3,0,1
dual_rear,0,1.675,1,2,0.32326989176331572,0.2799599385456773,0,0.072297174634200545,0,0.35225711317987785,0,4.3522571131798777,0,3,0,1
dual_rear,0,1.675,4,2,0.32326989176331572,0.2799599385456773,0,0.28918869853680235,0,0.56914863708247965,0,4.5691486370824794,0,3,0,1
dual_rear,0,1.7000000000000002,0,2,0.28528467817998437,0.24706377861433465,0,0,0,0.24706377861433465,0,4.2470637786143346,0,3,0,1
dual_rear,0,1.7000000000000002,1,2,0.28528467817998437,0.24706377861433465,0,0.06731320837966609,0,0.31437698699400074,0,4.3143769869940005,0,3,0,1
dual_rear,0,1.7000000000000002,4,2,0.28528467817998437,0.24706377861433465,0,0.2692528335186643,0,0.51631661213299895,0,4.5163166121329983,0,3,0,1
dual_rear,0,1.7250000000000001,0,2,0.25176284484867884,0.21803301936799604,0,0,0,0.21803301936799604,0,4.2180330193679954,0,3,0,1
dual_rear,0,1.7250000000000001,1,2,0.25176284484867884,0.21803301936799604,0,0.062672822904767972,0,0.28070584227276402,0,4.2807058422727646,0,3,0,1
dual_rear,0,1.7250000000000001,4,2,0.25176284484867884,0.21803301936799604,0,0.25069129161907189,0,0.4687243109870679,0,4.4687243109870671,0,3,0,1
dual_rear,0,1.75,0,2,0.22217993076484577,0.1924134642534242,0,0,0,0.1924134642534242,0,4.1924134642534234,0,3,0,1
dual_rear,0,1.75,1,2,0.22217993076484577,0.1924134642534242,0,0.058352332705611298,0,0.2507657969590355,0,4.2507657969590351,0,2.9999999999999996,0,1
dual_rear,0,1.75,4,2,0.22217993076484577,0.1924134642534242,0,0.23340933082244514,0,0.42582279507586934,0,4.4258227950758702,0,3,0,1
dual_rear,0,1.7750000000000001,0,2,0.19607310071643635,0.16980428621921875,0,0,0,0.16980428621921875,0,4.1698042862192182,0,3,0,1
dual_rear,0,1.7750000000000001,1,2,0.19607310071643635,0.16980428621921875,0,0.054329685091100421,0,0.22413397131031917,0,4.2241339713103194,0,3,0,1
dual_rear,0,1.7750000000000001,4,2,0.19607310071643635,0.16980428621921875,0,0.21731874036440171,0,0.38712302658362047,0,4.3871230265836196,0,3,0,1
dual_rear,0,1.8,0,2,0.17303390406241223,0.14985175663404837,0,0,0,0.14985175663404837,0,4.1498517566340478,0,3,0,1
dual_rear,0,1.8,1,2,0.17303390406241223,0.14985175663404837,0,0.050584347621364101,0,0.20043610425541247,0,4.200436104255413,0,3,0,1
dual_rear,0,1.8,4,2,0.17303390406241223,0.14985175663404837,0,0.20233739048545646,0,0.35218914711950483,0,4.3521891471195051,0,3,0,1
dual_rear,0,1.825,0,2,0.15270188437719909,0.1322437110764085,0,0,0,0.1322437110764085,0,4.1322437110764092,0,3,0,1
dual_rear,0,1.825,1,2,0.15270188437719909,0.1322437110764085,0,0.047097203305861868,0,0.17934091438227037,0,4.1793409143822711,0,3,0,1
dual_rear,0,1.825,4,2,0.15270188437719909,0.1322437110764085,0,0.1883888132234475,0,0.320632524299856,0,4.3206325242998567,0,3,0,1
dual_rear,0,1.8500000000000001,0,2,0.1347589399817091,0.11670466541122253,0,0,0,0.11670466541122253,0,4.1167046654112234,0,3,0,1
dual_rear,0,1.8500000000000001,1,2,0.1347589399817091,0.11670466541122253,0,0.043850453026241201,0,0.16055511843746373,0,4.160555118437463,0,3,0,1
dual_rear,0,1.8500000000000001,4,2,0.1347589399817091,0.11670466541122253,0,0.1754018121049648,0,0.29210647751618735,0,4.292106477516187,0,3,0,1
dual_rear,0,1.875,0,2,0.11892434712944198,0.10299150574257575,0,0,0,0.10299150574257575,0,4.1029915057425761,0,3,0,1
dual_rear,0,1.875,1,2,0.11892434712944198,0.10299150574257575,0,0.040827524685892916,0,0.14381903042846866,0,4.1438190304284692,0,3,0,1
dual_rear,0,1.875,4,2,0.11892434712944198,0.10299150574257575,0,0.16331009874357161,0,0.26630160448614737,0,4.2663016044861468,0,3,0,1
dual_rear,0,1.9000000000000001,0,2,0.10495036798362806,0.090889684810346927,0,0,0,0.090889684810346927,0,4.0908896848103478,0,3,0,1
dual_rear,0,1.9000000000000001,1,2,0.10495036798362806,0.090889684810346927,0,0.038012988622482147,0,0.12890267343282907,0,4.1289026734328296,0,3,0,1
dual_rear,0,1.9000000000000001,4,2,0.10495036798362806,0.090889684810346927,0,0.15205195448992853,0,0.24294163930027546,0,4.242941639300275,0,2.9999999999999996,0,1
dual_rear,0,1.925,0,2,0.092618374670664999,0.080209865322021068,0,0,0,0.080209865322021068,0,4.0802098653220202,0,3,0,1
dual_rear,0,1.925,1,2,0.092618374670664999,0.080209865322021068,0,0.035392478851705489,0,0.11560234417372656,0,4.1156023441737268,0,3,0,1
dual_rear,0,1.925,4,2,0.092618374670664999,0.080209865322021068,0,0.14156991540682193,0,0.221779780728843,0,4.2217797807288431,0,3,0,1
dual_rear,0,1.9500000000000002,0,2,0.081735428769281623,0.070784957703411353,0,0,0,0.070784957703411353,0,4.0707849577034114,0,3,0,1
dual_rear,0,1.9500000000000002,1,2,0.081735428769281623,0.070784957703411353,0,0.032952619740284836,0,0.10373757744369619,0,4.103737577443697,0,3,0,1
dual_rear,0,1.9500000000000002,4,2,0.081735428769281623,0.070784957703411353,0,0.13181047896113934,0,0.20259543666455071,0,4.2025954366645504,0,3,0,1
dual_rear,0,1.9750000000000001,0,2,0.072131262720314754,0.06246750592284199,0,0,0,0.06246750592284199,0,4.0624675059228412,0,3,0,1
dual_rear,0,1.9750000000000001,1,2,0.072131262720314754,0.06246750592284199,0,0.030680957733919212,0,0.093148463656761202,0,4.0931484636567603,0,3,0,1
dual_rear,0,1.9750000000000001,4,2,0.072131262720314754,0.06246750592284199,0,0.12272383093567686,0,0.18519133685851885,0,4.1851913368585194,0,3,0,1
dual_rear,0,2,0,2,0.063655615930193504,0.055127380489092971,0,0,0,0.055127380489092971,0,4.0551273804890933,0,3,0,1
dual_rear,0,2,1,2,0.063655615930193504,0.055127380489092971,0,0.028565897791724491,0,0.083693278280817462,0,4.0836932782808173,0,3,0,1
dual_rear,0,2,4,2,0.063655615930193504,0.055127380489092971,0,0.11426359116689797,0,0.16939097165599093,0,4.1693909716559912,0,3,0,1
dual_rear,0.80000000000000004,0.75,0,2,32.974425414002567,28.556690083721431,0,0,0,28.556690083721431,0,29.356690083721436,0,3.0000000000000027,0,1
dual_rear,0.80000000000000004,0.75,1,2,32.974425414002567,28.556690083721431,0,0.08287369177867987,0,28.639563775500111,0,29.439563775500165,0,3.0000000000000027,0,1
dual_rear,0.80000000000000004,0.75,4,2,32.974425414002567,28.556690083721431,0,0.33149476711471593,0,28.888184850836147,0,29.68818485083613,0,3.0000000000000027,0,1
dual_rear,0.80000000000000004,0.77500000000000002,0,2,29.099828292364087,25.201190546952454,0,0,0,25.201190546952454,0,26.00119054695249,0,3.0000000000000027,0,1
dual_rear,0.80000000000000004,0.77500000000000002,1,2,29.099828292364087,25.201190546952454,0,0.076469272369131147,0,25.277659819321585,0,26.077659819321529,0,3.0000000000000027,0,1
dual_rear,0.80000000000000004,0.77500000000000002,4,2,29.099828292364087,25.201190546952454,0,0.30587708947652459,0,25.507067636428978,0,26.307067636428982,0,3.0000000000000027,0,1
dual_rear,0.80000000000000004,0.80000000000000004,0,2,25.680508333754823,22.239972599129654,0,0,0,22.239972599129654,0,23.039972599129708,0,3.0000000000000027,0,1
dual_rear,0.80000000000000004,0.80000000000000004,1,2,25.680508333754823,22.239972599129654,0,0.070559781894122153,0,22.310532381023776,0,23.110532381023784,0,3.0000000000000027,0,1
dual_rear,0.80000000000000004,0.80000000000000004,4,2,25.680508333754823,22.239972599129654,0,0.28223912757648861,0,22.522211726706143,0,23.322211726706122,0,3.0000000000000027,0,1
dual_rear,0.80000000000000004,0.82499999999999996,0,2,22.662969061336582,19.626706932298255,0,0,0,19.626706932298255,0,20.426706932298309,0,3.0000000000000027,0,1
dual_rear,0.80000000000000004,0.82499999999999996,1,2,22.662969061336582,19.626706932298255,0,0.065106972600879942,0,19.691813904899135,0,20.491813904899182,0,3.0000000000000027,0,1
dual_rear,0.80000000000000004,0.82499999999999996,4,2,22.662969061336582,19.626706932298255,0,0.26042789040351266,0,19.887134822701768,0,20.68713482270179,0,3.0000000000000027,0,1
dual_rear,0.80000000000000004,0.84999999999999998,0,2,20.000000000000004,17.320508075688767,0,0,0,17.320508075688767,0,18.120508075688768,0,3.0000000000000027,0,1
dual_rear,0.80000000000000004,0.84999999999999998,1,2,20.000000000000004,17.320508075688767,0,0.060075552495501228,0,17.380583628184269,0,18.180583628184309,0,3.0000000000000027,0,1
dual_rear,0.80000000000000004,0.84999999999999998,4,2,20.000000000000004,17.320508075688767,0,0.24030220998200846,0,17.560810285670776,0,18.360810285670826,0,3.0000000000000027,0,1
dual_rear,0.80000000000000004,0.875,0,2,17.649938051691958,15.285294727986855,0,0,0,15.285294727986855,0,16.08529472798681,0,3.0000000000000027,0,1
dual_rear,0.80000000000000004,0.875,1,2,17.649938051691958,15.285294727986855,0,0.055432956924050814,0,15.340727684910906,0,16.140727684910928,0,3.0000000000000027,0,1
dual_rear,0.80000000000000004,0.875,4,2,17.649938051691958,15.285294727986855,0,0.22173182769620325,0,15.507026555683058,0,16.307026555683056,0,3.0000000000000027,0,1
dual_rear,0.80000000000000004,0.90000000000000002,0,2,15.576015661428173,13.489225252541075,0,0,0,13.489225252541075,0,14.28922525254106,0,3.0000000000000027,0,1
dual_rear,0.80000000000000004,0.90000000000000002,1,2,15.576015661428173,13.489225252541075,0,0.051149137805660772,0,13.540374390346736,0,14.340374390346744,0,3.0000000000000027,0,1
dual_rear,0.80000000000000004,0.90000000000000002,4,2,15.576015661428173,13.489225252541075,0,0.20459655122264309,0,13.693821803763718,0,14.493821803763684,0,3.0000000000000027,0,1
dual_rear,0.80000000000000004,0.92500000000000004,0,2,13.745785575819372,11.904199503633286,0,0,0,11.904199503633286,0,12.704199503633328,0,3.0000000000000027,0,1
dual_rear,0.80000000000000004,0.92500000000000004,1,2,13.745785575819372,11.904199503633286,0,0.047196369153589046,0,11.951395872786875,0,12.751395872786841,0,3.0000000000000027,0,1
dual_rear,0.80000000000000004,0.92500000000000004,4,2,13.745785575819372,11.904199503633286,0,0.18878547661435441,0,12.092984980247641,0,12.892984980247601,0,3.0000000000000027,0,1
dual_rear,0.80000000000000004,0.94999999999999996,0,2,12.13061319425263,10.505419189705478,0,0,0,10.505419189705478,0,11.305419189705512,0,3.0000000000000027,0,1
dual_rear,0.80000000000000004,0.94999999999999996,1,2,12.13061319425263,10.505419189705478,0,0.043549067625443527,0,10.548968257330921,0,11.348968257330894,0,3.0000000000000027,0,1
dual_rear,0.80000000000000004,0.94999999999999996,4,2,12.13061319425263,10.505419189705478,0,0.17419627050177233,0,10.67961546020725,0,11.47961546020726,0,3.0000000000000027,0,1
dual_rear,0.80000000000000004,0.97499999999999998,0,2,10.705228570379754,9.270999895267833,0,0,0,9.270999895267833,0,10.070999895267828,0,3.0000000000000027,0,1
dual_rear,0.80000000000000004,0.97499999999999998,1,2,10.705228570379754,9.270999895267833,0,0.040183626941166395,0,9.3111835222089994,0,10.111183522208966,0,3.0000000000000027,0,1
dual_rear,0.80000000000000004,0.97499999999999998,4,2,10.705228570379754,9.270999895267833,0,0.16073450776466736,0,9.4317344030325003,0,10.231734403032489,0,3.0000000000000027,0,1
dual_rear,0.80000000000000004,1,0,2,9.4473310548202765,8.1816286914359981,0,0,0,8.1816286914359981,0,8.9816286914360379,0,3.0000000000000027,0,1
dual_rear,0.80000000000000004,1,1,2,9.4473310548202765,8.1816286914359981,0,0.037078265097081342,0,8.2187069565330795,0,9.0187069565330624,0,3.0000000000000027,0,1
dual_rear,0.80000000000000004,1,4,2,9.4473310548202765,8.1816286914359981,0,0.14831306038832359,0,8.3299417518243217,0,9.1299417518243544,0,3.0000000000000027,0,1
dual_rear,0.80000000000000004,1.0249999999999999,0,2,8.3372403935701627,7.2202619782895354,0,0,0,7.2202619782895354,0,8.0202619782895326,0,3.0000000000000027,0,1
dual_rear,0.80000000000000004,1.0249999999999999,1,2,8.3372403935701627,7.2202619782895354,0,0.034212883387112925,0,7.2544748616766483,0,8.0544748616766526,0,3.0000000000000027,0,1
dual_rear,0.80000000000000004,1.0249999999999999,4,2,8.3372403935701627,7.2202619782895354,0,0.13685153354845259,0,7.357113511837988,0,8.1571135118380091,0,3.0000000000000027,0,1
dual_rear,0.80000000000000004,1.05,0,2,7.3575888234288289,6.3718588316898241,0,0,0,6.3718588316898241,0,7.1718588316898035,0,3.0000000000000027,0,1
dual_rear,0.80000000000000004,1.05,1,2,7.3575888234288289,6.3718588316898241,0,0.031568936318770113,0,6.4034277680085943,0,7.2034277680086412,0,3.0000000000000027,0,1
dual_rear,0.80000000000000004,1.05,4,2,7.3575888234288289,6.3718588316898241,0,0.12627574527507868,0,6.4981345769649028,0,7.298134576964932,0,3.0000000000000027,0,1
dual_rear,0.80000000000000004,1.075,0,2,6.4930493471669966,5.6231456826725852,0,0,0,5.6231456826725852,0,6.4231456826725486,0,3.0000000000000027,0,1
dual_rear,0.80000000000000004,1.075,1,2,6.4930493471669966,5.6231456826725852,0,0.029129311581903572,0,5.6522749942544888,0,6.4522749942544921,0,3.0000000000000027,0,1
dual_rear,0.80000000000000004,1.075,4,2,6.4930493471669966,5.6231456826725852,0,0.11651724632761251,0,5.7396629290001977,0,6.5396629290002117,0,3.0000000000000027,0,1
dual_rear,0.80000000000000004,1.1000000000000001,0,2,5.7300959372037861,4.962408647740479,0,0,0,4.962408647740479,0,5.762408647740469,0,3.0000000000000027,0,1
dual_rear,0.80000000000000004,1.1000000000000001,1,2,5.7300959372037861,4.962408647740479,0,0.026878219293410055,0,4.989286867033889,0,5.7892868670338382,0,3.0000000000000027,0,1
dual_rear,0.80000000000000004,1.1000000000000001,4,2,5.7300959372037861,4.962408647740479,0,0.10751287717364111,0,5.0699215249141201,0,5.8699215249141679,0,3.0000000000000027,0,1
dual_rear,0.80000000000000004,1.125,0,2,5.0567919160949302,4.379310260989997,0,0,0,4.379310260989997,0,5.1793102609899444,0,3.0000000000000027,0,1
dual_rear,0.80000000000000004,1.125,1,2,5.0567919160949302,4.379310260989997,0,0.024801089801019138,0,4.4041113507910161,0,5.2041113507910186,0,3.0000000000000027,0,1
dual_rear,0.80000000000000004,1.125,4,2,5.0567919160949302,4.379310260989997,0,0.099204359204077441,0,4.4785146201940744,0,5.2785146201941302,0,3.0000000000000027,0,1
dual_rear,0.80000000000000004,1.1499999999999999,0,2,4.4626032029686087,3.8647277407806198,0,0,0,3.8647277407806198,0,4.6647277407806387,0,3.0000000000000027,0,1
dual_rear,0.80000000000000004,1.1499999999999999,1,2,4.4626032029686087,3.8647277407806198,0,0.022884479384727374,0,3.8876122201653471,0,4.6876122201653381,0,3.0000000000000027,0,1
dual_rear,0.80000000000000004,1.1499999999999999,4,2,4.4626032029686087,3.8647277407806198,0,0.091537917538908609,0,3.9562656583195284,0,4.7562656583195473,0,3.0000000000000027,0,1
dual_rear,0.80000000000000004,1.175,0,2,3.9382335040838798,3.4106102605716462,0,0,0,3.4106102605716462,0,4.2106102605716789,0,3.0000000000000027,0,1
dual_rear,0.80000000000000004,1.175,1,2,3.9382335040838798,3.4106102605716462,0,0.021115983245562298,0,3.4317262438172085,0,4.2317262438171799,0,3.0000000000000027,0,1
dual_rear,0.80000000000000004,1.175,4,2,3.9382335040838798,3.4106102605716462,0,0.084463932982248302,0,3.4950741935538945,0,4.295074193553905,0,3.0000000000000027,0,1
dual_rear,0.80000000000000004,1.2,0,2,3.4754788690089109,3.0098529908777265,0,0,0,3.0098529908777265,0,3.8098529908777712,0,3.0000000000000027,0,1
dual_rear,0.80000000000000004,1.2,1,2,3.4754788690089109,3.0098529908777265,0,0.019484155218511656,0,3.0293371460962382,0,3.8293371460962344,0,3.0000000000000027,0,1
dual_rear,0.80000000000000004,1.2,4,2,3.4754788690089109,3.0098529908777265,0,0.077936620874047069,0,3.0877896117517736,0,3.8877896117517352,0,3.0000000000000027,0,1
dual_rear,0.80000000000000004,1.2250000000000001,0,2,3.0670993368985715,2.6561859416845683,0,0,0,2.6561859416845683,0,3.4561859416846197,0,3.0000000000000027,0,1
dual_rear,0.80000000000000004,1.2250000000000001,1,2,3.0670993368985715,2.6561859416845683,0,0.017978433689979756,0,2.6741643753745481,0,3.4741643753745111,0,3.0000000000000027,0,1
dual_rear,0.80000000000000004,1.2250000000000001,4,2,3.0670993368985715,2.6561859416845683,0,0.071913734759919024,0,2.7280996764444874,0,3.5280996764445183,0,3.0000000000000027,0,1
dual_rear,0.80000000000000004,1.25,0,2,2.7067056647322598,2.3440758662253822,0,0,0,2.3440758662253822,0,3.1440758662253376,0,3.0000000000000027,0,1
dual_rear,0.80000000000000004,1.25,1,2,2.7067056647322598,2.3440758662253822,0,0.016589073240286467,0,2.3606649394656687,0,3.1606649394656516,0,3.0000000000000027,0,1
dual_rear,0.80000000000000004,1.25,4,2,2.7067056647322598,2.3440758662253822,0,0.06635629296114498,0,2.4104321591865272,0,3.2104321591864826,0,3.0000000000000027,0,1
dual_rear,0.80000000000000004,1.2749999999999999,0,2,2.3886593653344046,2.0686396913672089,0,0,0,2.0686396913672089,0,2.8686396913671919,0,2.8686396913671919,0,0
dual_rear,0.80000000000000004,1.2749999999999999,1,2,2.3886593653344046,2.0686396913672089,0,0.015307081568789016,0,2.0839467729359979,0,2.8839467729360191,0,2.8839467729360191,0,0
dual_rear,0.80000000000000004,1.2749999999999999,4,2,2.3886593653344046,2.0686396913672089,0,0.061228326275155176,0,2.1298680176423641,0,2.9298680176423897,0,2.9298680176423897,0,0
dual_rear,0.80000000000000004,1.3,0,2,2.107984491237274,1.8255681201950951,0,0,0,1.8255681201950951,0,2.6255681201950987,0,2.6255681201950987,0,0
dual_rear,0.80000000000000004,1.3,1,2,2.107984491237274,1.8255681201950951,0,0.014124161293383342,0,1.8396922814884784,0,2.639692281488526,0,2.639692281488526,0,0
dual_rear,0.80000000000000004,1.3,4,2,2.107984491237274,1.8255681201950951,0,0.05649664517353381,0,1.8820647653686289,0,2.6820647653685858,0,2.6820647653685858,0,0
dual_rear,0.80000000000000004,1.3250000000000002,0,2,1.860289784213264,1.6110582115293588,0,0,0,1.6110582115293588,0,2.4110582115293155,0,2.4110582115293155,0,0
dual_rear,0.80000000000000004,1.3250000000000002,1,2,1.860289784213264,1.6110582115293588,0,0.013032656247698782,0,1.6240908677770576,0,2.4240908677770623,0,2.4240908677770623,0,0
dual_rear,0.80000000000000004,1.3250000000000002,4,2,1.860289784213264,1.6110582115293588,0,0.052130624990795349,0,1.6631888365201541,0,2.4631888365201915,0,2.4631888365201915,0,0
dual_rear,0.80000000000000004,1.3500000000000001,0,2,1.641699972477968,1.4217538815581339,0,0,0,1.4217538815581339,0,2.2217538815580973,0,2.2217538815580973,0,0
dual_rear,0.80000000000000004,1.3500000000000001,1,2,1.641699972477968,1.4217538815581339,0,0.012025501928404791,0,1.4337793834865387,0,2.2337793834865671,0,2.2337793834865671,0,0
dual_rear,0.80000000000000004,1.3500000000000001,4,2,1.641699972477968,1.4217538815581339,0,0.04810200771361961,0,1.4698558892717535,0,2.2698558892717546,0,2.2698558892717546,0,0
dual_rear,0.80000000000000004,1.375,0,2,1.4487951406850244,1.254693396712681,0,0,0,1.254693396712681,0,2.0546933967127146,0,2.0546933967127146,0,0
dual_rear,0.80000000000000004,1.375,1,2,1.4487951406850244,1.254693396712681,0,0.011096179771917347,0,1.2657895764845983,0,2.0657895764846224,0,2.0657895764846224,0,0
dual_rear,0.80000000000000004,1.375,4,2,1.4487951406850244,1.254693396712681,0,0.044384719087669833,0,1.2990781158003508,0,2.0990781158003458,0,2.0990781158003458,0,0
dual_rear,0.80000000000000004,1.3999999999999999,0,2,1.278557224134151,1.1072630362922895,0,0,0,1.1072630362922895,0,1.9072630362922949,0,1.9072630362922949,0,0
dual_rear,0.80000000000000004,1.3999999999999999,1,2,1.278557224134151,1.1072630362922895,0,0.010238674964566874,0,1.1175017112568564,0,1.9175017112568193,0,1.9175017112568193,0,0
dual_rear,0.80000000000000004,1.3999999999999999,4,2,1.278557224134151,1.1072630362922895,0,0.040954699858267496,0,1.148217736150557,0,1.9482177361505038,0,1.9482177361505038,0,0
dual_rear,0.80000000000000004,1.425,0,2,1.1283227900755446,0.97715619987435787,0,0,0,0.97715619987435787,0,1.7771561998743968,0,1.7771561998743968,0,0
dual_rear,0.80000000000000004,1.425,1,2,1.1283227900755446,0.97715619987435787,0,0.0094474375131662347,0,0.9866036373875241,0,1.7866036373874739,0,1.7866036373874739,0,0
dual_rear,0.80000000000000004,1.425,4,2,1.1283227900755446,0.97715619987435787,0,0.037789750052664939,0,1.0149459499270228,0,1.8149459499270382,0,1.8149459499270382,0,0
dual_rear,0.80000000000000004,1.4500000000000002,0,2,0.99574136735727936,0.86233731973045702,0,0,0,0.86233731973045702,0,1.6623373197304225,0,1.6623373197304225,0,0
dual_rear,0.80000000000000004,1.4500000000000002,1,2,0.99574136735727936,0.86233731973045702,0,0.0087173463240177718,0,0.87105466605447479,0,1.671054666054439,0,1.671054666054439,0,0
dual_rear,0.80000000000000004,1.4500000000000002,4,2,0.99574136735727936,0.86233731973045702,0,0.034869385296071087,0,0.89720670502652811,0,1.6972067050264883,0,1.6972067050264883,0,0
dual_rear,0.80000000000000004,1.4750000000000001,0,2,0.87873867246814619,0.76101001364522769,0,0,0,0.76101001364522769,0,1.5610100136452809,0,1.5610100136452809,0,0
dual_rear,0.80000000000000004,1.4750000000000001,1,2,0.87873867246814619,0.76101001364522769,0,0.0080436760578688205,0,0.76905368970309651,0,1.5690536897030594,0,1.5690536897030594,0,0
dual_rear,0.80000000000000004,1.4750000000000001,4,2,0.87873867246814619,0.76101001364522769,0,0.032174704231475171,0,0.79318471787670286,0,1.5931847178767278,0,1.5931847178767278,0,0
dual_rear,0.80000000000000004,1.5,0,2,0.77548415663444026,0.67158897987777599,0,0,0,0.67158897987777599,0,1.4715889798777582,0,1.4715889798777582,0,0
dual_rear,0.80000000000000004,1.5,1,2,0.77548415663444026,0.67158897987777599,0,0.007422066546291739,0,0.67901104642406773,0,1.4790110464241168,0,1.4790110464241168,0,0
dual_rear,0.80000000000000004,1.5,4,2,0.77548415663444026,0.67158897987777599,0,0.029688266185166845,0,0.70127724606294284,0,1.5012772460629709,0,1.5012772460629709,0,0
dual_rear,0.80000000000000004,1.5249999999999999,0,2,0.68436236623332192,0.59267519455208661,0,0,0,0.59267519455208661,0,1.3926751945521065,0,1.3926751945521065,0,0
dual_rear,0.80000000000000004,1.5249999999999999,1,2,0.68436236623332192,0.59267519455208661,0,0.0068484945715452383,0,0.59952368912363185,0,1.3995236891236607,0,1.3995236891236607,0,0
dual_rear,0.80000000000000004,1.5249999999999999,4,2,0.68436236623332192,0.59267519455208661,0,0.027393978286180731,0,0.62006917283826735,0,1.420069172838212,0,1.420069172838212,0,0
dual_rear,0.80000000000000004,1.55,0,2,0.60394766844636993,0.52303402343093774,0,0,0,0.52303402343093774,0,1.3230340234309246,0,1.3230340234309246,0,0
dual_rear,0.80000000000000004,1.55,1,2,0.60394766844636993,0.52303402343093774,0,0.0063192478272668939,0,0.52935327125820464,0,1.3293532712581602,0,1.3293532712581602,0,0
dual_rear,0.80000000000000004,1.55,4,2,0.60394766844636993,0.52303402343093774,0,0.025276991309067576,0,0.54831101474000532,0,1.3483110147399779,0,1.3483110147399779,0,0
dual_rear,0.80000000000000004,1.5750000000000002,0,2,0.53298194672711119,0.46157590562416267,0,0,0,0.46157590562416267,0,1.261575905624146,0,1.261575905624146,0,0
dual_rear,0.80000000000000004,1.5750000000000002,1,2,0.53298194672711119,0.46157590562416267,0,0.0058309008914651517,0,0.46740680651562783,0,1.267406806515603,0,1.267406806515603,0,0
dual_rear,0.80000000000000004,1.5750000000000002,4,2,0.53298194672711119,0.46157590562416267,0,0.023323603565860662,0,0.48489950919002334,0,1.284899509189974,0,1.284899509189974,0,0
dual_rear,0.80000000000000004,1.6000000000000001,0,2,0.47035491712018196,0.40733930702100163,0,0,0,0.40733930702100163,0,1.2073393070209937,0,1.2073393070209937,0,0
dual_rear,0.80000000000000004,1.6000000000000001,1,2,0.47035491712018196,0.40733930702100163,0,0.0053802930563009999,0,0.41271960007730263,0,1.2127196000772944,0,1.2127196000772944,0,0
dual_rear,0.80000000000000004,1.6000000000000001,4,2,0.47035491712018196,0.40733930702100163,0,0.021521172225204055,0,0.42886047924620568,0,1.2288604792461966,0,1.2288604792461966,0,0
dual_rear,0.80000000000000004,1.625,0,2,0.41508675747399576,0.35947567674699049,0,0,0,0.35947567674699049,0,1.1594756767470127,0,1.1594756767470127,0,0
dual_rear,0.80000000000000004,1.625,1,2,0.41508675747399576,0.35947567674699049,0,0.0049645078711682555,0,0.36444018461815875,0,1.1644401846181429,0,1.1644401846181429,0,0
dual_rear,0.80000000000000004,1.625,4,2,0.41508675747399576,0.35947567674699049,0,0.019858031484673022,0,0.37933370823166351,0,1.1793337082316446,0,1.1793337082316446,0,0
dual_rear,0.80000000000000004,1.6499999999999999,0,2,0.36631277777468541,0.31723617128372128,0,0,0,0.31723617128372128,0,1.1172361712836754,0,1.1172361712836754,0,0
dual_rear,0.80000000000000004,1.6499999999999999,1,2,0.36631277777468541,0.31723617128372128,0,0.0045808542666700425,0,0.32181702555039132,0,1.1218170255503646,0,1.1218170255503646,0,0
dual_rear,0.80000000000000004,1.6499999999999999,4,2,0.36631277777468541,0.31723617128372128,0,0.018323417066680114,0,0.33555958835040139,0,1.1355595883504321,0,1.1355595883504321,0,0
dual_rear,0.80000000000000004,1.675,0,2,0.32326989176331572,0.2799599385456773,0,0,0,0.2799599385456773,0,1.0799599385457048,0,1.0799599385457048,0,0
dual_rear,0.80000000000000004,1.675,1,2,0.32326989176331572,0.2799599385456773,0,0.0042268491373205763,0,0.28418678768299788,0,1.0841867876829614,0,1.0841867876829614,0,0
dual_rear,0.80000000000000004,1.675,4,2,0.32326989176331572,0.2799599385456773,0,0.016907396549282416,0,0.29686733509495972,0,1.0968673350949532,0,1.0968673350949532,0,0
dual_rear,0.80000000000000004,1.7000000000000002,0,2,0.28528467817998437,0.24706377861433465,0,0,0,0.24706377861433465,0,1.0470637786142989,0,1.0470637786142989,0,0
dual_rear,0.80000000000000004,1.7000000000000002,1,2,0.28528467817998437,0.24706377861433465,0,0.0039002012702437638,0,0.25096397988457841,0,1.0509639798845782,0,1.0509639798845782,0,0
dual_rear,0.80000000000000004,1.7000000000000002,4,2,0.28528467817998437,0.24706377861433465,0,0.015600805080975055,0,0.26266458369530971,0,1.0626645836953053,0,1.0626645836953053,0,0
dual_rear,0.80000000000000004,1.7250000000000001,0,2,0.25176284484867884,0.21803301936799604,0,0,0,0.21803301936799604,0,1.018033019367981,0,1.018033019367981,0,0
dual_rear,0.80000000000000004,1.7250000000000001,1,2,0.25176284484867884,0.21803301936799604,0,0.003598796515849545,0,0.22163181588384559,0,1.0216318158838833,0,1.0216318158838833,0,0
dual_rear,0.80000000000000004,1.7250000000000001,4,2,0.25176284484867884,0.21803301936799604,0,0.014395186063398235,0,0.23242820543139428,0,1.0324282054313683,0,1.0324282054313683,0,0
dual_rear,0.80000000000000004,1.75,0,2,0.22217993076484577,0.1924134642534242,0,0,0,0.1924134642534242,0,0.99241346425338328,0,0.99241346425338328,0,0
dual_rear,0.80000000000000004,1.75,1,2,0.22217993076484577,0.1924134642534242,0,0.0033206841045106961,0,0.1957341483579349,0,0.99573414835796292,0,0.99573414835796292,0,0
dual_rear,0.80000000000000004,1.75,4,2,0.22217993076484577,0.1924134642534242,0,0.013282736418042784,0,0.20569620067146699,0,1.0056962006714798,0,1.0056962006714798,0,0
dual_rear,0.80000000000000004,1.7750000000000001,0,2,0.19607310071643635,0.16980428621921875,0,0,0,0.16980428621921875,0,0.96980428621917802,0,0.96980428621917802,0,0
dual_rear,0.80000000000000004,1.7750000000000001,1,2,0.19607310071643635,0.16980428621921875,0,0.0030640640206763547,0,0.17286835023989511,0,0.97286835023990825,0,0.97286835023990825,0,0
dual_rear,0.80000000000000004,1.7750000000000001,4,2,0.19607310071643635,0.16980428621921875,0,0.012256256082705391,0,0.18206054230192414,0,0.98206054230187689,0,0.98206054230187689,0,0
dual_rear,0.80000000000000004,1.8,0,2,0.17303390406241223,0.14985175663404837,0,0,0,0.14985175663404837,0,0.94985175663409027,0,0.94985175663409027,0,0
dual_rear,0.80000000000000004,1.8,1,2,0.17303390406241223,0.14985175663404837,0,0.0028272753527052719,0,0.15267903198675364,0,0.9526790319867029,0,0.9526790319867029,0,0
dual_rear,0.80000000000000004,1.8,4,2,0.17303390406241223,0.14985175663404837,0,0.011309101410821115,0,0.16116085804486949,0,0.96116085804487383,0,0.96116085804487383,0,0
dual_rear,0.80000000000000004,1.825,0,2,0.15270188437719909,0.1322437110764085,0,0,0,0.1322437110764085,0,0.93224371107636372,0,0.93224371107636372,0,0
dual_rear,0.80000000000000004,1.825,1,2,0.15270188437719909,0.1322437110764085,0,0.0026087855430156071,0,0.13485249661942411,0,0.93485249661939829,0,0.93485249661939829,0,0
dual_rear,0.80000000000000004,1.825,4,2,0.15270188437719909,0.1322437110764085,0,0.010435142172062456,0,0.14267885324847096,0,0.94267885324850198,0,0.94267885324850198,0,0
dual_rear,0.80000000000000004,1.8500000000000001,0,2,0.1347589399817091,0.11670466541122253,0,0,0,0.11670466541122253,0,0.91670466541127205,0,0.91670466541127205,0,0
dual_rear,0.80000000000000004,1.8500000000000001,1,2,0.1347589399817091,0.11670466541122253,0,0.0024071804689752563,0,0.11911184588019778,0,0.91911184588022721,0,0.91911184588022721,0,0
dual_rear,0.80000000000000004,1.8500000000000001,4,2,0.1347589399817091,0.11670466541122253,0,0.009628721875901039,0,0.12633338728712357,0,0.92633338728709269,0,0.92633338728709269,0,0
dual_rear,0.80000000000000004,1.875,0,2,0.11892434712944198,0.10299150574257575,0,0,0,0.10299150574257575,0,0.90299150574257858,0,0.90299150574257858,0,0
dual_rear,0.80000000000000004,1.875,1,2,0.11892434712944198,0.10299150574257575,0,0.0022211552903339815,0,0.10521266103290973,0,0.90521266103293918,0,0.90521266103293918,0,0
dual_rear,0.80000000000000004,1.875,4,2,0.11892434712944198,0.10299150574257575,0,0.0088846211613359399,0,0.11187612690391169,0,0.91187612690390996,0,0.91187612690390996,0,0
dual_rear,0.80000000000000004,1.9000000000000001,0,2,0.10495036798362806,0.090889684810346927,0,0,0,0.090889684810346927,0,0.89088968481032538,0,0.89088968481032538,0,0
dual_rear,0.80000000000000004,1.9000000000000001,1,2,0.10495036798362806,0.090889684810346927,0,0.0020495060039594226,0,0.092939190814306349,0,0.89293919081434581,0,0.89293919081434581,0,0
dual_rear,0.80000000000000004,1.9000000000000001,4,2,0.10495036798362806,0.090889684810346927,0,0.0081980240158376905,0,0.099087708826184617,0,0.89908770882618505,0,0.89908770882618505,0,0
dual_rear,0.80000000000000004,1.925,0,2,0.092618374670664999,0.080209865322021068,0,0,0,0.080209865322021068,0,0.88020986532200141,0,0.88020986532200141,0,0
dual_rear,0.80000000000000004,1.925,1,2,0.092618374670664999,0.080209865322021068,0,0.0018911216512169648,0,0.082100986973238033,0,0.88210098697327766,0,0.88210098697327766,0,0
dual_rear,0.80000000000000004,1.925,4,2,0.092618374670664999,0.080209865322021068,0,0.0075644866048678733,0,0.087774351926888941,0,0.88777435192688436,0,0.88777435192688436,0,0
dual_rear,0.80000000000000004,1.9500000000000002,0,2,0.081735428769281623,0.070784957703411353,0,0,0,0.070784957703411353,0,0.8707849577034299,0,0.8707849577034299,0,0
dual_rear,0.80000000000000004,1.9500000000000002,1,2,0.081735428769281623,0.070784957703411353,0,0.0017449771275578063,0,0.072529934830969159,0,0.87252993483100116,0,0.87252993483100116,0,0
dual_rear,0.80000000000000004,1.9500000000000002,4,2,0.081735428769281623,0.070784957703411353,0,0.0069799085102312391,0,0.077764866213642592,0,0.87776486621360394,0,0.87776486621360394,0,0
dual_rear,0.80000000000000004,1.9750000000000001,0,2,0.072131262720314754,0.06246750592284199,0,0,0,0.06246750592284199,0,0.86246750592289256,0,0.86246750592289256,0,0
dual_rear,0.80000000000000004,1.9750000000000001,1,2,0.072131262720314754,0.06246750592284199,0,0.0016101265477767857,0,0.064077632470618776,0,0.86407763247065006,0,0.86407763247065006,0,0
dual_rear,0.80000000000000004,1.9750000000000001,4,2,0.072131262720314754,0.06246750592284199,0,0.0064405061911071426,0,0.068908012113949133,0,0.86890801211392255,0,0.86890801211392255,0,0
dual_rear,0.80000000000000004,2,0,2,0.063655615930193504,0.055127380489092971,0,0,0,0.055127380489092971,0,0.85512738048909576,0,0.85512738048909576,0,0
dual_rear,0.80000000000000004,2,1,2,0.063655615930193504,0.055127380489092971,0,0.0014856971239983682,0,0.056613077613091339,0,0.85661307761308869,0,0.85661307761308869,0,0
dual_rear,0.80000000000000004,2,4,2,0.063655615930193504,0.055127380489092971,0,0.0059427884959934799,0,0.061070168985086451,0,0.8610701689850675,0,0.8610701689850675,0,0
front_rear,0,0.75,0,2,32.974425414002567,0,0,0,0,0,0,4,0,3,0,1
front_rear,0,0.75,1,2,32.974425414002567,0,0,0,0,0,0,4,0,3,0,1
front_rear,0,0.75,4,2,32.974425414002567,0,0,0,0,0,0,4,0,3,0,1
front_rear,0,0.77500000000000002,0,2,29.099828292363977,0,0,0,0,0,0,4.0000000000000018,0,3,0,1
front_rear,0,0.77500000000000002,1,2,29.099828292363977,0,0,0,0,0,0,4,0,3,0,1
front_rear,0,0.77500000000000002,4,2,29.099828292363977,0,0,0,0,0,0,4,0,3,0,1
front_rear,0,0.80000000000000004,0,2,25.680508333754737,0,0,0,0,0,0,4,0,3,0,1
front_rear,0,0.80000000000000004,1,2,25.680508333754737,0,0,0,0,0,0,3.9999999999999982,0,3,0,1
front_rear,0,0.80000000000000004,4,2,25.680508333754737,0,0,0,0,0,0,3.9999999999999982,0,3,0,1
front_rear,0,0.82499999999999996,0,2,22.662969061336607,0,0,0,0,0,0,4,0,3,0,1
front_rear,0,0.82499999999999996,1,2,22.662969061336607,0,0,0,0,0,0,4,0,3,0,1
front_rear,0,0.82499999999999996,4,2,22.662969061336607,0,0,0,0,0,0,4.0000000000000018,0,3,0,1
front_rear,0,0.84999999999999998,0,2,20.000000000000036,0,0,0,0,0,0,4,0,3,0,1
front_rear,0,0.84999999999999998,1,2,20.000000000000036,0,0,0,0,0,0,4,0,3,0,1
front_rear,0,0.84999999999999998,4,2,20.000000000000036,0,0,0,0,0,0,4,0,3,0,1
front_rear,0,0.875,0,2,17.649938051691908,0,0,0,0,0,0,4,0,3,0,1
front_rear,0,0.875,1,2,17.649938051691908,0,0,0,0,0,0,4,0,3,0,1
front_rear,0,0.875,4,2,17.649938051691908,0,0,0,0,0,0,4,0,3,0,1
front_rear,0,0.90000000000000002,0,2,15.576015661428071,0,0,0,0,0,0,4.0000000000000009,0,3,0,1
front_rear,0,0.90000000000000002,1,2,15.576015661428071,0,0,0,0,0,0,4,0,3,0,1
front_rear,0,0.90000000000000002,4,2,15.576015661428071,0,0,0,0,0,0,4,0,3,0,1
front_rear,0,0.92500000000000004,0,2,13.745785575819395,0,0,0,0,0,0,4.0000000000000009,0,3,0,1
front_rear,0,0.92500000000000004,1,2,13.745785575819395,0,0,0,0,0,0,4,0,3,0,1
front_rear,0,0.92500000000000004,4,2,13.745785575819395,0,0,0,0,0,0,4,0,3,0,1
front_rear,0,0.94999999999999996,0,2,12.130613194252714,0,0,0,0,0,0,4,0,3,0,1
front_rear,0,0.94999999999999996,1,2,12.130613194252714,0,0,0,0,0,0,4.0000000000000009,0,3,0,1
front_rear,0,0.94999999999999996,4,2,12.130613194252714,0,0,0,0,0,0,4,0,3,0,1
front_rear,0,0.97499999999999998,0,2,10.705228570379825,0,0,0,0,0,0,3.9999999999999991,0,3,0,1
front_rear,0,0.97499999999999998,1,2,10.705228570379825,0,0,0,0,0,0,3.9999999999999991,0,3,0,1
front_rear,0,0.97499999999999998,4,2,10.705228570379825,0,0,0,0,0,0,3.9999999999999991,0,3,0,1
front_rear,0,1,0,2,9.4473310548202942,0,0,0,0,0,0,4.0000000000000009,0,3,0,1
front_rear,0,1,1,2,9.4473310548202942,0,0,0,0,0,0,4,0,3,0,1
front_rear,0,1,4,2,9.4473310548202942,0,0,0,0,0,0,4,0,3,0,1
front_rear,0,1.0249999999999999,0,2,8.3372403935701911,-3.730349362740526e-14,0,0,0,-3.730349362740526e-14,0,3.9999999999999636,0,3,0,1
front_rear,0,1.0249999999999999,1,2,8.3372403935701911,-3.730349362740526e-14,0,-1.7763568394002505e-15,0,-3.907985046680551e-14,0,3.99999999999996,0,3,0,1
front_rear,0,1.0249999999999999,4,2,8.3372403935701911,-3.730349362740526e-14,0,-5.3290705182007514e-15,0,-4.2632564145606011e-14,0,3.9999999999999574,0,3,0,1
front_rear,0,1.05,0,2,7.35758882342882,0,0,0,0,0,0,4,0,3,0,1
front_rear,0,1.05,1,2,7.35758882342882,0,0,0,0,0,0,4,0,3,0,1
front_rear,0,1.05,4,2,7.35758882342882,0,0,0,0,0,0,3.9999999999999991,0,3,0,1
front_rear,0,1.075,0,2,6.4930493471670179,0,0,0,0,0,0,4,0,3,0,1
front_rear,0,1.075,1,2,6.4930493471670179,0,0,0,0,0,0,4,0,3,0,1
front_rear,0,1.075,4,2,6.4930493471670179,0,0,0,0,0,0,4,0,3,0,1
front_rear,0,1.1000000000000001,0,2,5.7300959372037861,2.5757174171303632e-14,0,0,0,2.5757174171303632e-14,0,4.0000000000000258,0,3,0,1
front_rear,0,1.1000000000000001,1,2,5.7300959372037861,2.5757174171303632e-14,0,8.8817841970012523e-16,0,2.6645352591003757e-14,0,4.0000000000000266,0,3,0,1
front_rear,0,1.1000000000000001,4,2,5.7300959372037861,2.5757174171303632e-14,0,4.8849813083506888e-15,0,3.0642155479654321e-14,0,4.0000000000000311,0,3,0,1
front_rear,0,1.125,0,2,5.0567919160949293,0,0,0,0,0,0,4,0,3,0,1
front_rear,0,1.125,1,2,5.0567919160949293,0,0,0,0,0,0,4,0,3,0,1
front_rear,0,1.125,4,2,5.0567919160949293,0,0,0,0,0,0,4,0,3,0,1
front_rear,0,1.1499999999999999,0,2,4.4626032029686087,-1.9984014443252818e-14,0,0,0,-1.9984014443252818e-14,0,3.9999999999999791,0,3,0,1
front_rear,0,1.1499999999999999,1,2,4.4626032029686087,-1.9984014443252818e-14,0,-8.8817841970012523e-16,0,-2.0872192862952943e-14,0,3.9999999999999791,0,3,0,1
front_rear,0,1.1499999999999999,4,2,4.4626032029686087,-1.9984014443252818e-14,0,-3.5527136788005009e-15,0,-2.3536728122053319e-14,0,3.9999999999999756,0,3,0,1
front_rear,0,1.175,0,2,3.9382335040838665,0,0,0,0,0,0,4,0,3,0,1
front_rear,0,1.175,1,2,3.9382335040838665,0,0,0,0,0,0,4,0,3,0,1
front_rear,0,1.175,4,2,3.9382335040838665,0,0,0,0,0,0,4,0,3,0,1
front_rear,0,1.2,0,2,3.4754788690089149,0,0,0,0,0,0,4,0,3,0,1
front_rear,0,1.2,1,2,3.4754788690089149,0,0,0,0,0,0,3.9999999999999991,0,3,0,1
front_rear,0,1.2,4,2,3.4754788690089149,0,0,0,0,0,0,4,0,3,0,1
front_rear,0,1.2250000000000001,0,2,3.0670993368985613,1.354472090042691e-14,0,0,0,1.354472090042691e-14,0,4.0000000000000142,0,3,0,1
front_rear,0,1.2250000000000001,1,2,3.0670993368985613,1.354472090042691e-14,0,8.8817841970012523e-16,0,1.4432899320127035e-14,0,4.0000000000000142,0,3,0,1
front_rear,0,1.2250000000000001,4,2,3.0670993368985613,1.354472090042691e-14,0,3.3306690738754696e-15,0,1.6875389974302379e-14,0,4.000000000000016,0,3,0,1
front_rear,0,1.25,0,2,2.706705664732254,0,0,0,0,0,0,4,0,3,0,1
front_rear,0,1.25,1,2,2.706705664732254,0,0,0,0,0,0,3.9999999999999991,0,3,0,1
front_rear,0,1.25,4,2,2.706705664732254,0,0,0,0,0,0,4,0,3,0,1
front_rear,0,1.2749999999999999,0,2,2.3886593653343988,-1.0658141036401503e-14,0,0,0,-1.0658141036401503e-14,0,3.9999999999999889,0,3,0,1
front_rear,0,1.2749999999999999,1,2,2.3886593653343988,-1.0658141036401503e-14,0,-6.6613381477509392e-16,0,-1.1324274851176597e-14,0,3.9999999999999889,0,3,0,1
front_rear,0,1.2749999999999999,4,2,2.3886593653343988,-1.0658141036401503e-14,0,-2.4424906541753444e-15,0,-1.3100631690576847e-14,0,3.9999999999999871,0,3,0,1
front_rear,0,1.3,0,2,2.1079844912372794,0,0,0,0,0,0,3.9999999999999991,0,3,0,1
front_rear,0,1.3,1,2,2.1079844912372794,0,0,0,0,0,0,4,0,3,0,1
front_rear,0,1.3,4,2,2.1079844912372794,0,0,0,0,0,0,4,0,3,0,1
front_rear,0,1.3250000000000002,0,2,1.8602897842132762,0,0,0,0,0,0,3.9999999999999991,0,3,0,1
front_rear,0,1.3250000000000002,1,2,1.8602897842132762,0,0,0,0,0,0,4,0,3,0,1
front_rear,0,1.3250000000000002,4,2,1.8602897842132762,0,0,0,0,0,0,4,0,3,0,1
front_rear,0,1.3500000000000001,0,2,1.6416999724779715,7.2164496600635175e-15,0,0,0,7.2164496600635175e-15,0,4.0000000000000071,0,3,0,1
front_rear,0,1.3500000000000001,1,2,1.6416999724779715,7.2164496600635175e-15,0,6.6613381477509392e-16,0,7.8825834748386114e-15,0,4.000000000000008,0,3,0,1
front_rear,0,1.3500000000000001,4,2,1.6416999724779715,7.2164496600635175e-15,0,2.1094237467877974e-15,0,9.3258734068513149e-15,0,4.0000000000000089,0,3,0,1
front_rear,0,1.375,0,2,1.448795140685029,0,0,0,0,0,0,4,0,3,0,1
front_rear,0,1.375,1,2,1.448795140685029,0,0,0,0,0,0,4,0,3,0,1
front_rear,0,1.375,4,2,1.448795140685029,0,0,0,0,0,0,4,0,3,0,1
front_rear,0,1.3999999999999999,0,2,1.278557224134155,-5.6621374255882984e-15,0,0,0,-5.6621374255882984e-15,0,3.9999999999999938,0,3,0,1
front_rear,0,1.3999999999999999,1,2,1.278557224134155,-5.6621374255882984e-15,0,-3.3306690738754696e-16,0,-5.9952043329758453e-15,0,3.9999999999999938,0,3,0,1
front_rear,0,1.3999999999999999,4,2,1.278557224134155,-5.6621374255882984e-15,0,-1.8873791418627661e-15,0,-7.5495165674510645e-15,0,3.999999999999992,0,3,0,1
front_rear,0,1.425,0,2,1.128322790075543,0,0,0,0,0,0,4,0,3,0,1
front_rear,0,1.425,1,2,1.128322790075543,0,0,0,0,0,0,4,0,3,0,1
front_rear,0,1.425,4,2,1.128322790075543,0,0,0,0,0,0,3.9999999999999991,0,3,0,1
front_rear,0,1.4500000000000002,0,2,0.99574136735728236,0,0,0,0,0,0,4,0,3,0,1
front_rear,0,1.4500000000000002,1,2,0.99574136735728236,0,0,0,0,0,0,4,0,3,0,1
front_rear,0,1.4500000000000002,4,2,0.99574136735728236,0,0,0,0,0,0,4,0,3,0,1
front_rear,0,1.4750000000000001,0,2,0.87873867246814608,3.8857805861880479e-15,0,0,0,3.8857805861880479e-15,0,4.0000000000000044,0,3,0,1
front_rear,0,1.4750000000000001,1,2,0.87873867246814608,3.8857805861880479e-15,0,3.3306690738754696e-16,0,4.2188474935755949e-15,0,4.0000000000000044,0,3,0,1
front_rear,0,1.4750000000000001,4,2,0.87873867246814608,3.8857805861880479e-15,0,1.6653345369377348e-15,0,5.5511151231257827e-15,0,4.0000000000000053,0,3,0,1
front_rear,0,1.5,0,2,0.77548415663444015,0,0,0,0,0,0,4,0,3,0,1
front_rear,0,1.5,1,2,0.77548415663444015,0,0,0,0,0,0,3.9999999999999991,0,3,0,1
front_rear,0,1.5,4,2,0.77548415663444015,0,0,0,0,0,0,4,0,3,0,1
front_rear,0,1.5249999999999999,0,2,0.68436236623332247,-2.9420910152566648e-15,0,0,0,-2.9420910152566648e-15,0,3.9999999999999964,0,3,0,1
front_rear,0,1.5249999999999999,1,2,0.68436236623332247,-2.9420910152566648e-15,0,-3.8857805861880479e-16,0,-3.3306690738754696e-15,0,3.9999999999999964,0,3,0,1
front_rear,0,1.5249999999999999,4,2,0.68436236623332247,-2.9420910152566648e-15,0,-1.27675647831893e-15,0,-4.2188474935755949e-15,0,3.9999999999999956,0,3,0,1
front_rear,0,1.55,0,2,0.60394766844636782,0,0,0,0,0,0,4,0,3,0,1
front_rear,0,1.55,1,2,0.60394766844636782,0,0,0,0,0,0,4,0,3,0,1
front_rear,0,1.55,4,2,0.60394766844636782,0,0,0,0,0,0,3.9999999999999991,0,3,0,1
front_rear,0,1.5750000000000002,0,2,0.53298194672711163,0,0,0,0,0,0,4,0,3,0,1
front_rear,0,1.5750000000000002,1,2,0.53298194672711163,0,0,0,0,0,0,4,0,3,0,1
front_rear,0,1.5750000000000002,4,2,0.53298194672711163,0,0,0,0,0,0,4,0,3,0,1
front_rear,0,1.6000000000000001,0,2,0.47035491712018085,2.0816681711721685e-15,0,0,0,2.0816681711721685e-15,0,4.0000000000000018,0,3,0,1
front_rear,0,1.6000000000000001,1,2,0.47035491712018085,2.0816681711721685e-15,0,3.0531133177191805e-16,0,2.3869795029440866e-15,0,4.0000000000000018,0,3,0,1
front_rear,0,1.6000000000000001,4,2,0.47035491712018085,2.0816681711721685e-15,0,1.0824674490095276e-15,0,3.1641356201816961e-15,0,4.0000000000000036,0,3,0,1
front_rear,0,1.625,0,2,0.41508675747399482,0,0,0,0,0,0,4,0,3,0,1
front_rear,0,1.625,1,2,0.41508675747399482,0,0,0,0,0,0,3.9999999999999991,0,3,0,1
front_rear,0,1.625,4,2,0.41508675747399482,0,0,0,0,0,0,4,0,3,0,1
front_rear,0,1.6499999999999999,0,2,0.36631277777468457,-1.609823385706477e-15,0,0,0,-1.609823385706477e-15,0,3.9999999999999982,0,3,0,1
front_rear,0,1.6499999999999999,1,2,0.36631277777468457,-1.609823385706477e-15,0,-1.6653345369377348e-16,0,-1.7763568394002505e-15,0,3.9999999999999982,0,3,0,1
front_rear,0,1.6499999999999999,4,2,0.36631277777468457,-1.609823385706477e-15,0,-7.7715611723760958e-16,0,-2.3869795029440866e-15,0,3.9999999999999973,0,3,0,1
front_rear,0,1.675,0,2,0.32326989176331639,0,0,0,0,0,0,4,0,3,0,1
front_rear,0,1.675,1,2,0.32326989176331639,0,0,0,0,0,0,4,0,3,0,1
front_rear,0,1.675,4,2,0.32326989176331639,0,0,0,0,0,0,4,0,3,0,1
front_rear,0,1.7000000000000002,0,2,0.2852846781799861,0,0,0,0,0,0,4,0,3,0,1
front_rear,0,1.7000000000000002,1,2,0.2852846781799861,0,0,0,0,0,0,3.9999999999999991,0,3,0,1
front_rear,0,1.7000000000000002,4,2,0.2852846781799861,0,0,0,0,0,0,4,0,3,0,1
front_rear,0,1.7250000000000001,0,2,0.25176284484867928,1.1102230246251565e-15,0,0,0,1.1102230246251565e-15,0,4.0000000000000018,0,3,0,1
front_rear,0,1.7250000000000001,1,2,0.25176284484867928,1.1102230246251565e-15,0,1.9428902930940239e-16,0,1.3045120539345589e-15,0,4.0000000000000009,0,3,0,1
front_rear,0,1.7250000000000001,4,2,0.25176284484867928,1.1102230246251565e-15,0,7.7715611723760958e-16,0,1.8873791418627661e-15,0,4.0000000000000018,0,3,0,1
front_rear,0,1.75,0,2,0.22217993076484613,0,0,0,0,0,0,3.9999999999999991,0,3,0,1
front_rear,0,1.75,1,2,0.22217993076484613,0,0,0,0,0,0,4,0,3,0,1
front_rear,0,1.75,4,2,0.22217993076484613,0,0,0,0,0,0,4,0,3,0,1
front_rear,0,1.7750000000000001,0,2,0.19607310071643708,-8.6042284408449632e-16,0,0,0,-8.6042284408449632e-16,0,3.9999999999999991,0,3,0,1
front_rear,0,1.7750000000000001,1,2,0.19607310071643708,-8.6042284408449632e-16,0,-1.9428902930940239e-16,0,-1.0547118733938987e-15,0,3.9999999999999991,0,3,0,1
front_rear,0,1.7750000000000001,4,2,0.19607310071643708,-8.6042284408449632e-16,0,-6.3837823915946501e-16,0,-1.4988010832439613e-15,0,3.9999999999999982,0,3,0,1
front_rear,0,1.8,0,2,0.17303390406241206,0,0,0,0,0,0,4,0,3,0,1
front_rear,0,1.8,1,2,0.17303390406241206,0,0,0,0,0,0,4,0,3,0,1
front_rear,0,1.8,4,2,0.17303390406241206,0,0,0,0,0,0,3.9999999999999991,0,3,0,1
front_rear,0,1.825,0,2,0.15270188437719978,0,0,0,0,0,0,4,0,3,0,1
front_rear,0,1.825,1,2,0.15270188437719978,0,0,0,0,0,0,3.9999999999999991,0,3,0,1
front_rear,0,1.825,4,2,0.15270188437719978,0,0,0,0,0,0,4,0,3,0,1
front_rear,0,1.8500000000000001,0,2,0.13475893998170904,5.2735593669694936e-16,0,0,0,5.2735593669694936e-16,0,4.0000000000000009,0,3,0,1
front_rear,0,1.8500000000000001,1,2,0.13475893998170904,5.2735593669694936e-16,0,1.3877787807814457e-16,0,6.6613381477509392e-16,0,4.0000000000000009,0,3,0,1
front_rear,0,1.8500000000000001,4,2,0.13475893998170904,5.2735593669694936e-16,0,5.2735593669694936e-16,0,1.0547118733938987e-15,0,4.0000000000000018,0,3,0,1
front_rear,0,1.875,0,2,0.11892434712944198,0,0,0,0,0,0,3.9999999999999991,0,3,0,1
front_rear,0,1.875,1,2,0.11892434712944198,0,0,0,0,0,0,4,0,3,0,1
front_rear,0,1.875,4,2,0.11892434712944198,0,0,0,0,0,0,4,0,3,0,1
front_rear,0,1.9000000000000001,0,2,0.10495036798362806,-4.7184478546569153e-16,0,0,0,-4.7184478546569153e-16,0,4,0,3,0,1
front_rear,0,1.9000000000000001,1,2,0.10495036798362806,-4.7184478546569153e-16,0,-9.7144514654701197e-17,0,-5.6898930012039273e-16,0,3.9999999999999991,0,3,0,1
front_rear,0,1.9000000000000001,4,2,0.10495036798362806,-4.7184478546569153e-16,0,-4.163336342344337e-16,0,-8.8817841970012523e-16,0,3.9999999999999991,0,3,0,1
front_rear,0,1.925,0,2,0.092618374670664666,0,0,0,0,0,0,3.9999999999999991,0,3,0,1
front_rear,0,1.925,1,2,0.092618374670664666,0,0,0,0,0,0,4,0,3,0,1
front_rear,0,1.925,4,2,0.092618374670664666,0,0,0,0,0,0,4,0,3,0,1
front_rear,0,1.9500000000000002,0,2,0.081735428769281693,0,0,0,0,0,0,4,0,3,0,1
front_rear,0,1.9500000000000002,1,2,0.081735428769281693,0,0,0,0,0,0,3.9999999999999991,0,3,0,1
front_rear,0,1.9500000000000002,4,2,0.081735428769281693,0,0,0,0,0,0,4,0,3,0,1
front_rear,0,1.9750000000000001,0,2,0.072131262720314476,3.1918911957973251e-16,0,0,0,3.1918911957973251e-16,0,4.0000000000000009,0,3,0,1
front_rear,0,1.9750000000000001,1,2,0.072131262720314476,3.1918911957973251e-16,0,9.7144514654701197e-17,0,4.163336342344337e-16,0,4.0000000000000009,0,3,0,1
front_rear,0,1.9750000000000001,4,2,0.072131262720314476,3.1918911957973251e-16,0,3.7470027081099033e-16,0,6.9388939039072284e-16,0,4.0000000000000009,0,3,0,1
front_rear,0,2,0,2,0.063655615930193393,0,0,0,0,0,0,3.9999999999999991,0,3,0,1
front_rear,0,2,1,2,0.063655615930193393,0,0,0,0,0,0,4,0,3,0,1
front_rear,0,2,4,2,0.063655615930193393,0,0,0,0,0,0,4,0,3,0,1
front_rear,0.80000000000000004,0.75,0,2,32.974425414002567,0,0,0,0,0,0,0.80000000000002292,0,0.80000000000002292,0,0
front_rear,0.80000000000000004,0.75,1,2,32.974425414002567,0,0,-2.1957785396554499,-0.024649741253926733,-2.1957785396554499,-0.024649741253926733,-1.3957785396554456,-0.024649741253926733,-1.3957785396554456,-0.024649741253926733,0
front_rear,0.80000000000000004,0.75,4,2,32.974425414002567,0,0,-8.7831141586218102,-0.098598965015706933,-8.7831141586218102,-0.098598965015706933,-7.9831141586218513,-0.098598965015706933,-2.9997712075925387,-0.037049994585521981,1
front_rear,0.80000000000000004,0.77500000000000002,0,2,29.099828292363977,0,0,0,0,0,0,0.80000000000002292,0,0.80000000000002292,0,0
front_rear,0.80000000000000004,0.77500000000000002,1,2,29.099828292363977,0,0,-2.1360379196038917,-0.021883190490498486,-2.1360379196038917,-0.021883190490498486,-1.3360379196039052,-0.021883190490498486,-1.3360379196039052,-0.021883190490498486,0
front_rear,0.80000000000000004,0.77500000000000002,4,2,29.099828292363977,0,0,-8.5441516784155596,-0.087532761961993943,-8.5441516784155596,-0.087532761961993943,-7.7441516784155784,-0.087532761961993943,-2.9998083789520846,-0.033907072545889871,1
front_rear,0.80000000000000004,0.80000000000000004,0,2,25.680508333754737,0,0,0,0,0,0,0.80000000000002292,0,0.80000000000002292,0,0
front_rear,0.80000000000000004,0.80000000000000004,1,2,25.680508333754737,0,0,-2.0779429111797256,-0.019427142098992951,-2.0779429111797256,-0.019427142098992951,-1.2779429111797747,-0.019427142098992951,-1.2779429111797747,-0.019427142098992951,0
front_rear,0.80000000000000004,0.80000000000000004,4,2,25.680508333754737,0,0,-8.3117716447189007,-0.077708568395971803,-8.3117716447189007,-0.077708568395971803,-7.5117716447189453,-0.077708568395971803,-2.9998394872758904,-0.031033056248163101,1
front_rear,0.80000000000000004,0.82499999999999996,0,2,22.662969061336607,0,0,0,0,0,0,0.80000000000002292,0,0.80000000000002292,0,0
front_rear,0.80000000000000004,0.82499999999999996,1,2,22.662969061336607,0,0,-2.0214459211540419,-0.017246747008775411,-2.0214459211540419,-0.017246747008775411,-1.2214459211540296,-0.017246747008775411,-1.2214459211540296,-0.017246747008775411,0
front_rear,0.80000000000000004,0.82499999999999996,4,2,22.662969061336607,0,0,-8.0857836846161657,-0.068986988035101643,-8.0857836846161657,-0.068986988035101643,-7.2857836846161872,-0.068986988035101643,-2.9998655242795547,-0.028404862948012252,1
front_rear,0.80000000000000004,0.84999999999999998,0,2,20.000000000000036,0,0,0,0,0,0,0.80000000000002292,0,0.80000000000002292,0,0
front_rear,0.80000000000000004,0.84999999999999998,1,2,20.000000000000036,0,0,-1.9665009826517483,-0.015311067416350443,-1.9665009826517483,-0.015311067416350443,-1.166500982651697,-0.015311067416350441,-1.166500982651697,-0.015311067416350441,0
front_rear,0.80000000000000004,0.84999999999999998,4,2,20.000000000000036,0,0,-7.866003930606988,-0.061244269665401772,-7.866003930606988,-0.061244269665401772,-7.0660039306069677,-0.061244269665401765,-2.9998873191897646,-0.026001387735783109,1
front_rear,0.80000000000000004,0.875,0,2,17.649938051691908,0,0,0,0,0,0,0.80000000000002292,0,0.80000000000002292,0,0
front_rear,0.80000000000000004,0.875,1,2,17.649938051691908,0,0,-1.9130636732965893,-0.013592637806349655,-1.9130636732965893,-0.013592637806349655,-1.1130636732965549,-0.013592637806349655,-1.1130636732965549,-0.013592637806349655,0
front_rear,0.80000000000000004,0.875,4,2,17.649938051691908,0,0,-7.6522546931863555,-0.05437055122539862,-7.6522546931863555,-0.05437055122539862,-6.8522546931863992,-0.05437055122539862,-2.9999055653814333,-0.0238033357656884,1
front_rear,0.80000000000000004,0.90000000000000002,0,2,15.576015661428071,0,0,0,0,0,0,0.80000000000002292,0,0.80000000000002292,0,0
front_rear,0.80000000000000004,0.90000000000000002,1,2,15.576015661428071,0,0,-1.8610910398148492,-0.012067075241096761,-1.8610910398148492,-0.012067075241096761,-1.0610910398148876,-0.012067075241096761,-1.0610910398148876,-0.012067075241096761,0
front_rear,0.80000000000000004,0.90000000000000002,4,2,15.576015661428071,0,0,-7.4443641592593943,-0.048268300964387043,-7.4443641592593943,-0.048268300964387043,-6.6443641592593972,-0.048268300964387043,-2.9999208426512158,-0.021793068325527291,1
front_rear,0.80000000000000004,0.92500000000000004,0,2,13.745785575819395,0,0,0,0,0,0,0.80000000000002292,0,0.80000000000002292,0,0
front_rear,0.80000000000000004,0.92500000000000004,1,2,13.745785575819395,0,0,-1.8105415284468291,-0.010712733389119542,-1.8105415284468291,-0.010712733389119542,-1.0105415284468178,-0.010712733389119542,-1.0105415284468178,-0.010712733389119542,0
front_rear,0.80000000000000004,0.92500000000000004,4,2,13.745785575819395,0,0,-7.2421661137873157,-0.04285093355647817,-7.2421661137873157,-0.04285093355647817,-6.4421661137873398,-0.04285093355647817,-2.9999336358423889,-0.019954461687693725,1
front_rear,0.80000000000000004,0.94999999999999996,0,2,12.130613194252714,0,0,0,0,0,0,0.80000000000002292,0,0.80000000000002292,0,0
front_rear,0.80000000000000004,0.94999999999999996,1,2,12.130613194252714,0,0,-1.7613749205861913,-0.0095103953835898158,-1.7613749205861913,-0.0095103953835898158,-0.96137492058623319,-0.0095103953835898158,-0.96137492058623319,-0.0095103953835898158,0
front_rear,0.80000000000000004,0.94999999999999996,4,2,12.130613194252714,0,0,-7.045499682344766,-0.038041581534359263,-7.045499682344766,-0.038041581534359263,-6.2454996823447795,-0.038041581534359263,-2.9999443504160617,-0.018272777745470807,1
front_rear,0.80000000000000004,0.97499999999999998,0,2,10.705228570379825,0,0,0,0,0,0,0.80000000000002292,0,0.80000000000002292,0,0
front_rear,0.80000000000000004,0.97499999999999998,1,2,10.705228570379825,0,0,-1.7135522731303725,-0.0084430011526348166,-1.7135522731303725,-0.0084430011526348166,-0.91355227313039133,-0.0084430011526348166,-0.91355227313039133,-0.0084430011526348166,0
front_rear,0.80000000000000004,0.97499999999999998,4,2,10.705228570379825,0,0,-6.85420909252149,-0.033772004610539266,-6.85420909252149,-0.033772004610539266,-6.0542090925215231,-0.033772004610539266,-2.9999533254680966,-0.016734545502278601,1
front_rear,0.80000000000000004,1,0,2,9.4473310548202942,0,0,0,0,0,0,0.80000000000002292,0,0.80000000000002292,0,0
front_rear,0.80000000000000004,1,1,2,9.4473310548202942,0,0,-1.6670358630814617,-0.0074954053525885722,-1.6670358630814617,-0.0074954053525885722,-0.86703586308145564,-0.0074954053525885722,-0.86703586308145564,-0.0074954053525885722,0
front_rear,0.80000000000000004,1,4,2,9.4473310548202942,0,0,-6.6681434523258494,-0.029981621410354289,-6.6681434523258494,-0.029981621410354289,-5.8681434523258913,-0.029981621410354289,-2.9999608446108494,-0.015327452544358154,1
front_rear,0.80000000000000004,1.0249999999999999,0,2,8.3372403935701911,-3.730349362740526e-14,0,0,0,-3.730349362740526e-14,0,0.79999999999991189,0,0.79999999999991189,0,0
front_rear,0.80000000000000004,1.0249999999999999,1,2,8.3372403935701911,-3.730349362740526e-14,0,-1.6217891359866687,-0.0066541624694769798,-1.621789135986706,-0.0066541624694769798,-0.82178913598673908,-0.0066541624694769798,-0.82178913598673908,-0.0066541624694769798,0
front_rear,0.80000000000000004,1.0249999999999999,4,2,8.3372403935701911,-3.730349362740526e-14,0,-6.4871565439466741,-0.026616649877907919,-6.4871565439467114,-0.026616649877907919,-5.687156543946692,-0.026616649877907919,-2.9999671450702259,-0.01404024568842786,1
front_rear,0.80000000000000004,1.05,0,2,7.35758882342882,0,0,0,0,0,0,0.80000000000002292,0,0.80000000000002292,0,0
front_rear,0.80000000000000004,1.05,1,2,7.35758882342882,0,0,-1.5777766578519077,-0.0059073360395251219,-1.5777766578519077,-0.0059073360395251219,-0.77777665785194738,-0.0059073360395251219,-0.77777665785194738,-0.0059073360395251219,0
front_rear,0.80000000000000004,1.05,4,2,7.35758882342882,0,0,-6.3111066314076316,-0.023629344158100488,-6.3111066314076316,-0.023629344158100488,-5.5111066314076362,-0.023629344158100488,-2.9999724252883775,-0.01286264005453391,1
front_rear,0.80000000000000004,1.075,0,2,6.4930493471670179,0,0,0,0,0,0,0.80000000000002292,0,0.80000000000002292,0,0
front_rear,0.80000000000000004,1.075,1,2,6.4930493471670179,0,0,-1.5349640702014593,-0.0052443292817007997,-1.5349640702014593,-0.0052443292817007997,-0.73496407020146037,-0.0052443292817007997,-0.73496407020146037,-0.0052443292817007997,0
front_rear,0.80000000000000004,1.075,4,2,6.4930493471670179,0,0,-6.1398562808058355,-0.020977317126803199,-6.1398562808058355,-0.020977317126803199,-5.3398562808057992,-0.020977317126803199,-2.9999768512799507,-0.01178523587021911,1
front_rear,0.80000000000000004,1.1000000000000001,0,2,5.7300959372037861,2.5757174171303632e-14,0,0,0,2.5757174171303632e-14,0,0.80000000000002292,0,0.80000000000002292,0,0
front_rear,0.80000000000000004,1.1000000000000001,1,2,5.7300959372037861,2.5757174171303632e-14,0,-1.4933180479914587,-0.0046557347391253398,-1.493318047991433,-0.0046557347391253398,-0.69331804799144248,-0.0046557347391253398,-0.69331804799144248,-0.0046557347391253398,0
front_rear,0.80000000000000004,1.1000000000000001,4,2,5.7300959372037861,2.5757174171303632e-14,0,-5.973272191965834,-0.018622938956501359,-5.9732721919658083,-0.018622938956501359,-5.1732721919658387,-0.018622938956501359,-2.9999805619445041,-0.010799442365036801,1
front_rear,0.80000000000000004,1.125,0,2,5.0567919160949293,0,0,0,0,0,0,0.80000000000002292,0,0.80000000000002292,0,0
front_rear,0.80000000000000004,1.125,1,2,5.0567919160949293,0,0,-1.4528062601164451,-0.0041332007959021082,-1.4528062601164451,-0.0041332007959021082,-0.65280626011643417,-0.0041332007959021082,-0.65280626011643417,-0.0041332007959021082,0
front_rear,0.80000000000000004,1.125,4,2,5.0567919160949293,0,0,-5.8112250404657804,-0.016532803183608433,-5.8112250404657804,-0.016532803183608433,-5.0112250404658054,-0.016532803183608433,-2.9999836735075114,-0.0098974081641977733,1
front_rear,0.80000000000000004,1.1499999999999999,0,2,4.4626032029686087,-1.9984014443252818e-14,0,0,0,-1.9984014443252818e-14,0,0.80000000000002292,0,0.80000000000002292,0,0
front_rear,0.80000000000000004,1.1499999999999999,1,2,4.4626032029686087,-1.9984014443252818e-14,0,-1.4133973322754954,-0.0036693131753582752,-1.4133973322755153,-0.0036693131753582752,-0.61339733227550042,-0.0036693131753582752,-0.61339733227550042,-0.0036693131753582752,0
front_rear,0.80000000000000004,1.1499999999999999,4,2,4.4626032029686087,-1.9984014443252818e-14,0,-5.6535893291019814,-0.014677252701433101,-5.653589329102001,-0.014677252701433101,-4.8535893291019594,-0.014677252701433101,-2.9999862832327251,-0.009071957636759248,1
front_rear,0.80000000000000004,1.175,0,2,3.9382335040838665,0,0,0,0,0,0,0.80000000000002292,0,0.80000000000002292,0,0
front_rear,0.80000000000000004,1.175,1,2,3.9382335040838665,0,0,-1.3750608119894248,-0.0032574897382693477,-1.3750608119894248,-0.0032574897382693477,-0.57506081198943626,-0.0032574897382693477,-0.57506081198943626,-0.0032574897382693477,0
front_rear,0.80000000000000004,1.175,4,2,3.9382335040838665,0,0,-5.5002432479576999,-0.013029958953077391,-5.5002432479576999,-0.013029958953077391,-4.7002432479577028,-0.013029958953077391,-2.9999884725251391,-0.0083165326972584122,1
front_rear,0.80000000000000004,1.2,0,2,3.4754788690089149,0,0,0,0,0,0,0.80000000000002292,0,0.80000000000002292,0,0
front_rear,0.80000000000000004,1.2,1,2,3.4754788690089149,0,0,-1.3377671355822296,-0.0028918870883497473,-1.3377671355822296,-0.0028918870883497473,-0.53776713558217892,-0.0028918870883497473,-0.53776713558217892,-0.0028918870883497473,0
front_rear,0.80000000000000004,1.2,4,2,3.4754788690089149,0,0,-5.3510685423289175,-0.011567548353398989,-5.3510685423289175,-0.011567548353398989,-4.5510685423288955,-0.011567548353398989,-2.9999903095253577,-0.0076251396001618338,1
front_rear,0.80000000000000004,1.2250000000000001,0,2,3.0670993368985613,1.354472090042691e-14,0,0,0,1.354472090042691e-14,0,0.80000000000002292,0,0.80000000000002292,0,0
front_rear,0.80000000000000004,1.2250000000000001,1,2,3.0670993368985613,1.354472090042691e-14,0,-1.3014875969594251,-0.0025673176598269287,-1.3014875969594115,-0.0025673176598269287,-0.501487596959449,-0.0025673176598269287,-0.501487596959449,-0.0025673176598269287,0
front_rear,0.80000000000000004,1.2250000000000001,4,2,3.0670993368985613,1.354472090042691e-14,0,-5.2059503878377011,-0.010269270639307715,-5.2059503878376878,-0.010269270639307715,-4.4059503878376427,-0.010269270639307715,-2.9999918512783053,-0.006992300304047367,1
front_rear,0.80000000000000004,1.25,0,2,2.706705664732254,0,0,0,0,0,0,0.80000000000002292,0,0.80000000000002292,0,0
front_rear,0.80000000000000004,1.25,1,2,2.706705664732254,0,0,-1.266194318033474,-0.0022791761106483728,-1.266194318033474,-0.0022791761106483728,-0.46619431803351929,-0.0022791761106483728,-0.46619431803351929,-0.0022791761106483728,0
front_rear,0.80000000000000004,1.25,4,2,2.706705664732254,0,0,-5.0647772721338953,-0.0091167044425934912,-5.0647772721338953,-0.0091167044425934912,-4.2647772721339239,-0.0091167044425934912,-2.9999931455468865,-0.0064130080171976803,1
front_rear,0.80000000000000004,1.2749999999999999,0,2,2.3886593653343988,-1.0658141036401503e-14,0,0,0,-1.0658141036401503e-14,0,0.80000000000002292,0,0.80000000000002292,0,0
front_rear,0.80000000000000004,1.2749999999999999,1,2,2.3886593653343988,-1.0658141036401503e-14,0,-1.2318602206616054,-0.0020233739769080334,-1.231860220661616,-0.0020233739769080334,-0.43186022066166174,-0.0020233739769080334,-0.43186022066166174,-0.0020233739769080334,0
front_rear,0.80000000000000004,1.2749999999999999,4,2,2.3886593653343988,-1.0658141036401503e-14,0,-4.9274408826464207,-0.0080934959076321335,-4.9274408826464313,-0.0080934959076321335,-4.1274408826463826,-0.0080934959076321335,-2.9999942323275519,-0.0058826865684130985,1
front_rear,0.80000000000000004,1.3,0,2,2.1079844912372794,0,0,0,0,0,0,0.80000000000002292,0,0.80000000000002292,0,0
front_rear,0.80000000000000004,1.3,1,2,2.1079844912372794,0,0,-1.1984589999753754,-0.0017962816612990802,-1.1984589999753754,-0.0017962816612990802,-0.39845899997537071,-0.0017962816612990802,-0.39845899997537071,-0.0017962816612990802,0
front_rear,0.80000000000000004,1.3,4,2,2.1079844912372794,0,0,-4.7938359999015008,-0.0071851266451963209,-4.7938359999015008,-0.0071851266451963209,-3.9938359999015516,-0.0071851266451963209,-2.9999951451188389,-0.0053971532764951974,1
front_rear,0.80000000000000004,1.3250000000000002,0,2,1.8602897842132762,0,0,0,0,0,0,0.80000000000002292,0,0.80000000000002292,0,0
front_rear,0.80000000000000004,1.3250000000000002,1,2,1.8602897842132762,0,0,-1.1659650989933579,-0.0015946769324621324,-1.1659650989933579,-0.0015946769324621324,-0.36596509899333718,-0.0015946769324621324,-0.36596509899333718,-0.0015946769324621324,0
front_rear,0.80000000000000004,1.3250000000000002,4,2,1.8602897842132762,0,0,-4.6638603959734315,-0.0063787077298485297,-4.6638603959734315,-0.0063787077298485297,-3.8638603959734175,-0.0063787077298485297,-2.9999959119808572,-0.0049525850191709736,1
front_rear,0.80000000000000004,1.3500000000000001,0,2,1.6416999724779715,7.2164496600635175e-15,0,0,0,7.2164496600635175e-15,0,0.80000000000002292,0,0.80000000000002292,0,0
front_rear,0.80000000000000004,1.3500000000000001,1,2,1.6416999724779715,7.2164496600635175e-15,0,-1.1343536844192408,-0.0014156992044820577,-1.1343536844192337,-0.0014156992044820577,-0.33435368441925295,-0.0014156992044820577,-0.33435368441925295,-0.0014156992044820577,0
front_rear,0.80000000000000004,1.3500000000000001,4,2,1.6416999724779715,7.2164496600635175e-15,0,-4.5374147376769631,-0.0056627968179282307,-4.537414737676956,-0.0056627968179282307,-3.7374147376769695,-0.0056627968179282307,-2.9999965564223574,-0.0045454872273724195,1
front_rear,0.80000000000000004,1.375,0,2,1.448795140685029,0,0,0,0,0,0,0.80000000000002292,0,0.80000000000002292,0,0
front_rear,0.80000000000000004,1.375,1,2,1.448795140685029,0,0,-1.1036006235374989,-0.0012568089478015468,-1.1036006235374989,-0.0012568089478015468,-0.30360062353751438,-0.0012568089478015468,-0.30360062353751438,-0.0012568089478015468,0
front_rear,0.80000000000000004,1.375,4,2,1.448795140685029,0,0,-4.4144024941499955,-0.0050272357912061871,-4.4144024941499955,-0.0050272357912061871,-3.6144024941500152,-0.0050272357912061871,-2.9999970981422486,-0.004172665553907111,1
front_rear,0.80000000000000004,1.3999999999999999,0,2,1.278557224134155,-5.6621374255882984e-15,0,0,0,-5.6621374255882984e-15,0,0.80000000000002292,0,0.80000000000002292,0,0
front_rear,0.80000000000000004,1.3999999999999999,1,2,1.278557224134155,-5.6621374255882984e-15,0,-1.0736824621271839,-0.0011157516556293649,-1.0736824621271894,-0.0011157516556293649,-0.27368246212722269,-0.0011157516556293649,-0.27368246212722269,-0.0011157516556293649,0
front_rear,0.80000000000000004,1.3999999999999999,4,2,1.278557224134155,-5.6621374255882984e-15,0,-4.2947298485087364,-0.0044630066225174597,-4.2947298485087417,-0.0044630066225174597,-3.4947298485087375,-0.0044630066225174597,-2.9999975536501022,-0.0038311999868001077,1
front_rear,0.80000000000000004,1.425,0,2,1.128322790075543,0,0,0,0,0,0,0.80000000000002292,0,0.80000000000002292,0,0
front_rear,0.80000000000000004,1.425,1,2,1.128322790075543,0,0,-1.044576403322351,-0.00099052585455991081,-1.044576403322351,-0.00099052585455991081,-0.24457640332231634,-0.00099052585455991081,-0.24457640332231634,-0.00099052585455991081,0
front_rear,0.80000000000000004,1.425,4,2,1.128322790075543,0,0,-4.1783056132894041,-0.0039621034182396432,-4.1783056132894041,-0.0039621034182396432,-3.3783056132894451,-0.0039621034182396432,-2.9999979367846263,-0.0035184211970902511,1
front_rear,0.80000000000000004,1.4500000000000002,0,2,0.99574136735728236,0,0,0,0,0,0,0.80000000000002292,0,0.80000000000002292,0,0
front_rear,0.80000000000000004,1.4500000000000002,1,2,0.99574136735728236,0,0,-1.0162602873543589,-0.0008793547055040786,-1.0162602873543589,-0.0008793547055040786,-0.21626028735433067,-0.0008793547055040786,-0.21626028735433067,-0.0008793547055040786,0
front_rear,0.80000000000000004,1.4500000000000002,4,2,0.99574136735728236,0,0,-4.0650411494174357,-0.0035174188220163144,-4.0650411494174357,-0.0035174188220163144,-3.2650411494173914,-0.0035174188220163144,-2.9999982591485397,-0.0032318889287590896,1
front_rear,0.80000000000000004,1.4750000000000001,0,2,0.87873867246814608,3.8857805861880479e-15,0,0,0,3.8857805861880479e-15,0,0.80000000000002292,0,0.80000000000002292,0,0
front_rear,0.80000000000000004,1.4750000000000001,1,2,0.87873867246814608,3.8857805861880479e-15,0,-0.98871257211741848,-0.00078066079197470291,-0.98871257211741459,-0.00078066079197470291,-0.18871257211738879,-0.00078066079197470291,-0.18871257211738879,-0.00078066079197470291,0
front_rear,0.80000000000000004,1.4750000000000001,4,2,0.87873867246814608,3.8857805861880479e-15,0,-3.9548502884696735,-0.0031226431678988116,-3.9548502884696695,-0.0031226431678988116,-3.1548502884696239,-0.0031226431678988116,-2.9999985304710597,-0.0029693722548799597,1
front_rear,0.80000000000000004,1.5,0,2,0.77548415663444015,0,0,0,0,0,0,0.80000000000002292,0,0.80000000000002292,0,0
front_rear,0.80000000000000004,1.5,1,2,0.77548415663444015,0,0,-0.96191231450439674,-0.00069304373799560404,-0.96191231450439674,-0.00069304373799560404,-0.16191231450435328,-0.00069304373799560404,-0.16191231450435328,-0.00069304373799560404,0
front_rear,0.80000000000000004,1.5,4,2,0.77548415663444015,0,0,-3.8476492580175865,-0.0027721749519824162,-3.8476492580175865,-0.0027721749519824162,-3.0476492580175929,-0.0027721749519824162,-2.9999987589127697,-0.00272883153911422,1
front_rear,0.80000000000000004,1.5249999999999999,0,2,0.68436236623332247,-2.9420910152566648e-15,0,0,0,-2.9420910152566648e-15,0,0.80000000000002292,0,0.80000000000002292,0,0
front_rear,0.80000000000000004,1.5249999999999999,1,2,0.68436236623332247,-2.9420910152566648e-15,0,-0.93583915246454707,-0.00061526033805279665,-0.93583915246454996,-0.00061526033805279665,-0.13583915246451195,-0.00061526033805279665,-0.13583915246451195,-0.00061526033805279665,0
front_rear,0.80000000000000004,1.5249999999999999,4,2,0.68436236623332247,-2.9420910152566648e-15,0,-3.7433566098581874,-0.0024610413522111866,-3.7433566098581905,-0.0024610413522111866,-2.9433566098582276,-0.0024610413522111866,-2.9433566098582276,-0.0024610413522111866,0
front_rear,0.80000000000000004,1.55,0,2,0.60394766844636782,0,0,0,0,0,0,0.80000000000002292,0,0.80000000000002292,0,0
front_rear,0.80000000000000004,1.55,1,2,0.60394766844636782,0,0,-0.91047328773943415,-0.00054620691715021594,-0.91047328773943415,-0.00054620691715021594,-0.11047328773938769,-0.00054620691715021594,-0.11047328773938769,-0.00054620691715021594,0
front_rear,0.80000000000000004,1.55,4,2,0.60394766844636782,0,0,-3.6418931509577366,-0.0021848276686008638,-3.6418931509577366,-0.0021848276686008638,-2.8418931509577305,-0.0021848276686008638,-2.8418931509577305,-0.0021848276686008638,0
front_rear,0.80000000000000004,1.5750000000000002,0,2,0.53298194672711163,0,0,0,0,0,0,0.80000000000002292,0,0.80000000000002292,0,0
front_rear,0.80000000000000004,1.5750000000000002,1,2,0.53298194672711163,0,0,-0.88579546923709462,-0.00048490367067533088,-0.88579546923709462,-0.00048490367067533088,-0.085795469237148758,-0.00048490367067533088,-0.085795469237148758,-0.00048490367067533088,0
front_rear,0.80000000000000004,1.5750000000000002,4,2,0.53298194672711163,0,0,-3.5431818769483789,-0.0019396146827013235,-3.5431818769483789,-0.0019396146827013235,-2.7431818769483307,-0.0019396146827013235,-2.7431818769483307,-0.0019396146827013235,0
front_rear,0.80000000000000004,1.6000000000000001,0,2,0.47035491712018085,2.0816681711721685e-15,0,0,0,2.0816681711721685e-15,0,0.80000000000002292,0,0.80000000000002292,0,0
front_rear,0.80000000000000004,1.6000000000000001,1,2,0.47035491712018085,2.0816681711721685e-15,0,-0.86178697700797491,-0.00043048076187168197,-0.8617869770079728,-0.00043048076187168197,-0.061786977007982635,-0.00043048076187168197,-0.061786977007982635,-0.00043048076187168197,0
front_rear,0.80000000000000004,1.6000000000000001,4,2,0.47035491712018085,2.0816681711721685e-15,0,-3.4471479080318996,-0.0017219230474867279,-3.4471479080318974,-0.0017219230474867279,-2.6471479080318883,-0.0017219230474867279,-2.6471479080318883,-0.0017219230474867279,0
front_rear,0.80000000000000004,1.625,0,2,0.41508675747399482,0,0,0,0,0,0,0.80000000000002292,0,0.80000000000002292,0,0
front_rear,0.80000000000000004,1.625,1,2,0.41508675747399482,0,0,-0.83842960678945122,-0.000382165979654341,-0.83842960678945122,-0.000382165979654341,-0.038429606789458504,-0.000382165979654341,-0.038429606789458504,-0.000382165979654341,0
front_rear,0.80000000000000004,1.625,4,2,0.41508675747399482,0,0,-3.3537184271578053,-0.001528663918617364,-3.3537184271578053,-0.001528663918617364,-2.5537184271577917,-0.001528663918617364,-2.5537184271577917,-0.001528663918617364,0
front_rear,0.80000000000000004,1.6499999999999999,0,2,0.36631277777468457,-1.609823385706477e-15,0,0,0,-1.609823385706477e-15,0,0.80000000000002292,0,0.80000000000002292,0,0
front_rear,0.80000000000000004,1.6499999999999999,1,2,0.36631277777468457,-1.609823385706477e-15,0,-0.81570565508834858,-0.00033927378164392191,-0.81570565508835013,-0.00033927378164392191,-0.015705655088349424,-0.00033927378164392191,-0.015705655088349424,-0.00033927378164392191,0
front_rear,0.80000000000000004,1.6499999999999999,4,2,0.36631277777468457,-1.609823385706477e-15,0,-3.2628226203533939,-0.0013570951265756877,-3.2628226203533957,-0.0013570951265756877,-2.4628226203533554,-0.0013570951265756877,-2.4628226203533554,-0.0013570951265756877,0
front_rear,0.80000000000000004,1.675,0,2,0.32326989176331639,0,0,0,0,0,0,0.80000000000002292,0,0.80000000000002292,0,0
front_rear,0.80000000000000004,1.675,1,2,0.32326989176331639,0,0,-0.79359790477357661,-0.00030119556694993723,-0.79359790477357661,-0.00030119556694993723,0.0064020952263987851,-0.00030119556694993723,0.0064020952263987851,-0.00030119556694993723,0
front_rear,0.80000000000000004,1.675,4,2,0.32326989176331639,0,0,-3.1743916190943064,-0.0012047822677997489,-3.1743916190943064,-0.0012047822677997489,-2.3743916190942516,-0.0012047822677997489,-2.3743916190942516,-0.0012047822677997489,0
front_rear,0.80000000000000004,1.7000000000000002,0,2,0.2852846781799861,0,0,0,0,0,0,0.80000000000002292,0,0.80000000000002292,0,0
front_rear,0.80000000000000004,1.7000000000000002,1,2,0.2852846781799861,0,0,-0.77208961115315444,-0.00026739104068320601,-0.77208961115315444,-0.00026739104068320601,0.027910388846863476,-0.00026739104068320601,0.027910388846863476,-0.00026739104068320601,0
front_rear,0.80000000000000004,1.7000000000000002,4,2,0.2852846781799861,0,0,-3.0883584446126178,-0.001069564162732824,-3.0883584446126178,-0.001069564162732824,-2.2883584446126148,-0.001069564162732824,-2.2883584446126148,-0.001069564162732824,0
front_rear,0.80000000000000004,1.7250000000000001,0,2,0.25176284484867928,1.1102230246251565e-15,0,0,0,1.1102230246251565e-15,0,0.80000000000002292,0,0.80000000000002292,0,0
front_rear,0.80000000000000004,1.7250000000000001,1,2,0.25176284484867928,1.1102230246251565e-15,0,-0.75116448851191331,-0.00023738054766765949,-0.7511644885119122,-0.00023738054766765949,0.048835511488043437,-0.00023738054766765949,0.048835511488043437,-0.00023738054766765949,0
front_rear,0.80000000000000004,1.7250000000000001,4,2,0.25176284484867928,1.1102230246251565e-15,0,-3.0046579540476532,-0.00094952219067063798,-3.0046579540476523,-0.00094952219067063798,-2.204657954047673,-0.00094952219067063798,-2.204657954047673,-0.00094952219067063798,0
front_rear,0.80000000000000004,1.75,0,2,0.22217993076484613,0,0,0,0,0,0,0.80000000000002292,0,0.80000000000002292,0,0
front_rear,0.80000000000000004,1.75,1,2,0.22217993076484613,0,0,-0.73080669708811286,-0.00021073826657400454,-0.73080669708811286,-0.00021073826657400454,0.069193302911885191,-0.00021073826657400454,0.069193302911885191,-0.00021073826657400454,0
front_rear,0.80000000000000004,1.75,4,2,0.22217993076484613,0,0,-2.9232267883524514,-0.00084295306629601817,-2.9232267883524514,-0.00084295306629601817,-2.123226788352417,-0.00084295306629601817,-2.123226788352417,-0.00084295306629601817,0
front_rear,0.80000000000000004,1.7750000000000001,0,2,0.19607310071643708,-8.6042284408449632e-16,0,0,0,-8.6042284408449632e-16,0,0.80000000000002292,0,0.80000000000002292,0,0
front_rear,0.80000000000000004,1.7750000000000001,1,2,0.19607310071643708,-8.6042284408449632e-16,0,-0.71100083046867324,-0.00018708616790619469,-0.71100083046867413,-0.00018708616790619469,0.088999169531311928,-0.00018708616790619469,0.088999169531311928,-0.00018708616790619469,0
front_rear,0.80000000000000004,1.7750000000000001,4,2,0.19607310071643708,-8.6042284408449632e-16,0,-2.844003321874693,-0.00074834467162477876,-2.8440033218746938,-0.00074834467162477876,-2.04400332187471,-0.00074834467162477876,-2.04400332187471,-0.00074834467162477876,0
front_rear,0.80000000000000004,1.8,0,2,0.17303390406241206,0,0,0,0,0,0,0.80000000000002292,0,0.80000000000002292,0,0
front_rear,0.80000000000000004,1.8,1,2,0.17303390406241206,0,0,-0.69173190338437307,-0.00016608865011012841,-0.69173190338437307,-0.00016608865011012841,0.10826809661557135,-0.00016608865011012841,0.10826809661557135,-0.00016608865011012841,0
front_rear,0.80000000000000004,1.8,4,2,0.17303390406241206,0,0,-2.7669276135374923,-0.00066435460044051364,-2.7669276135374923,-0.00066435460044051364,-1.9669276135374503,-0.00066435460044051364,-1.9669276135374503,-0.00066435460044051364,0
front_rear,0.80000000000000004,1.825,0,2,0.15270188437719978,0,0,0,0,0,0,0.80000000000002292,0,0.80000000000002292,0,0
front_rear,0.80000000000000004,1.825,1,2,0.15270188437719978,0,0,-0.6729853398875969,-0.0001474477776958708,-0.6729853398875969,-0.0001474477776958708,0.12701466011244555,-0.0001474477776958708,0.12701466011244555,-0.0001474477776958708,0
front_rear,0.80000000000000004,1.825,4,2,0.15270188437719978,0,0,-2.6919413595503876,-0.00058979111078348318,-2.6919413595503876,-0.00058979111078348318,-1.8919413595503976,-0.00058979111078348318,-1.8919413595503976,-0.00058979111078348318,0
front_rear,0.80000000000000004,1.8500000000000001,0,2,0.13475893998170904,5.2735593669694936e-16,0,0,0,5.2735593669694936e-16,0,0.80000000000002292,0,0.80000000000002292,0,0
front_rear,0.80000000000000004,1.8500000000000001,1,2,0.13475893998170904,5.2735593669694936e-16,0,-0.65474696189642112,-0.00013089905380671732,-0.65474696189642057,-0.00013089905380671732,0.14525303810353218,-0.00013089905380671732,0.14525303810353218,-0.00013089905380671732,0
front_rear,0.80000000000000004,1.8500000000000001,4,2,0.13475893998170904,5.2735593669694936e-16,0,-2.6189878475856845,-0.00052359621522686929,-2.618987847585684,-0.00052359621522686929,-1.818987847585718,-0.00052359621522686929,-1.818987847585718,-0.00052359621522686929,0
front_rear,0.80000000000000004,1.875,0,2,0.11892434712944198,0,0,0,0,0,0,0.80000000000002292,0,0.80000000000002292,0,0
front_rear,0.80000000000000004,1.875,1,2,0.11892434712944198,0,0,-0.63700297809001516,-0.00011620766725176432,-0.63700297809001516,-0.00011620766725176432,0.16299702191002741,-0.00011620766725176432,0.16299702191002741,-0.00011620766725176432,0
front_rear,0.80000000000000004,1.875,4,2,0.11892434712944198,0,0,-2.5480119123600611,-0.00046483066900705728,-2.5480119123600611,-0.00046483066900705728,-1.7480119123600701,-0.00046483066900705728,-1.7480119123600701,-0.00046483066900705728,0
front_rear,0.80000000000000004,1.9000000000000001,0,2,0.10495036798362806,-4.7184478546569153e-16,0,0,0,-4.7184478546569153e-16,0,0.80000000000002292,0,0.80000000000002292,0,0
front_rear,0.80000000000000004,1.9000000000000001,1,2,0.10495036798362806,-4.7184478546569153e-16,0,-0.61973997314117968,-0.00010316516075079347,-0.61973997314118012,-0.00010316516075079347,0.18026002685878062,-0.00010316516075079347,0.18026002685878062,-0.00010316516075079347,0
front_rear,0.80000000000000004,1.9000000000000001,4,2,0.10495036798362806,-4.7184478546569153e-16,0,-2.4789598925647183,-0.0004126606430031739,-2.4789598925647187,-0.0004126606430031739,-1.6789598925647242,-0.0004126606430031739,-1.6789598925647242,-0.0004126606430031739,0
front_rear,0.80000000000000004,1.925,0,2,0.092618374670664666,0,0,0,0,0,0,0.80000000000002292,0,0.80000000000002292,0,0
front_rear,0.80000000000000004,1.925,1,2,0.092618374670664666,0,0,-0.60294489727287459,-9.1586473116949074e-05,-0.60294489727287459,-9.1586473116949074e-05,0.19705510272716165,-9.1586473116949074e-05,0.19705510272716165,-9.1586473116949074e-05,0
front_rear,0.80000000000000004,1.925,4,2,0.092618374670664666,0,0,-2.4117795890914988,-0.0003663458924677963,-2.4117795890914988,-0.0003663458924677963,-1.6117795890915332,-0.0003663458924677963,-1.6117795890915332,-0.0003663458924677963,0
front_rear,0.80000000000000004,1.9500000000000002,0,2,0.081735428769281693,0,0,0,0,0,0,0.80000000000002292,0,0.80000000000002292,0,0
front_rear,0.80000000000000004,1.9500000000000002,1,2,0.081735428769281693,0,0,-0.58660505612632596,-8.1307313408487015e-05,-0.58660505612632596,-8.1307313408487015e-05,0.21339494387362379,-8.1307313408487015e-05,0.21339494387362379,-8.1307313408487015e-05,0
front_rear,0.80000000000000004,1.9500000000000002,4,2,0.081735428769281693,0,0,-2.3464202245053034,-0.00032522925363394806,-2.3464202245053034,-0.00032522925363394806,-1.5464202245053515,-0.00032522925363394806,-1.5464202245053515,-0.00032522925363394806,0
front_rear,0.80000000000000004,1.9750000000000001,0,2,0.072131262720314476,3.1918911957973251e-16,0,0,0,3.1918911957973251e-16,0,0.80000000000002292,0,0.80000000000002292,0,0
front_rear,0.80000000000000004,1.9750000000000001,1,2,0.072131262720314476,3.1918911957973251e-16,0,-0.57070810092903268,-7.2181829791221215e-05,-0.57070810092903235,-7.2181829791221215e-05,0.22929189907094916,-7.2181829791221215e-05,0.22929189907094916,-7.2181829791221215e-05,0
front_rear,0.80000000000000004,1.9750000000000001,4,2,0.072131262720314476,3.1918911957973251e-16,0,-2.2828324037161307,-0.00028872731916488486,-2.2828324037161303,-0.00028872731916488486,-1.4828324037161611,-0.00028872731916488486,-1.4828324037161611,-0.00028872731916488486,0
front_rear,0.80000000000000004,2,0,2,0.063655615930193393,0,0,0,0,0,0,0.80000000000002292,0,0.80000000000002292,0,0
front_rear,0.80000000000000004,2,1,2,0.063655615930193393,0,0,-0.55524201895176128,-6.4080540034975109e-05,-0.55524201895176128,-6.4080540034975109e-05,0.2447579810482825,-6.4080540034975109e-05,0.2447579810482825,-6.4080540034975109e-05,0
front_rear,0.80000000000000004,2,4,2,0.063655615930193393,0,0,-2.2209680758070456,-0.00025632216013990043,-2.2209680758070456,-0.00025632216013990043,-1.4209680758070498,-0.00025632216013990043,-1.4209680758070498,-0.00025632216013990043,0
dual_edge,0,0.75,0,2,32.974425414002432,2.8739105386346728,0,0,0,2.8739105386346728,0,6.8739105386346733,0,3,0,1
dual_edge,0,0.75,1,2,32.974425414002432,2.8739105386346728,0,0.10225039059480423,0,2.9761609292294771,0,6.9761609292294775,0,3,0,1
dual_edge,0,0.75,4,2,32.974425414002432,2.8739105386346728,0,0.40900156237921603,0,3.2829121010138889,0,7.2829121010138884,0,3,0,1
dual_edge,0,0.77500000000000002,0,2,29.099828292364109,2.5362171486502887,0,0,0,2.5362171486502887,0,6.5362171486502891,0,3,0,1
dual_edge,0,0.77500000000000002,1,2,29.099828292364109,2.5362171486502887,0,0.09520153289301847,0,2.6314186815433072,0,6.6314186815433072,0,3,0,1
dual_edge,0,0.77500000000000002,4,2,29.099828292364109,2.5362171486502887,0,0.38080613157207432,0,2.917023280222363,0,6.917023280222363,0,3,0,1
dual_edge,0,0.80000000000000004,0,2,25.680508333754808,2.238203777965813,0,0,0,2.238203777965813,0,6.238203777965813,0,3,0,1
dual_edge,0,0.80000000000000004,1,2,25.680508333754808,2.238203777965813,0,0.088638603847457809,0,2.3268423818132709,0,6.3268423818132717,0,3,0,1
dual_edge,0,0.80000000000000004,4,2,25.680508333754808,2.238203777965813,0,0.35455441538983212,0,2.5927581933556452,0,6.5927581933556461,0,3,0,1
dual_edge,0,0.82499999999999996,0,2,22.662969061336444,1.9752079014079702,0,0,0,1.9752079014079702,0,5.9752079014079698,0,3.0000000000000004,0,1
dual_edge,0,0.82499999999999996,1,2,22.662969061336444,1.9752079014079702,0,0.082528104887297893,0,2.0577360062952681,0,6.0577360062952685,0,3,0,1
dual_edge,0,0.82499999999999996,4,2,22.662969061336444,1.9752079014079702,0,0.33011241954919202,0,2.3053203209571622,0,6.3053203209571613,0,3,0,1
dual_edge,0,0.84999999999999998,0,2,20.000000000000036,1.7431148549531708,0,0,0,1.7431148549531708,0,5.7431148549531699,0,3,0,1
dual_edge,0,0.84999999999999998,1,2,20.000000000000036,1.7431148549531708,0,0.076838846740073574,0,1.8199537016932443,0,5.8199537016932439,0,2.9999999999999996,0,1
dual_edge,0,0.84999999999999998,4,2,20.000000000000036,1.7431148549531708,0,0.3073553869602943,0,2.0504702419134651,0,6.0504702419134659,0,3,0,1
dual_edge,0,0.875,0,2,17.64993805169188,1.5382934603453682,0,0,0,1.5382934603453682,0,5.5382934603453684,0,3,0,1
dual_edge,0,0.875,1,2,17.64993805169188,1.5382934603453682,0,0.071541790235064351,0,1.6098352505804325,0,5.6098352505804332,0,3,0,1
dual_edge,0,0.875,4,2,17.64993805169188,1.5382934603453682,0,0.28616716094025718,0,1.8244606212856254,0,5.8244606212856258,0,3.0000000000000004,0,1
dual_edge,0,0.90000000000000002,0,2,15.576015661428029,1.3575392140209264,0,0,0,1.3575392140209264,0,5.3575392140209264,0,3,0,1
dual_edge,0,0.90000000000000002,1,2,15.576015661428029,1.3575392140209264,0,0.066609898081261054,0,1.4241491121021874,0,5.424149112102187,0,3,0,1
dual_edge,0,0.90000000000000002,4,2,15.576015661428029,1.3575392140209264,0,0.26643959232504444,0,1.6239788063459708,0,5.6239788063459706,0,2.9999999999999996,0,1
dual_edge,0,0.92500000000000004,0,2,13.745785575819456,1.1980241515106052,0,0,0,1.1980241515106052,0,5.1980241515106052,0,3,0,1
dual_edge,0,0.92500000000000004,1,2,13.745785575819456,1.1980241515106052,0,0.062017996863341196,0,1.2600421483739463,0,5.2600421483739463,0,3.0000000000000004,0,1
dual_edge,0,0.92500000000000004,4,2,13.745785575819456,1.1980241515106052,0,0.24807198745336434,0,1.4460961389639695,0,5.4460961389639699,0,3,0,1
dual_edge,0,0.94999999999999996,0,2,12.130613194252653,1.0572526029296248,0,0,0,1.0572526029296248,0,5.0572526029296245,0,3,0,1
dual_edge,0,0.94999999999999996,1,2,12.130613194252653,1.0572526029296248,0,0.057742648551256437,0,1.1149952514808812,0,5.114995251480881,0,3.0000000000000004,0,1
dual_edge,0,0.94999999999999996,4,2,12.130613194252653,1.0572526029296248,0,0.23097059420502597,0,1.2882231971346507,0,5.2882231971346503,0,3,0,1
dual_edge,0,0.97499999999999998,0,2,10.705228570379848,0.93302214733490396,0,0,0,0.93302214733490396,0,4.9330221473349045,0,3,0,1
dual_edge,0,0.97499999999999998,1,2,10.705228570379848,0.93302214733490396,0,0.053762030867605781,0,0.98678417820250974,0,4.9867841782025089,0,3,0,1
dual_edge,0,0.97499999999999998,4,2,10.705228570379848,0.93302214733490396,0,0.21504812347042301,0,1.148070270805327,0,5.1480702708053272,0,3,0,1
dual_edge,0,1,0,2,9.4473310548203067,0.82338915506588062,0,0,0,0.82338915506588062,0,4.8233891550658807,0,3,0,1
dual_edge,0,1,1,2,9.4473310548203067,0.82338915506588062,0,0.050055825902126538,0,0.87344498096800716,0,4.8734449809680065,0,2.9999999999999996,0,1
dual_edge,0,1,4,2,9.4473310548203067,0.82338915506588062,0,0.20022330360850626,0,1.0236124586743869,0,5.0236124586743873,0,3,0,1
dual_edge,0,1.0249999999999999,0,2,8.3372403935701556,0.72663837896738637,0,0,0,0.72663837896738637,0,4.7266383789673867,0,2.9999999999999996,0,1
dual_edge,0,1.0249999999999999,1,2,8.3372403935701556,0.72663837896738637,0,0.046605116404814573,0,0.77324349537220094,0,4.7732434953722009,0,2.9999999999999996,0,1
dual_edge,0,1.0249999999999999,4,2,8.3372403935701556,0.72663837896738637,0,0.1864204656192584,0,0.91305884458664477,0,4.9130588445866454,0,3,0,1
dual_edge,0,1.05,0,2,7.357588823428804,0.64125611873780863,0,0,0,0.64125611873780863,0,4.6412561187378092,0,3,0,1
dual_edge,0,1.05,1,2,7.357588823428804,0.64125611873780863,0,-0.45258384618767494,0,0.18867227255013369,0,4.188672272550134,0,3,0,1
dual_edge,0,1.05,4,2,7.357588823428804,0.64125611873780863,0,-1.8103353847507,0,-1.1690792660128912,0,2.8309207339871083,0,2.8309207339871083,0,0
dual_edge,0,1.075,0,2,6.4930493471669948,0.5659065385495412,0,0,0,0.5659065385495412,0,4.565906538549541,0,3,0,1
dual_edge,0,1.075,1,2,6.4930493471669948,0.5659065385495412,0,0.040400945426618651,0,0.60630748397615986,0,4.6063074839761597,0,3,0,1
dual_edge,0,1.075,4,2,6.4930493471669948,0.5659065385495412,0,0.16160378170647482,0,0.72751032025601603,0,4.727510320256016,0,3,0,1
dual_edge,0,1.1000000000000001,0,2,5.7300959372037941,0.49941076742233104,0,0,0,0.49941076742233104,0,4.4994107674223311,0,3,0,1
dual_edge,0,1.1000000000000001,1,2,5.7300959372037941,0.49941076742233104,0,0.03761581655157753,0,0.53702658397390857,0,4.5370265839739083,0,3,0,1
dual_edge,0,1.1000000000000001,4,2,5.7300959372037941,0.49941076742233104,0,0.1504632662063099,0,0.64987403362864093,0,4.6498740336286417,0,3,0,1
dual_edge,0,1.125,0,2,5.0567919160949462,0.44072845536760663,0,0,0,0.44072845536760663,0,4.4407284553676067,0,3,0,1
dual_edge,0,1.125,1,2,5.0567919160949462,0.44072845536760663,0,0.03502268671934855,0,0.47575114208695518,0,4.4757511420869545,0,3,0,1
dual_edge,0,1.125,4,2,5.0567919160949462,0.44072845536760663,0,0.1400907468773942,0,0.58081920224500083,0,4.5808192022450012,0,3,0,1
dual_edge,0,1.1499999999999999,0,2,4.4626032029685989,0.38894149674280576,0,0,0,0.38894149674280576,0,4.388941496742806,0,3,0,1
dual_edge,0,1.1499999999999999,1,2,4.4626032029685989,0.38894149674280576,0,0.032608320049619832,0,0.42154981679242559,0,4.4215498167924263,0,3,0,1
dual_edge,0,1.1499999999999999,4,2,4.4626032029685989,0.38894149674280576,0,0.13043328019847933,0,0.51937477694128509,0,4.5193747769412855,0,3,0,1
dual_edge,0,1.175,0,2,3.938233504083871,0.3432396661621423,0,0,0,0.3432396661621423,0,4.3432396661621429,0,3,0,1
dual_edge,0,1.175,1,2,3.938233504083871,0.3432396661621423,0,0.030360393106877492,0,0.37360005926901979,0,4.3736000592690196,0,3,0,1
dual_edge,0,1.175,4,2,3.938233504083871,0.3432396661621423,0,0.12144157242750997,0,0.46468123858965227,0,4.4646812385896517,0,3,0,1
dual_edge,0,1.2,0,2,3.4754788690089109,0.30290794223226364,0,0,0,0.30290794223226364,0,4.3029079422322631,0,3,0,1
dual_edge,0,1.2,1,2,3.4754788690089109,0.30290794223226364,0,0.02826743199899634,0,0.33117537423125998,0,4.3311753742312593,0,3,0,1
dual_edge,0,1.2,4,2,3.4754788690089109,0.30290794223226364,0,0.11306972799598547,0,0.41597767022824911,0,4.4159776702282496,0,3,0,1
dual_edge,0,1.2250000000000001,0,2,3.0670993368985671,0.26731532078824594,0,0,0,0.26731532078824594,0,4.2673153207882457,0,3,0,1
dual_edge,0,1.2250000000000001,1,2,3.0670993368985671,0.26731532078824594,0,0.026318753812079987,0,0.29363407460032592,0,4.2936340746003268,0,3,0,1
dual_edge,0,1.2250000000000001,4,2,3.0670993368985671,0.26731532078824594,0,0.10527501524832006,0,0.37259033603656599,0,4.3725903360365663,0,3,0,1
dual_edge,0,1.25,0,2,2.7067056647322452,0.23590494260903438,0,0,0,0.23590494260903438,0,4.2359049426090341,0,3,0,1
dual_edge,0,1.25,1,2,2.7067056647322452,0.23590494260903438,0,0.024504412082621052,0,0.26040935469165544,0,4.2604093546916548,0,3,0,1
dual_edge,0,1.25,4,2,2.7067056647322452,0.23590494260903438,0,0.098017648330484319,0,0.3339225909395187,0,4.3339225909395189,0,3,0,1
dual_edge,0,1.2749999999999999,0,2,2.3886593653343988,0.20818538115686813,0,0,0,0.20818538115686813,0,4.2081853811568681,0,3,0,1
dual_edge,0,1.2749999999999999,1,2,2.3886593653343988,0.20818538115686813,0,0.022815146028657807,0,0.23100052718552594,0,4.2310005271855253,0,3,0,1
dual_edge,0,1.2749999999999999,4,2,2.3886593653343988,0.20818538115686813,0,0.091260584114631227,0,0.29944596527149936,0,4.2994459652714987,0,3,0,1
dual_edge,0,1.3,0,2,2.1079844912372865,0.18372295403432937,0,0,0,0.18372295403432937,0,4.1837229540343301,0,3,0,1
dual_edge,0,1.3,1,2,2.1079844912372865,0.18372295403432937,0,0.021242333280795334,0,0.2049652873151247,0,4.2049652873151242,0,3,0,1
dual_edge,0,1.3,4,2,2.1079844912372865,0.18372295403432937,0,0.084969333123181334,0,0.2686922871575107,0,4.2686922871575099,0,3,0,1
dual_edge,0,1.3250000000000002,0,2,1.860289784213264,0.1621349378689875,0,0,0,0.1621349378689875,0,4.1621349378689878,0,3,0,1
dual_edge,0,1.3250000000000002,1,2,1.860289784213264,0.1621349378689875,0,0.019777945871816582,0,0.18191288374080408,0,4.1819128837408037,0,3,0,1
dual_edge,0,1.3250000000000002,4,2,1.860289784213264,0.1621349378689875,0,0.079111783487266357,0,0.24124672135625386,0,4.2412467213562532,0,3,0,1
dual_edge,0,1.3500000000000001,0,2,1.6416999724779813,0.14308358047012865,0,0,0,0.14308358047012865,0,4.1430835804701278,0,3.0000000000000004,0,1
dual_edge,0,1.3500000000000001,1,2,1.6416999724779813,0.14308358047012865,0,0.018414509260249373,0,0.16149808973037802,0,4.1614980897303777,0,3,0,1
dual_edge,0,1.3500000000000001,4,2,1.6416999724779813,0.14308358047012865,0,0.073658037040997493,0,0.21674161751112614,0,4.2167416175111256,0,3,0,1
dual_edge,0,1.375,0,2,1.4487951406850279,0.12627081657560194,0,0,0,0.12627081657560194,0,4.1262708165756017,0,3,0,1
dual_edge,0,1.375,1,2,1.4487951406850279,0.12627081657560194,0,0.017145064178733238,0,0.14341588075433517,0,4.1434158807543344,0,3,0,1
dual_edge,0,1.375,4,2,1.4487951406850279,0.12627081657560194,0,0.068580256714932925,0,0.19485107329053486,0,4.1948510732905344,0,3,0,1
dual_edge,0,1.3999999999999999,0,2,1.2785572241341581,0.11143360451479728,0,0,0,0.11143360451479728,0,4.1114336045147972,0,3,0,1
dual_edge,0,1.3999999999999999,1,2,1.2785572241341581,0.11143360451479728,0,0.015963131112455342,0,0.12739673562725262,0,4.1273967356272525,0,3,0,1
dual_edge,0,1.3999999999999999,4,2,1.2785572241341581,0.11143360451479728,0,0.063852524449821368,0,0.17528612896461865,0,4.1752861289646184,0,3,0,1
dual_edge,0,1.425,0,2,1.1283227900755479,0.098339810828145108,0,0,0,0.098339810828145108,0,4.0983398108281452,0,3,0,1
dual_edge,0,1.425,1,2,1.1283227900755479,0.098339810828145108,0,0.014862677226342408,0,0.11320248805448752,0,4.1132024880544868,0,3,0,1
dual_edge,0,1.425,4,2,1.1283227900755479,0.098339810828145108,0,0.059450708905369659,0,0.15779051973351477,0,4.1577905197335152,0,3,0,1
dual_edge,0,1.4500000000000002,0,2,0.99574136735727792,0.086784578456591904,0,0,0,0.086784578456591904,0,4.0867845784565926,0,3,0,1
dual_edge,0,1.4500000000000002,1,2,0.99574136735727792,0.086784578456591904,0,0.013838085572201869,0,0.10062266402879377,0,4.1006226640287942,0,3,0,1
dual_edge,0,1.4500000000000002,4,2,0.99574136735727792,0.086784578456591904,0,0.055352342288807505,0,0.14213692074539941,0,4.1421369207453989,0,3,0,1
dual_edge,0,1.4750000000000001,0,2,0.87873867246814397,0.076587121680051981,0,0,0,0.076587121680051981,0,4.0765871216800527,0,3,0,1
dual_edge,0,1.4750000000000001,1,2,0.87873867246814397,0.076587121680051981,0,0.012884126418636385,0,0.089471248098688366,0,4.0894712480986879,0,3,0,1
dual_edge,0,1.4750000000000001,4,2,0.87873867246814397,0.076587121680051981,0,0.051536505674545555,0,0.12812362735459754,0,4.1281236273545971,0,3,0,1
dual_edge,0,1.5,0,2,0.77548415663444203,0.067587897660516066,0,0,0,0.067587897660516066,0,4.0675878976605162,0,3,0,1
dual_edge,0,1.5,1,2,0.77548415663444203,0.067587897660516066,0,0.011995930557393716,0,0.079583828217909783,0,4.0795838282179098,0,2.9999999999999996,0,1
dual_edge,0,1.5,4,2,0.77548415663444203,0.067587897660516066,0,0.047983722229574893,0,0.11557161989009096,0,4.1155716198900905,0,3,0,1
dual_edge,0,1.5249999999999999,0,2,0.68436236623331959,0.059646110337609907,0,0,0,0.059646110337609907,0,4.05964611033761,0,3,0,1
dual_edge,0,1.5249999999999999,1,2,0.68436236623331959,0.059646110337609907,0,0.011168964449903417,0,0.070815074787513324,0,4.0708150747875127,0,3,0,1
dual_edge,0,1.5249999999999999,4,2,0.68436236623331959,0.059646110337609907,0,0.044675857799613673,0,0.10432196813722358,0,4.1043219681372243,0,3,0,1
dual_edge,0,1.55,0,2,0.60394766844637282,0.052637507624160224,0,0,0,0.052637507624160224,0,4.0526375076241603,0,3,0,1
dual_edge,0,1.55,1,2,0.60394766844637282,0.052637507624160224,0,0.010399007087142559,0,0.063036514711302782,0,4.0630365147113032,0,3,0,1
dual_edge,0,1.55,4,2,0.60394766844637282,0.052637507624160224,0,0.041596028348570208,0,0.094233535972730431,0,4.0942335359727302,0,3,0,1
dual_edge,0,1.5750000000000002,0,2,0.53298194672711041,0.046452437438094352,0,0,0,0.046452437438094352,0,4.046452437438095,0,3,0,1
dual_edge,0,1.5750000000000002,1,2,0.53298194672711041,0.046452437438094352,0,0.0096821284447167824,0,0.056134565882811134,0,4.056134565882811,0,3,0,1
dual_edge,0,1.5750000000000002,4,2,0.53298194672711041,0.046452437438094352,0,0.03872851377886713,0,0.085180951216961481,0,4.0851809512169623,0,3,0,1
dual_edge,0,1.6000000000000001,0,2,0.47035491712018146,0.040994132156622391,0,0,0,0.040994132156622391,0,4.040994132156623,0,3,0,1
dual_edge,0,1.6000000000000001,1,2,0.47035491712018146,0.040994132156622391,0,0.0090146694231892713,0,0.050008801579811663,0,4.0500088015798124,0,3,0,1
dual_edge,0,1.6000000000000001,4,2,0.47035491712018146,0.040994132156622391,0,0.036058677692757064,0,0.077052809849379456,0,4.0770528098493788,0,3,0,1
dual_edge,0,1.625,0,2,0.4150867574739967,0.036177194652363132,0,0,0,0.036177194652363132,0,4.0361771946523639,0,3,0,1
dual_edge,0,1.625,1,2,0.4150867574739967,0.036177194652363132,0,0.0083932231712675123,0,0.044570417823630644,0,4.0445704178236301,0,3,0,1
dual_edge,0,1.625,4,2,0.4150867574739967,0.036177194652363132,0,0.033572892685070049,0,0.069750087337433181,0,4.0697500873374324,0,3,0,1
dual_edge,0,1.6499999999999999,0,2,0.36631277777468435,0.031926262224910414,0,0,0,0.031926262224910414,0,4.0319262622249106,0,3,0,1
dual_edge,0,1.6499999999999999,1,2,0.36631277777468435,0.031926262224910414,0,0.0078146176965165418,0,0.039740879921426955,0,4.0397408799214265,0,3,0,1
dual_edge,0,1.6499999999999999,4,2,0.36631277777468435,0.031926262224910414,0,0.031258470786066174,0,0.063184733010976588,0,4.063184733010976,0,3,0,1
dual_edge,0,1.675,0,2,0.32326989176331666,0.028174827524586925,0,0,0,0.028174827524586925,0,4.0281748275245874,0,3,0,1
dual_edge,0,1.675,1,2,0.32326989176331666,0.028174827524586925,0,0.0072758996748429373,0,0.035450727199429863,0,4.0354507271994304,0,3,0,1
dual_edge,0,1.675,4,2,0.32326989176331666,0.028174827524586925,0,0.029103598699371739,0,0.057278426223958664,0,4.0572784262239594,0,3,0,1
dual_edge,0,1.7000000000000002,0,2,0.2852846781799861,0.02486419802130338,0,0,0,0.02486419802130338,0,4.0248641980213034,0,3,0,1
dual_edge,0,1.7000000000000002,1,2,0.2852846781799861,0.02486419802130338,0,0.0067743193761069034,0,0.031638517397410283,0,4.0316385173974094,0,3,0,1
dual_edge,0,1.7000000000000002,4,2,0.2852846781799861,0.02486419802130338,0,0.0270972775044276,0,0.05196147552573098,0,4.0519614755257312,0,3,0,1
dual_edge,0,1.7250000000000001,0,2,0.25176284484867995,0.021942577739050208,0,0,0,0.021942577739050208,0,4.0219425777390505,0,3,0,1
dual_edge,0,1.7250000000000001,1,2,0.25176284484867995,0.021942577739050208,0,0.0063073166289209018,0,0.02824989436797111,0,4.0282498943679705,0,3,0,1
dual_edge,0,1.7250000000000001,4,2,0.25176284484867995,0.021942577739050208,0,0.0252292665156836,0,0.047171844254733808,0,4.0471718442547342,0,3,0,1
dual_edge,0,1.75,0,2,0.22217993076484532,0.019364256889433461,0,0,0,0.019364256889433461,0,4.0193642568894337,0,3,0,1
dual_edge,0,1.75,1,2,0.22217993076484532,0.019364256889433461,0,0.0058725077529964975,0,0.025236764642429958,0,4.0252367646424307,0,3,0,1
dual_edge,0,1.75,4,2,0.22217993076484532,0.019364256889433461,0,0.02349003101198599,0,0.042854287901419451,0,4.0428542879014202,0,3,0,1
dual_edge,0,1.7750000000000001,0,2,0.19607310071643724,0.017088896725777406,0,0,0,0.017088896725777406,0,4.0170888967257774,0,3,0,1
dual_edge,0,1.7750000000000001,1,2,0.19607310071643724,0.017088896725777406,0,0.0054676733923383208,0,0.022556570118115727,0,4.0225565701181161,0,3,0,1
dual_edge,0,1.7750000000000001,4,2,0.19607310071643724,0.017088896725777406,0,0.02187069356935328,0,0.038959590295130686,0,4.0389595902951303,0,3,0,1
dual_edge,0,1.8,0,2,0.17303390406241267,0.015080898429086564,0,0,0,0.015080898429086564,0,4.0150808984290869,0,3,0,1
dual_edge,0,1.8,1,2,0.17303390406241267,0.015080898429086564,0,0.005090747187184233,0,0.020171645616270797,0,4.0201716456162711,0,3,0,1
dual_edge,0,1.8,4,2,0.17303390406241267,0.015080898429086564,0,0.020362988748736936,0,0.035443887177823499,0,4.0354438871778235,0,3,0,1
dual_edge,0,1.825,0,2,0.15270188437719884,0.013308846151861767,0,0,0,0.013308846151861767,0,4.0133088461518618,0,3,0,1
dual_edge,0,1.825,1,2,0.15270188437719884,0.013308846151861767,0,0.0047398052268701873,0,0.018048651378731954,0,4.0180486513787326,0,3,0,1
dual_edge,0,1.825,4,2,0.15270188437719884,0.013308846151861767,0,0.018959220907480749,0,0.032268067059342515,0,4.0322680670593432,0,3,0,1
dual_edge,0,1.8500000000000001,0,2,0.13475893998170974,0.011745015505993011,0,0,0,0.011745015505993011,0,4.0117450155059924,0,3,0,1
dual_edge,0,1.8500000000000001,1,2,0.13475893998170974,0.011745015505993011,0,0.0044130562297854375,0,0.016158071735778448,0,4.016158071735779,0,3,0,1
dual_edge,0,1.8500000000000001,4,2,0.13475893998170974,0.011745015505993011,0,0.01765222491914175,0,0.029397240425134759,0,4.0293972404251353,0,3,0,1
dual_edge,0,1.875,0,2,0.11892434712944187,0.010364939804846859,0,0,0,0.010364939804846859,0,4.0103649398048464,0,3,0,1
dual_edge,0,1.875,1,2,0.11892434712944187,0.010364939804846859,0,0.0041088324002941795,0,0.014473772205141039,0,4.0144737722051413,0,3,0,1
dual_edge,0,1.875,4,2,0.11892434712944187,0.010364939804846859,0,0.016435329601176715,0,0.026800269406023574,0,4.0268002694060243,0,3,0,1
dual_edge,0,1.9000000000000001,0,2,0.10495036798362729,0.0091470272732531131,0,0,0,0.0091470272732531131,0,4.0091470272732526,0,3,0,1
dual_edge,0,1.9000000000000001,1,2,0.10495036798362729,0.0091470272732531131,0,0.0038255809159558445,0,0.012972608189208958,0,4.0129726081892088,0,3,0,1
dual_edge,0,1.9000000000000001,4,2,0.10495036798362729,0.0091470272732531131,0,0.015302323663823381,0,0.024449350937076494,0,4.0244493509370773,0,3,0,1
dual_edge,0,1.925,0,2,0.092618374670665179,0.00807222323650276,0,0,0,0.00807222323650276,0,4.0080722232365034,0,3,0,1
dual_edge,0,1.925,1,2,0.092618374670665179,0.00807222323650276,0,0.0035618560015925321,0,0.011634079238095292,0,4.011634079238096,0,3,0,1
dual_edge,0,1.925,4,2,0.092618374670665179,0.00807222323650276,0,0.014247424006370127,0,0.022319647242872886,0,4.0223196472428722,0,3,0,1
dual_edge,0,1.9500000000000002,0,2,0.081735428769281332,0.0071237120031849973,0,0,0,0.0071237120031849973,0,4.0071237120031853,0,3,0,1
dual_edge,0,1.9500000000000002,1,2,0.081735428769281332,0.0071237120031849973,0,0.0033163115497481669,0,0.010440023552933164,0,4.0104400235529329,0,3,0,1
dual_edge,0,1.9500000000000002,4,2,0.081735428769281332,0.0071237120031849973,0,0.013265246198992664,0,0.020388958202177662,0,4.0203889582021777,0,3,0,1
dual_edge,0,1.9750000000000001,0,2,0.072131262720314407,0.0062866537777154551,0,0,0,0.0062866537777154551,0,4.0062866537777158,0,3,0,1
dual_edge,0,1.9750000000000001,1,2,0.072131262720314407,0.0062866537777154551,0,0.0030876942498730816,0,0.0093743480275885367,0,4.0093743480275883,0,3,0,1
dual_edge,0,1.9750000000000001,4,2,0.072131262720314407,0.0062866537777154551,0,0.01235077699949233,0,0.018637430777207784,0,4.0186374307772077,0,3,0,1
dual_edge,0,2,0,2,0.063655615930193504,0.0055479524864556753,0,0,0,0.0055479524864556753,0,4.0055479524864559,0,3,0,1
dual_edge,0,2,1,2,0.063655615930193504,0.0055479524864556753,0,0.0028748371911629734,0,0.0084227896776186487,0,4.0084227896776188,0,3,0,1
dual_edge,0,2,4,2,0.063655615930193504,0.0055479524864556753,0,0.011499348764651893,0,0.01704730125110757,0,4.0170473012511074,0,3,0,1
dual_edge,0.80000000000000004,0.75,0,2,32.974425414002432,2.8739105386346728,0,0,0,2.8739105386346728,0,3.6739105386346393,0,3.0000000000000027,0,1
dual_edge,0.80000000000000004,0.75,1,2,32.974425414002432,2.8739105386346728,0,0.22325021193195393,0,3.0971607505666268,0,3.897160750566675,0,3.0000000000000027,0,1
dual_edge,0.80000000000000004,0.75,4,2,32.974425414002432,2.8739105386346728,0,0.89300084772781574,0,3.7669113863624886,0,4.5669113863624489,0,3.0000000000000027,0,1
dual_edge,0.80000000000000004,0.77500000000000002,0,2,29.099828292364109,2.5362171486502887,0,0,0,2.5362171486502887,0,3.336217148650289,0,3.0000000000000027,0,1
dual_edge,0.80000000000000004,0.77500000000000002,1,2,29.099828292364109,2.5362171486502887,0,0.21461805497145425,0,2.7508352036217429,0,3.5508352036217605,0,3.0000000000000027,0,1
dual_edge,0.80000000000000004,0.77500000000000002,4,2,29.099828292364109,2.5362171486502887,0,0.85847221988581612,0,3.3946893685361048,0,4.1946893685360642,0,3.0000000000000027,0,1
dual_edge,0.80000000000000004,0.80000000000000004,0,2,25.680508333754808,2.238203777965813,0,0,0,2.238203777965813,0,3.03820377796582,0,3.0000000000000027,0,1
dual_edge,0.80000000000000004,0.80000000000000004,1,2,25.680508333754808,2.238203777965813,0,0.20631966761030007,0,2.4445234455761131,0,3.2445234455761307,0,3.0000000000000027,0,1
dual_edge,0.80000000000000004,0.80000000000000004,4,2,25.680508333754808,2.238203777965813,0,0.82527867044120029,0,3.0634824484070133,0,3.8634824484070629,0,3.0000000000000027,0,1
dual_edge,0.80000000000000004,0.82499999999999996,0,2,22.662969061336444,1.9752079014079702,0,0,0,1.9752079014079702,0,2.77520790140795,0,2.77520790140795,0,0
dual_edge,0.80000000000000004,0.82499999999999996,1,2,22.662969061336444,1.9752079014079702,0,0.19834214436658915,0,2.1735500457745593,0,2.9735500457745978,0,2.9735500457745978,0,0
dual_edge,0.80000000000000004,0.82499999999999996,4,2,22.662969061336444,1.9752079014079702,0,0.79336857746635703,0,2.7685764788743272,0,3.5685764788743191,0,3.0000000000000027,0,1
dual_edge,0.80000000000000004,0.84999999999999998,0,2,20.000000000000036,1.7431148549531708,0,0,0,1.7431148549531708,0,2.5431148549531768,0,2.5431148549531768,0,0
dual_edge,0.80000000000000004,0.84999999999999998,1,2,20.000000000000036,1.7431148549531708,0,0.19067307875971573,0,1.9337879337128865,0,2.7337879337129278,0,2.7337879337129278,0,0
dual_edge,0.80000000000000004,0.84999999999999998,4,2,20.000000000000036,1.7431148549531708,0,0.76269231503886248,0,2.5058071699920332,0,3.3058071699920699,0,3.0000000000000027,0,1
dual_edge,0.80000000000000004,0.875,0,2,17.64993805169188,1.5382934603453682,0,0,0,1.5382934603453682,0,2.3382934603454197,0,2.3382934603454197,0,0
dual_edge,0.80000000000000004,0.875,1,2,17.64993805169188,1.5382934603453682,0,0.18330054401606444,0,1.7215940043614326,0,2.5215940043614715,0,2.5215940043614715,0,0
dual_edge,0.80000000000000004,0.875,4,2,17.64993805169188,1.5382934603453682,0,0.73320217606425753,0,2.2714956364096257,0,3.0714956364096269,0,3.0000000000000027,0,1
dual_edge,0.80000000000000004,0.90000000000000002,0,2,15.576015661428029,1.3575392140209264,0,0,0,1.3575392140209264,0,2.1575392140209537,0,2.1575392140209537,0,0
dual_edge,0.80000000000000004,0.90000000000000002,1,2,15.576015661428029,1.3575392140209264,0,0.1762130745207422,0,1.5337522885416686,0,2.3337522885417128,0,2.3337522885417128,0,0
dual_edge,0.80000000000000004,0.90000000000000002,4,2,15.576015661428029,1.3575392140209264,0,0.70485229808296879,0,2.0623915121038952,0,2.862391512103879,0,2.862391512103879,0,0
dual_edge,0.80000000000000004,0.92500000000000004,0,2,13.745785575819456,1.1980241515106052,0,0,0,1.1980241515106052,0,1.9980241515106245,0,1.9980241515106245,0,0
dual_edge,0.80000000000000004,0.92500000000000004,1,2,13.745785575819456,1.1980241515106052,0,0.16939964798648655,0,1.3674237994970917,0,2.1674237994970813,0,2.1674237994970813,0,0
dual_edge,0.80000000000000004,0.92500000000000004,4,2,13.745785575819456,1.1980241515106052,0,0.6775985919459464,0,1.8756227434565516,0,2.6756227434565627,0,2.6756227434565627,0,0
dual_edge,0.80000000000000004,0.94999999999999996,0,2,12.130613194252653,1.0572526029296248,0,0,0,1.0572526029296248,0,1.8572526029295711,0,1.8572526029295711,0,0
dual_edge,0.80000000000000004,0.94999999999999996,1,2,12.130613194252653,1.0572526029296248,0,0.16284966831202752,0,1.2201022712416523,0,2.0201022712416083,0,2.0201022712416083,0,0
dual_edge,0.80000000000000004,0.94999999999999996,4,2,12.130613194252653,1.0572526029296248,0,0.65139867324811029,0,1.708651276177735,0,2.5086512761777202,0,2.5086512761777202,0,0
dual_edge,0.80000000000000004,0.97499999999999998,0,2,10.705228570379848,0.93302214733490396,0,0,0,0.93302214733490396,0,1.7330221473349505,0,1.7330221473349505,0,0
dual_edge,0.80000000000000004,0.97499999999999998,1,2,10.705228570379848,0.93302214733490396,0,0.15655294910325346,0,1.0895750964381574,0,1.8895750964381675,0,1.8895750964381675,0,0
dual_edge,0.80000000000000004,0.97499999999999998,4,2,10.705228570379848,0.93302214733490396,0,0.62621179641301372,0,1.5592339437479177,0,2.3592339437479293,0,2.3592339437479293,0,0
dual_edge,0.80000000000000004,1,0,2,9.4473310548203067,0.82338915506588062,0,0,0,0.82338915506588062,0,1.6233891550658797,0,1.6233891550658797,0,0
dual_edge,0.80000000000000004,1,1,2,9.4473310548203067,0.82338915506588062,0,0.15049969783153461,0,0.97388885289741522,0,1.7738888528974206,0,1.7738888528974206,0,0
dual_edge,0.80000000000000004,1,4,2,9.4473310548203067,0.82338915506588062,0,0.60199879132613832,0,1.4253879463920189,0,2.2253879463920434,0,2.2253879463920434,0,0
dual_edge,0.80000000000000004,1.0249999999999999,0,2,8.3372403935701556,0.72663837896738637,0,0,0,0.72663837896738637,0,1.5266383789673821,0,1.5266383789673821,0,0
dual_edge,0.80000000000000004,1.0249999999999999,1,2,8.3372403935701556,0.72663837896738637,0,0.14468050060458759,0,0.87131887957197396,0,1.671318879571948,0,1.671318879571948,0,0
dual_edge,0.80000000000000004,1.0249999999999999,4,2,8.3372403935701556,0.72663837896738637,0,0.57872200241835026,0,1.3053603813857366,0,2.1053603813857569,0,2.1053603813857569,0,0
dual_edge,0.80000000000000004,1.05,0,2,7.357588823428804,0.64125611873780863,0,0,0,0.64125611873780863,0,1.4412561187377992,0,1.4412561187377992,0,0
dual_edge,0.80000000000000004,1.05,1,2,7.357588823428804,0.64125611873780863,0,0.13908630752618034,0,0.78034242626398898,0,1.5803424262640364,0,1.5803424262640364,0,0
dual_edge,0.80000000000000004,1.05,4,2,7.357588823428804,0.64125611873780863,0,0.55634523010472148,0,1.1976013488425301,0,1.9976013488425259,0,1.9976013488425259,0,0
dual_edge,0.80000000000000004,1.075,0,2,6.4930493471669948,0.5659065385495412,0,0,0,0.5659065385495412,0,1.3659065385495106,0,1.3659065385495106,0,0
dual_edge,0.80000000000000004,1.075,1,2,6.4930493471669948,0.5659065385495412,0,0.13370841862192084,0,0.69961495717146205,0,1.4996149571714357,0,1.4996149571714357,0,0
dual_edge,0.80000000000000004,1.075,4,2,6.4930493471669948,0.5659065385495412,0,0.53483367448768337,0,1.1007402130372246,0,1.9007402130372109,0,1.9007402130372109,0,0
dual_edge,0.80000000000000004,1.1000000000000001,0,2,5.7300959372037941,0.49941076742233104,0,0,0,0.49941076742233104,0,1.2994107674223487,0,1.2994107674223487,0,0
dual_edge,0.80000000000000004,1.1000000000000001,1,2,5.7300959372037941,0.49941076742233104,0,0.12853847030923327,0,0.6279492377315643,0,1.4279492377315961,0,1.4279492377315961,0,0
dual_edge,0.80000000000000004,1.1000000000000001,4,2,5.7300959372037941,0.49941076742233104,0,0.51415388123693295,0,1.013564648659264,0,1.8135646486592272,0,1.8135646486592272,0,0
dual_edge,0.80000000000000004,1.125,0,2,5.0567919160949462,0.44072845536760663,0,0,0,0.44072845536760663,0,1.2407284553676012,0,1.2407284553676012,0,0
dual_edge,0.80000000000000004,1.125,1,2,5.0567919160949462,0.44072845536760663,0,0.1235684223904876,0,0.56429687775809423,0,1.3642968777580755,0,1.3642968777580755,0,0
dual_edge,0.80000000000000004,1.125,4,2,5.0567919160949462,0.44072845536760663,0,0.4942736895619505,0,0.93500214492955713,0,1.7350021449296094,0,1.7350021449296094,0,0
dual_edge,0.80000000000000004,1.1499999999999999,0,2,4.4626032029685989,0.38894149674280576,0,0,0,0.38894149674280576,0,1.188941496742757,0,1.188941496742757,0,0
dual_edge,0.80000000000000004,1.1499999999999999,1,2,4.4626032029685989,0.38894149674280576,0,0.118790545549048,0,0.50773204229185376,0,1.3077320422918426,0,1.3077320422918426,0,0
dual_edge,0.80000000000000004,1.1499999999999999,4,2,4.4626032029685989,0.38894149674280576,0,0.47516218219619188,0,0.86410367893899764,0,1.6641036789389885,0,1.6641036789389885,0,0
dual_edge,0.80000000000000004,1.175,0,2,3.938233504083871,0.3432396661621423,0,0,0,0.3432396661621423,0,1.1432396661621436,0,1.1432396661621436,0,0
dual_edge,0.80000000000000004,1.175,1,2,3.938233504083871,0.3432396661621423,0,0.11419740932879902,0,0.45743707549094131,0,1.2574370754909747,0,1.2574370754909747,0,0
dual_edge,0.80000000000000004,1.175,4,2,3.938233504083871,0.3432396661621423,0,0.45678963731519606,0,0.80002930347733836,0,1.6000293034773572,0,1.6000293034773572,0,0
dual_edge,0.80000000000000004,1.2,0,2,3.4754788690089109,0.30290794223226364,0,0,0,0.30290794223226364,0,1.102907942232223,0,1.102907942232223,0,0
dual_edge,0.80000000000000004,1.2,1,2,3.4754788690089109,0.30290794223226364,0,0.10978187057845207,0,0.41268981281071571,0,1.2126898128107522,0,1.2126898128107522,0,0
dual_edge,0.80000000000000004,1.2,4,2,3.4754788690089109,0.30290794223226364,0,0.43912748231380833,0,0.74203542454607196,0,1.5420354245461176,0,1.5420354245461176,0,0
dual_edge,0.80000000000000004,1.2250000000000001,0,2,3.0670993368985671,0.26731532078824594,0,0,0,0.26731532078824594,0,1.0673153207882979,0,1.0673153207882979,0,0
dual_edge,0.80000000000000004,1.2250000000000001,1,2,3.0670993368985671,0.26731532078824594,0,0.10553706234266214,0,0.37285238313090807,0,1.1728523831309179,0,1.1728523831309179,0,0
dual_edge,0.80000000000000004,1.2250000000000001,4,2,3.0670993368985671,0.26731532078824594,0,0.42214824937064865,0,0.68946357015889459,0,1.4894635701588887,0,1.4894635701588887,0,0
dual_edge,0.80000000000000004,1.25,0,2,2.7067056647322452,0.23590494260903438,0,0,0,0.23590494260903438,0,1.0359049426090783,0,1.0359049426090783,0,0
dual_edge,0.80000000000000004,1.25,1,2,2.7067056647322452,0.23590494260903438,0,0.10145638318268113,0,0.33736132579171552,0,1.1373613257916748,0,1.1373613257916748,0,0
dual_edge,0.80000000000000004,1.25,4,2,2.7067056647322452,0.23590494260903438,0,0.40582553273072464,0,0.64173047533975902,0,1.4417304753397975,0,1.4417304753397975,0,0
dual_edge,0.80000000000000004,1.2749999999999999,0,2,2.3886593653343988,0.20818538115686813,0,0,0,0.20818538115686813,0,1.0081853811568786,0,1.0081853811568786,0,0
dual_edge,0.80000000000000004,1.2749999999999999,1,2,2.3886593653343988,0.20818538115686813,0,0.097533486909935518,0,0.30571886806680365,0,1.1057188680667629,0,1.1057188680667629,0,0
dual_edge,0.80000000000000004,1.2749999999999999,4,2,2.3886593653343988,0.20818538115686813,0,0.39013394763974207,0,0.59831932879661021,0,1.3983193287966378,0,1.3983193287966378,0,0
dual_edge,0.80000000000000004,1.3,0,2,2.1079844912372865,0.18372295403432937,0,0,0,0.18372295403432937,0,0.98372295403437171,0,0.98372295403437171,0,0
dual_edge,0.80000000000000004,1.3,1,2,2.1079844912372865,0.18372295403432937,0,0.093762272716561568,0,0.27748522675089093,0,1.077485226750885,0,1.077485226750885,0,0
dual_edge,0.80000000000000004,1.3,4,2,2.1079844912372865,0.18372295403432937,0,0.37504909086624616,0,0.55877204490057553,0,1.3587720449005358,0,1.3587720449005358,0,0
dual_edge,0.80000000000000004,1.3250000000000002,0,2,1.860289784213264,0.1621349378689875,0,0,0,0.1621349378689875,0,0.96213493786900806,0,0.96213493786900806,0,0
dual_edge,0.80000000000000004,1.3250000000000002,1,2,1.860289784213264,0.1621349378689875,0,0.090136875687557433,0,0.25227181355654493,0,1.0522718135564935,0,1.0522718135564935,0,0
dual_edge,0.80000000000000004,1.3250000000000002,4,2,1.860289784213264,0.1621349378689875,0,0.36054750275022962,0,0.52268244061921709,0,1.3226824406191717,0,1.3226824406191717,0,0
dual_edge,0.80000000000000004,1.3500000000000001,0,2,1.6416999724779813,0.14308358047012865,0,0,0,0.14308358047012865,0,0.94308358047012764,0,0.94308358047012764,0,0
dual_edge,0.80000000000000004,1.3500000000000001,1,2,1.6416999724779813,0.14308358047012865,0,0.086651657679785665,0,0.22973523814991431,0,1.0297352381498648,0,1.0297352381498648,0,0
dual_edge,0.80000000000000004,1.3500000000000001,4,2,1.6416999724779813,0.14308358047012865,0,0.34660663071914266,0,0.48969021118927131,0,1.2896902111892983,0,1.2896902111892983,0,0
dual_edge,0.80000000000000004,1.375,0,2,1.4487951406850279,0.12627081657560194,0,0,0,0.12627081657560194,0,0.92627081657559174,0,0.92627081657559174,0,0
dual_edge,0.80000000000000004,1.375,1,2,1.4487951406850279,0.12627081657560194,0,0.083301198553648287,0,0.20957201512925022,0,1.0095720151293008,0,1.0095720151293008,0,0
dual_edge,0.80000000000000004,1.375,4,2,1.4487951406850279,0.12627081657560194,0,0.33320479421459315,0,0.45947561079019505,0,1.2594756107902061,0,1.2594756107902061,0,0
dual_edge,0.80000000000000004,1.3999999999999999,0,2,1.2785572241341581,0.11143360451479728,0,0,0,0.11143360451479728,0,0.91143360451484412,0,0.91143360451484412,0,0
dual_edge,0.80000000000000004,1.3999999999999999,1,2,1.2785572241341581,0.11143360451479728,0,0.080080287743798412,0,0.19151389225859569,0,0.99151389225859976,0,0.99151389225859976,0,0
dual_edge,0.80000000000000004,1.3999999999999999,4,2,1.2785572241341581,0.11143360451479728,0,0.32032115097519365,0,0.43175475548999093,0,1.2317547554899777,0,1.2317547554899777,0,0
dual_edge,0.80000000000000004,1.425,0,2,1.1283227900755479,0.098339810828145108,0,0,0,0.098339810828145108,0,0.89833981082809711,0,0.89833981082809711,0,0
dual_edge,0.80000000000000004,1.425,1,2,1.1283227900755479,0.098339810828145108,0,0.076983916155773796,0,0.1753237269839189,0,0.97532372698394543,0,0.97532372698394543,0,0
dual_edge,0.80000000000000004,1.425,4,2,1.1283227900755479,0.098339810828145108,0,0.30793566462309507,0,0.40627547545124021,0,1.2062754754512683,0,1.2062754754512683,0,0
dual_edge,0.80000000000000004,1.4500000000000002,0,2,0.99574136735727792,0.086784578456591904,0,0,0,0.086784578456591904,0,0.88678457845658976,0,0.88678457845658976,0,0
dual_edge,0.80000000000000004,1.4500000000000002,1,2,0.99574136735727792,0.086784578456591904,0,0.074007268375957974,0,0.16079184683254988,0,0.9607918468325094,0,0.9607918468325094,0,0
dual_edge,0.80000000000000004,1.4500000000000002,4,2,0.99574136735727792,0.086784578456591904,0,0.29602907350383179,0,0.38281365196042372,0,1.1828136519603794,0,1.1828136519603794,0,0
dual_edge,0.80000000000000004,1.4750000000000001,0,2,0.87873867246814397,0.076587121680051981,0,0,0,0.076587121680051981,0,0.87658712168003916,0,0.87658712168003916,0,0
dual_edge,0.80000000000000004,1.4750000000000001,1,2,0.87873867246814397,0.076587121680051981,0,0.07114571518274572,0,0.1477328368627977,0,0.9477328368627802,0,0.9477328368627802,0,0
dual_edge,0.80000000000000004,1.4750000000000001,4,2,0.87873867246814397,0.076587121680051981,0,0.28458286073098282,0,0.36116998241103482,0,1.1611699824110033,0,1.1611699824110033,0,0
dual_edge,0.80000000000000004,1.5,0,2,0.77548415663444203,0.067587897660516066,0,0,0,0.067587897660516066,0,0.86758789766050448,0,0.86758789766050448,0,0
dual_edge,0.80000000000000004,1.5,1,2,0.77548415663444203,0.067587897660516066,0,0.068394806347274156,0,0.13598270400779022,0,0.93598270400774286,0,0.93598270400774286,0,0
dual_edge,0.80000000000000004,1.5,4,2,0.77548415663444203,0.067587897660516066,0,0.27357922538909663,0,0.34116712304961272,0,1.141167123049569,0,1.141167123049569,0,0
dual_edge,0.80000000000000004,1.5249999999999999,0,2,0.68436236623331959,0.059646110337609907,0,0,0,0.059646110337609907,0,0.85964611033761962,0,0.85964611033761962,0,0
dual_edge,0.80000000000000004,1.5249999999999999,1,2,0.68436236623331959,0.059646110337609907,0,0.065750263712516493,0,0.12539637405012641,0,0.92539637405009145,0,0.92539637405009145,0,0
dual_edge,0.80000000000000004,1.5249999999999999,4,2,0.68436236623331959,0.059646110337609907,0,0.26300105485006597,0,0.32264716518767589,0,1.122647165187729,0,1.122647165187729,0,0
dual_edge,0.80000000000000004,1.55,0,2,0.60394766844637282,0.052637507624160224,0,0,0,0.052637507624160224,0,0.85263750762420987,0,0.85263750762420987,0,0
dual_edge,0.80000000000000004,1.55,1,2,0.60394766844637282,0.052637507624160224,0,0.063207974539981615,0,0.11584548216414184,0,0.91584548216416817,0,0.91584548216416817,0,0
dual_edge,0.80000000000000004,1.55,4,2,0.60394766844637282,0.052637507624160224,0,0.25283189815992646,0,0.30546940578408666,0,1.1054694057840431,0,1.1054694057840431,0,0
dual_edge,0.80000000000000004,1.5750000000000002,0,2,0.53298194672711041,0.046452437438094352,0,0,0,0.046452437438094352,0,0.84645243743808329,0,0.84645243743808329,0,0
dual_edge,0.80000000000000004,1.5750000000000002,1,2,0.53298194672711041,0.046452437438094352,0,0.060763985113665722,0,0.10721642255176007,0,0.90721642255175983,0,0.90721642255175983,0,0
dual_edge,0.80000000000000004,1.5750000000000002,4,2,0.53298194672711041,0.046452437438094352,0,0.24305594045466289,0,0.28950837789275724,0,1.0895083778927894,0,1.0895083778927894,0,0
dual_edge,0.80000000000000004,1.6000000000000001,0,2,0.47035491712018146,0.040994132156622391,0,0,0,0.040994132156622391,0,0.8409941321566583,0,0.8409941321566583,0,0
dual_edge,0.80000000000000004,1.6000000000000001,1,2,0.47035491712018146,0.040994132156622391,0,0.058414494591315931,0,0.099408626747938322,0,0.89940862674797728,0,0.89940862674797728,0,0
dual_edge,0.80000000000000004,1.6000000000000001,4,2,0.47035491712018146,0.040994132156622391,0,0.2336579783652637,0,0.27465211052188609,0,1.0746521105219342,0,1.0746521105219342,0,0
dual_edge,0.80000000000000004,1.625,0,2,0.4150867574739967,0.036177194652363132,0,0,0,0.036177194652363132,0,0.8361771946523433,0,0.8361771946523433,0,0
dual_edge,0.80000000000000004,1.625,1,2,0.4150867574739967,0.036177194652363132,0,0.056155849093437391,0,0.092333043745800522,0,0.89233304374580769,0,0.89233304374580769,0,0
dual_edge,0.80000000000000004,1.625,4,2,0.4150867574739967,0.036177194652363132,0,0.22462339637374956,0,0.26080059102611269,0,1.0608005910260898,0,1.0608005910260898,0,0
dual_edge,0.80000000000000004,1.6499999999999999,0,2,0.36631277777468435,0.031926262224910414,0,0,0,0.031926262224910414,0,0.83192626222494681,0,0.83192626222494681,0,0
dual_edge,0.80000000000000004,1.6499999999999999,1,2,0.36631277777468435,0.031926262224910414,0,0.053984536020854491,0,0.085910798245764905,0,0.88591079824573704,0,0.88591079824573704,0,0
dual_edge,0.80000000000000004,1.6499999999999999,4,2,0.36631277777468435,0.031926262224910414,0,0.21593814408341797,0,0.24786440630832837,0,1.0478644063083298,0,1.0478644063083298,0,0
dual_edge,0.80000000000000004,1.675,0,2,0.32326989176331666,0.028174827524586925,0,0,0,0.028174827524586925,0,0.82817482752461924,0,0.82817482752461924,0,0
dual_edge,0.80000000000000004,1.675,1,2,0.32326989176331666,0.028174827524586925,0,0.051897178591989529,0,0.080072006116576458,0,0.88007200611661673,0,0.88007200611661673,0,0
dual_edge,0.80000000000000004,1.675,4,2,0.32326989176331666,0.028174827524586925,0,0.20758871436795812,0,0.23576354189254503,0,1.0357635418924982,0,1.0357635418924982,0,0
dual_edge,0.80000000000000004,1.7000000000000002,0,2,0.2852846781799861,0.02486419802130338,0,0,0,0.02486419802130338,0,0.82486419802130229,0,0.82486419802130229,0,0
dual_edge,0.80000000000000004,1.7000000000000002,1,2,0.2852846781799861,0.02486419802130338,0,0.049890530591360921,0,0.074754728612664301,0,0.8747547286126478,0,0.8747547286126478,0,0
dual_edge,0.80000000000000004,1.7000000000000002,4,2,0.2852846781799861,0.02486419802130338,0,0.19956212236544366,0,0.22442632038674704,0,1.0244263203867954,0,1.0244263203867954,0,0
dual_edge,0.80000000000000004,1.7250000000000001,0,2,0.25176284484867995,0.021942577739050208,0,0,0,0.021942577739050208,0,0.82194257773904322,0,0.82194257773904322,0,0
dual_edge,0.80000000000000004,1.7250000000000001,1,2,0.25176284484867995,0.021942577739050208,0,0.047961471321134701,0,0.069904049060184908,0,0.86990404906017726,0,0.86990404906017726,0,0
dual_edge,0.80000000000000004,1.7250000000000001,4,2,0.25176284484867995,0.021942577739050208,0,0.1918458852845388,0,0.213788463023589,0,1.0137884630235794,0,1.0137884630235794,0,0
dual_edge,0.80000000000000004,1.75,0,2,0.22217993076484532,0.019364256889433461,0,0,0,0.019364256889433461,0,0.81936425688944325,0,0.81936425688944325,0,0
dual_edge,0.80000000000000004,1.75,1,2,0.22217993076484532,0.019364256889433461,0,0.046107000747880329,0,0.06547125763731379,0,0.86547125763736243,0,0.86547125763736243,0,0
dual_edge,0.80000000000000004,1.75,4,2,0.22217993076484532,0.019364256889433461,0,0.18442800299152134,0,0.20379225988095481,0,1.003792259881009,0,1.003792259881009,0,0
dual_edge,0.80000000000000004,1.7750000000000001,0,2,0.19607310071643724,0.017088896725777406,0,0,0,0.017088896725777406,0,0.81708889672582607,0,0.81708889672582607,0,0
dual_edge,0.80000000000000004,1.7750000000000001,1,2,0.19607310071643724,0.017088896725777406,0,0.044324234836979823,0,0.061413131562757226,0,0.86141313156273824,0,0.86141313156273824,0,0
dual_edge,0.80000000000000004,1.7750000000000001,4,2,0.19607310071643724,0.017088896725777406,0,0.17729693934791929,0,0.19438583607369669,0,0.99438583607369679,0,0.99438583607369679,0,0
dual_edge,0.80000000000000004,1.8,0,2,0.17303390406241267,0.015080898429086564,0,0,0,0.015080898429086564,0,0.81508089842907694,0,0.81508089842907694,0,0
dual_edge,0.80000000000000004,1.8,1,2,0.17303390406241267,0.015080898429086564,0,0.042610401067435438,0,0.057691299496522006,0,0.85769129949653244,0,0.85769129949653244,0,0
dual_edge,0.80000000000000004,1.8,4,2,0.17303390406241267,0.015080898429086564,0,0.17044160426974178,0,0.18552250269882833,0,0.98552250269878794,0,0.98552250269878794,0,0
dual_edge,0.80000000000000004,1.825,0,2,0.15270188437719884,0.013308846151861767,0,0,0,0.013308846151861767,0,0.81330884615182786,0,0.81330884615182786,0,0
dual_edge,0.80000000000000004,1.825,1,2,0.15270188437719884,0.013308846151861767,0,0.040962834120103223,0,0.054271680271964988,0,0.85427168027196743,0,0.85427168027196743,0,0
dual_edge,0.80000000000000004,1.825,4,2,0.15270188437719884,0.013308846151861767,0,0.16385133648041289,0,0.17716018263227465,0,0.97716018263227511,0,0.97716018263227511,0,0
dual_edge,0.80000000000000004,1.8500000000000001,0,2,0.13475893998170974,0.011745015505993011,0,0,0,0.011745015505993011,0,0.81174501550596023,0,0.81174501550596023,0,0
dual_edge,0.80000000000000004,1.8500000000000001,1,2,0.13475893998170974,0.011745015505993011,0,0.039378971732642425,0,0.051123987238635434,0,0.85112398723863336,0,0.85112398723863336,0,0
dual_edge,0.80000000000000004,1.8500000000000001,4,2,0.13475893998170974,0.011745015505993011,0,0.1575158869305697,0,0.16926090243656272,0,0.96926090243654173,0,0.96926090243654173,0,0
dual_edge,0.80000000000000004,1.875,0,2,0.11892434712944187,0.010364939804846859,0,0,0,0.010364939804846859,0,0.8103649398047974,0,0.8103649398047974,0,0
dual_edge,0.80000000000000004,1.875,1,2,0.11892434712944187,0.010364939804846859,0,0.037856350714737586,0,0.048221290519584445,0,0.84822129051953521,0,0.84822129051953521,0,0
dual_edge,0.80000000000000004,1.875,4,2,0.11892434712944187,0.010364939804846859,0,0.15142540285895034,0,0.16179034266379722,0,0.96179034266374863,0,0.96179034266374863,0,0
dual_edge,0.80000000000000004,1.9000000000000001,0,2,0.10495036798362729,0.0091470272732531131,0,0,0,0.0091470272732531131,0,0.80914702727330479,0,0.80914702727330479,0,0
dual_edge,0.80000000000000004,1.9000000000000001,1,2,0.10495036798362729,0.0091470272732531131,0,0.036392603117396061,0,0.045539630390649177,0,0.84553963039069036,0,0.84553963039069036,0,0
dual_edge,0.80000000000000004,1.9000000000000001,4,2,0.10495036798362729,0.0091470272732531131,0,0.14557041246958424,0,0.15471743974283736,0,0.95471743974284706,0,0.95471743974284706,0,0
dual_edge,0.80000000000000004,1.925,0,2,0.092618374670665179,0.00807222323650276,0,0,0,0.00807222323650276,0,0.80807222323653338,0,0.80807222323653338,0,0
dual_edge,0.80000000000000004,1.925,1,2,0.092618374670665179,0.00807222323650276,0,0.034985452550361854,0,0.043057675786864612,0,0.84305767578685131,0,0.84305767578685131,0,0
dual_edge,0.80000000000000004,1.925,4,2,0.092618374670665179,0.00807222323650276,0,0.13994181020144741,0,0.14801403343795017,0,0.94801403343791613,0,0.94801403343791613,0,0
dual_edge,0.80000000000000004,1.9500000000000002,0,2,0.081735428769281332,0.0071237120031849973,0,0,0,0.0071237120031849973,0,0.80712371200319932,0,0.80712371200319932,0,0
dual_edge,0.80000000000000004,1.9500000000000002,1,2,0.081735428769281332,0.0071237120031849973,0,0.033632710641919986,0,0.040756422645104984,0,0.84075642264513917,0,0.84075642264513917,0,0
dual_edge,0.80000000000000004,1.9500000000000002,4,2,0.081735428769281332,0.0071237120031849973,0,0.13453084256767994,0,0.14165455457086493,0,0.94165455457084768,0,0.94165455457084768,0,0
dual_edge,0.80000000000000004,1.9750000000000001,0,2,0.072131262720314407,0.0062866537777154551,0,0,0,0.0062866537777154551,0,0.80628665377768804,0,0.80628665377768804,0,0
dual_edge,0.80000000000000004,1.9750000000000001,1,2,0.072131262720314407,0.0062866537777154551,0,0.03233227363558621,0,0.038618927413301668,0,0.838618927413326,0,0.838618927413326,0,0
dual_edge,0.80000000000000004,1.9750000000000001,4,2,0.072131262720314407,0.0062866537777154551,0,0.12932909454234484,0,0.13561574832006029,0,0.93561574832001781,0,0.93561574832001781,0,0
dual_edge,0.80000000000000004,2,0,2,0.063655615930193504,0.0055479524864556753,0,0,0,0.0055479524864556753,0,0.80554795248644062,0,0.80554795248644062,0,0
dual_edge,0.80000000000000004,2,1,2,0.063655615930193504,0.0055479524864556753,0,0.031082119118387846,0,0.036630071604843523,0,0.83663007160483804,0,0.83663007160483804,0,0
dual_edge,0.80000000000000004,2,4,2,0.063655615930193504,0.0055479524864556753,0,0.12432847647355139,0,0.12987642896000706,0,0.92987642896003031,0,0.92987642896003031,0,0
