layout,initial_speed,distance,robot_scale,robots,near_sum_magnitudes,near_x,near_y,social_x,social_y,robot_x,robot_y,raw_ax,raw_ay,actual_ax,actual_ay,saturated
none,0,0.75,0,0,0,0,0,0,0,0,0,4,0,3,0,1
none,0,0.75,1,0,0,0,0,0,0,0,0,4,0,3,0,1
none,0,0.75,4,0,0,0,0,0,0,0,0,4,0,3,0,1
none,0,0.77500000000000002,0,0,0,0,0,0,0,0,0,4,0,3,0,1
none,0,0.77500000000000002,1,0,0,0,0,0,0,0,0,4,0,3,0,1
none,0,0.77500000000000002,4,0,0,0,0,0,0,0,0,4,0,3,0,1
none,0,0.80000000000000004,0,0,0,0,0,0,0,0,0,4,0,3,0,1
none,0,0.80000000000000004,1,0,0,0,0,0,0,0,0,4,0,3,0,1
none,0,0.80000000000000004,4,0,0,0,0,0,0,0,0,4,0,3,0,1
none,0,0.82499999999999996,0,0,0,0,0,0,0,0,0,4,0,3,0,1
none,0,0.82499999999999996,1,0,0,0,0,0,0,0,0,4,0,3,0,1
none,0,0.82499999999999996,4,0,0,0,0,0,0,0,0,4,0,3,0,1
none,0,0.84999999999999998,0,0,0,0,0,0,0,0,0,4,0,3,0,1
none,0,0.84999999999999998,1,0,0,0,0,0,0,0,0,4,0,3,0,1
none,0,0.84999999999999998,4,0,0,0,0,0,0,0,0,4,0,3,0,1
none,0,0.875,0,0,0,0,0,0,0,0,0,4,0,3,0,1
none,0,0.875,1,0,0,0,0,0,0,0,0,4,0,3,0,1
none,0,0.875,4,0,0,0,0,0,0,0,0,4,0,3,0,1
none,0,0.90000000000000002,0,0,0,0,0,0,0,0,0,4,0,3,0,1
none,0,0.90000000000000002,1,0,0,0,0,0,0,0,0,4,0,3,0,1
none,0,0.90000000000000002,4,0,0,0,0,0,0,0,0,4,0,3,0,1
none,0,0.92500000000000004,0,0,0,0,0,0,0,0,0,4,0,3,0,1
none,0,0.92500000000000004,1,0,0,0,0,0,0,0,0,4,0,3,0,1
none,0,0.92500000000000004,4,0,0,0,0,0,0,0,0,4,0,3,0,1
none,0,0.94999999999999996,0,0,0,0,0,0,0,0,0,4,0,3,0,1
none,0,0.94999999999999996,1,0,0,0,0,0,0,0,0,4,0,3,0,1
none,0,0.94999999999999996,4,0,0,0,0,0,0,0,0,4,0,3,0,1
none,0,0.97499999999999998,0,0,0,0,0,0,0,0,0,4,0,3,0,1
none,0,0.97499999999999998,1,0,0,0,0,0,0,0,0,4,0,3,0,1
none,0,0.97499999999999998,4,0,0,0,0,0,0,0,0,4,0,3,0,1
none,0,1,0,0,0,0,0,0,0,0,0,4,0,3,0,1
none,0,1,1,0,0,0,0,0,0,0,0,4,0,3,0,1
none,0,1,4,0,0,0,0,0,0,0,0,4,0,3,0,1
none,0,1.0249999999999999,0,0,0,0,0,0,0,0,0,4,0,3,0,1
none,0,1.0249999999999999,1,0,0,0,0,0,0,0,0,4,0,3,0,1
none,0,1.0249999999999999,4,0,0,0,0,0,0,0,0,4,0,3,0,1
none,0,1.05,0,0,0,0,0,0,0,0,0,4,0,3,0,1
none,0,1.05,1,0,0,0,0,0,0,0,0,4,0,3,0,1
none,0,1.05,4,0,0,0,0,0,0,0,0,4,0,3,0,1
none,0,1.075,0,0,0,0,0,0,0,0,0,4,0,3,0,1
none,0,1.075,1,0,0,0,0,0,0,0,0,4,0,3,0,1
none,0,1.075,4,0,0,0,0,0,0,0,0,4,0,3,0,1
none,0,1.1000000000000001,0,0,0,0,0,0,0,0,0,4,0,3,0,1
none,0,1.1000000000000001,1,0,0,0,0,0,0,0,0,4,0,3,0,1
none,0,1.1000000000000001,4,0,0,0,0,0,0,0,0,4,0,3,0,1
none,0,1.125,0,0,0,0,0,0,0,0,0,4,0,3,0,1
none,0,1.125,1,0,0,0,0,0,0,0,0,4,0,3,0,1
none,0,1.125,4,0,0,0,0,0,0,0,0,4,0,3,0,1
none,0,1.1499999999999999,0,0,0,0,0,0,0,0,0,4,0,3,0,1
none,0,1.1499999999999999,1,0,0,0,0,0,0,0,0,4,0,3,0,1
none,0,1.1499999999999999,4,0,0,0,0,0,0,0,0,4,0,3,0,1
none,0,1.175,0,0,0,0,0,0,0,0,0,4,0,3,0,1
none,0,1.175,1,0,0,0,0,0,0,0,0,4,0,3,0,1
none,0,1.175,4,0,0,0,0,0,0,0,0,4,0,3,0,1
none,0,1.2,0,0,0,0,0,0,0,0,0,4,0,3,0,1
none,0,1.2,1,0,0,0,0,0,0,0,0,4,0,3,0,1
none,0,1.2,4,0,0,0,0,0,0,0,0,4,0,3,0,1
none,0,1.2250000000000001,0,0,0,0,0,0,0,0,0,4,0,3,0,1
none,0,1.2250000000000001,1,0,0,0,0,0,0,0,0,4,0,3,0,1
none,0,1.2250000000000001,4,0,0,0,0,0,0,0,0,4,0,3,0,1
none,0,1.25,0,0,0,0,0,0,0,0,0,4,0,3,0,1
none,0,1.25,1,0,0,0,0,0,0,0,0,4,0,3,0,1
none,0,1.25,4,0,0,0,0,0,0,0,0,4,0,3,0,1
none,0,1.2749999999999999,0,0,0,0,0,0,0,0,0,4,0,3,0,1
none,0,1.2749999999999999,1,0,0,0,0,0,0,0,0,4,0,3,0,1
none,0,1.2749999999999999,4,0,0,0,0,0,0,0,0,4,0,3,0,1
none,0,1.3,0,0,0,0,0,0,0,0,0,4,0,3,0,1
none,0,1.3,1,0,0,0,0,0,0,0,0,4,0,3,0,1
none,0,1.3,4,0,0,0,0,0,0,0,0,4,0,3,0,1
none,0,1.3250000000000002,0,0,0,0,0,0,0,0,0,4,0,3,0,1
none,0,1.3250000000000002,1,0,0,0,0,0,0,0,0,4,0,3,0,1
none,0,1.3250000000000002,4,0,0,0,0,0,0,0,0,4,0,3,0,1
none,0,1.3500000000000001,0,0,0,0,0,0,0,0,0,4,0,3,0,1
none,0,1.3500000000000001,1,0,0,0,0,0,0,0,0,4,0,3,0,1
none,0,1.3500000000000001,4,0,0,0,0,0,0,0,0,4,0,3,0,1
none,0,1.375,0,0,0,0,0,0,0,0,0,4,0,3,0,1
none,0,1.375,1,0,0,0,0,0,0,0,0,4,0,3,0,1
none,0,1.375,4,0,0,0,0,0,0,0,0,4,0,3,0,1
none,0,1.3999999999999999,0,0,0,0,0,0,0,0,0,4,0,3,0,1
none,0,1.3999999999999999,1,0,0,0,0,0,0,0,0,4,0,3,0,1
none,0,1.3999999999999999,4,0,0,0,0,0,0,0,0,4,0,3,0,1
none,0,1.425,0,0,0,0,0,0,0,0,0,4,0,3,0,1
none,0,1.425,1,0,0,0,0,0,0,0,0,4,0,3,0,1
none,0,1.425,4,0,0,0,0,0,0,0,0,4,0,3,0,1
none,0,1.4500000000000002,0,0,0,0,0,0,0,0,0,4,0,3,0,1
none,0,1.4500000000000002,1,0,0,0,0,0,0,0,0,4,0,3,0,1
none,0,1.4500000000000002,4,0,0,0,0,0,0,0,0,4,0,3,0,1
none,0,1.4750000000000001,0,0,0,0,0,0,0,0,0,4,0,3,0,1
none,0,1.4750000000000001,1,0,0,0,0,0,0,0,0,4,0,3,0,1
none,0,1.4750000000000001,4,0,0,0,0,0,0,0,0,4,0,3,0,1
none,0,1.5,0,0,0,0,0,0,0,0,0,4,0,3,0,1
none,0,1.5,1,0,0,0,0,0,0,0,0,4,0,3,0,1
none,0,1.5,4,0,0,0,0,0,0,0,0,4,0,3,0,1
none,0,1.5249999999999999,0,0,0,0,0,0,0,0,0,4,0,3,0,1
none,0,1.5249999999999999,1,0,0,0,0,0,0,0,0,4,0,3,0,1
none,0,1.5249999999999999,4,0,0,0,0,0,0,0,0,4,0,3,0,1
none,0,1.55,0,0,0,0,0,0,0,0,0,4,0,3,0,1
none,0,1.55,1,0,0,0,0,0,0,0,0,4,0,3,0,1
none,0,1.55,4,0,0,0,0,0,0,0,0,4,0,3,0,1
none,0,1.5750000000000002,0,0,0,0,0,0,0,0,0,4,0,3,0,1
none,0,1.5750000000000002,1,0,0,0,0,0,0,0,0,4,0,3,0,1
none,0,1.5750000000000002,4,0,0,0,0,0,0,0,0,4,0,3,0,1
none,0,1.6000000000000001,0,0,0,0,0,0,0,0,0,4,0,3,0,1
none,0,1.6000000000000001,1,0,0,0,0,0,0,0,0,4,0,3,0,1
none,0,1.6000000000000001,4,0,0,0,0,0,0,0,0,4,0,3,0,1
none,0,1.625,0,0,0,0,0,0,0,0,0,4,0,3,0,1
none,0,1.625,1,0,0,0,0,0,0,0,0,4,0,3,0,1
none,0,1.625,4,0,0,0,0,0,0,0,0,4,0,3,0,1
none,0,1.6499999999999999,0,0,0,0,0,0,0,0,0,4,0,3,0,1
none,0,1.6499999999999999,1,0,0,0,0,0,0,0,0,4,0,3,0,1
none,0,1.6499999999999999,4,0,0,0,0,0,0,0,0,4,0,3,0,1
none,0,1.675,0,0,0,0,0,0,0,0,0,4,0,3,0,1
none,0,1.675,1,0,0,0,0,0,0,0,0,4,0,3,0,1
none,0,1.675,4,0,0,0,0,0,0,0,0,4,0,3,0,1
none,0,1.7000000000000002,0,0,0,0,0,0,0,0,0,4,0,3,0,1
none,0,1.7000000000000002,1,0,0,0,0,0,0,0,0,4,0,3,0,1
none,0,1.7000000000000002,4,0,0,0,0,0,0,0,0,4,0,3,0,1
none,0,1.7250000000000001,0,0,0,0,0,0,0,0,0,4,0,3,0,1
none,0,1.7250000000000001,1,0,0,0,0,0,0,0,0,4,0,3,0,1
none,0,1.7250000000000001,4,0,0,0,0,0,0,0,0,4,0,3,0,1
none,0,1.75,0,0,0,0,0,0,0,0,0,4,0,3,0,1
none,0,1.75,1,0,0,0,0,0,0,0,0,4,0,3,0,1
none,0,1.75,4,0,0,0,0,0,0,0,0,4,0,3,0,1
none,0,1.7750000000000001,0,0,0,0,0,0,0,0,0,4,0,3,0,1
none,0,1.7750000000000001,1,0,0,0,0,0,0,0,0,4,0,3,0,1
none,0,1.7750000000000001,4,0,0,0,0,0,0,0,0,4,0,3,0,1
none,0,1.8,0,0,0,0,0,0,0,0,0,4,0,3,0,1
none,0,1.8,1,0,0,0,0,0,0,0,0,4,0,3,0,1
none,0,1.8,4,0,0,0,0,0,0,0,0,4,0,3,0,1
none,0,1.825,0,0,0,0,0,0,0,0,0,4,0,3,0,1
none,0,1.825,1,0,0,0,0,0,0,0,0,4,0,3,0,1
none,0,1.825,4,0,0,0,0,0,0,0,0,4,0,3,0,1
none,0,1.8500000000000001,0,0,0,0,0,0,0,0,0,4,0,3,0,1
none,0,1.8500000000000001,1,0,0,0,0,0,0,0,0,4,0,3,0,1
none,0,1.8500000000000001,4,0,0,0,0,0,0,0,0,4,0,3,0,1
none,0,1.875,0,0,0,0,0,0,0,0,0,4,0,3,0,1
none,0,1.875,1,0,0,0,0,0,0,0,0,4,0,3,0,1
none,0,1.875,4,0,0,0,0,0,0,0,0,4,0,3,0,1
none,0,1.9000000000000001,0,0,0,0,0,0,0,0,0,4,0,3,0,1
none,0,1.9000000000000001,1,0,0,0,0,0,0,0,0,4,0,3,0,1
none,0,1.9000000000000001,4,0,0,0,0,0,0,0,0,4,0,3,0,1
none,0,1.925,0,0,0,0,0,0,0,0,0,4,0,3,0,1
none,0,1.925,1,0,0,0,0,0,0,0,0,4,0,3,0,1
none,0,1.925,4,0,0,0,0,0,0,0,0,4,0,3,0,1
none,0,1.9500000000000002,0,0,0,0,0,0,0,0,0,4,0,3,0,1
none,0,1.9500000000000002,1,0,0,0,0,0,0,0,0,4,0,3,0,1
none,0,1.9500000000000002,4,0,0,0,0,0,0,0,0,4,0,3,0,1
none,0,1.9750000000000001,0,0,0,0,0,0,0,0,0,4,0,3,0,1
none,0,1.9750000000000001,1,0,0,0,0,0,0,0,0,4,0,3,0,1
none,0,1.9750000000000001,4,0,0,0,0,0,0,0,0,4,0,3,0,1
none,0,2,0,0,0,0,0,0,0,0,0,4,0,3,0,1
none,0,2,1,0,0,0,0,0,0,0,0,4,0,3,0,1
none,0,2,4,0,0,0,0,0,0,0,0,4,0,3,0,1
none,0.80000000000000004,0.75,0,0,0,0,0,0,0,0,0,0.80000000000002292,0,0.80000000000002292,0,0
none,0.80000000000000004,0.75,1,0,0,0,0,0,0,0,0,0.80000000000002292,0,0.80000000000002292,0,0
none,0.80000000000000004,0.75,4,0,0,0,0,0,0,0,0,0.80000000000002292,0,0.80000000000002292,0,0
none,0.80000000000000004,0.77500000000000002,0,0,0,0,0,0,0,0,0,0.80000000000002292,0,0.80000000000002292,0,0
none,0.80000000000000004,0.77500000000000002,1,0,0,0,0,0,0,0,0,0.80000000000002292,0,0.80000000000002292,0,0
none,0.80000000000000004,0.77500000000000002,4,0,0,0,0,0,0,0,0,0.80000000000002292,0,0.80000000000002292,0,0
none,0.80000000000000004,0.80000000000000004,0,0,0,0,0,0,0,0,0,0.80000000000002292,0,0.80000000000002292,0,0
none,0.80000000000000004,0.80000000000000004,1,0,0,0,0,0,0,0,0,0.80000000000002292,0,0.80000000000002292,0,0
none,0.80000000000000004,0.80000000000000004,4,0,0,0,0,0,0,0,0,0.80000000000002292,0,0.80000000000002292,0,0
none,0.80000000000000004,0.82499999999999996,0,0,0,0,0,0,0,0,0,0.80000000000002292,0,0.80000000000002292,0,0
none,0.80000000000000004,0.82499999999999996,1,0,0,0,0,0,0,0,0,0.80000000000002292,0,0.80000000000002292,0,0
none,0.80000000000000004,0.82499999999999996,4,0,0,0,0,0,0,0,0,0.80000000000002292,0,0.80000000000002292,0,0
none,0.80000000000000004,0.84999999999999998,0,0,0,0,0,0,0,0,0,0.80000000000002292,0,0.80000000000002292,0,0
none,0.80000000000000004,0.84999999999999998,1,0,0,0,0,0,0,0,0,0.80000000000002292,0,0.80000000000002292,0,0
none,0.80000000000000004,0.84999999999999998,4,0,0,0,0,0,0,0,0,0.80000000000002292,0,0.80000000000002292,0,0
none,0.80000000000000004,0.875,0,0,0,0,0,0,0,0,0,0.80000000000002292,0,0.80000000000002292,0,0
none,0.80000000000000004,0.875,1,0,0,0,0,0,0,0,0,0.80000000000002292,0,0.80000000000002292,0,0
none,0.80000000000000004,0.875,4,0,0,0,0,0,0,0,0,0.80000000000002292,0,0.80000000000002292,0,0
none,0.80000000000000004,0.90000000000000002,0,0,0,0,0,0,0,0,0,0.80000000000002292,0,0.80000000000002292,0,0
none,0.80000000000000004,0.90000000000000002,1,0,0,0,0,0,0,0,0,0.80000000000002292,0,0.80000000000002292,0,0
none,0.80000000000000004,0.90000000000000002,4,0,0,0,0,0,0,0,0,0.80000000000002292,0,0.80000000000002292,0,0
none,0.80000000000000004,0.92500000000000004,0,0,0,0,0,0,0,0,0,0.80000000000002292,0,0.80000000000002292,0,0
none,0.80000000000000004,0.92500000000000004,1,0,0,0,0,0,0,0,0,0.80000000000002292,0,0.80000000000002292,0,0
none,0.80000000000000004,0.92500000000000004,4,0,0,0,0,0,0,0,0,0.80000000000002292,0,0.80000000000002292,0,0
none,0.80000000000000004,0.94999999999999996,0,0,0,0,0,0,0,0,0,0.80000000000002292,0,0.80000000000002292,0,0
none,0.80000000000000004,0.94999999999999996,1,0,0,0,0,0,0,0,0,0.80000000000002292,0,0.80000000000002292,0,0
none,0.80000000000000004,0.94999999999999996,4,0,0,0,0,0,0,0,0,0.80000000000002292,0,0.80000000000002292,0,0
none,0.80000000000000004,0.97499999999999998,0,0,0,0,0,0,0,0,0,0.80000000000002292,0,0.80000000000002292,0,0
none,0.80000000000000004,0.97499999999999998,1,0,0,0,0,0,0,0,0,0.80000000000002292,0,0.80000000000002292,0,0
none,0.80000000000000004,0.97499999999999998,4,0,0,0,0,0,0,0,0,0.80000000000002292,0,0.80000000000002292,0,0
none,0.80000000000000004,1,0,0,0,0,0,0,0,0,0,0.80000000000002292,0,0.80000000000002292,0,0
none,0.80000000000000004,1,1,0,0,0,0,0,0,0,0,0.80000000000002292,0,0.80000000000002292,0,0
none,0.80000000000000004,1,4,0,0,0,0,0,0,0,0,0.80000000000002292,0,0.80000000000002292,0,0
none,0.80000000000000004,1.0249999999999999,0,0,0,0,0,0,0,0,0,0.80000000000002292,0,0.80000000000002292,0,0
none,0.80000000000000004,1.0249999999999999,1,0,0,0,0,0,0,0,0,0.80000000000002292,0,0.80000000000002292,0,0
none,0.80000000000000004,1.0249999999999999,4,0,0,0,0,0,0,0,0,0.80000000000002292,0,0.80000000000002292,0,0
none,0.80000000000000004,1.05,0,0,0,0,0,0,0,0,0,0.80000000000002292,0,0.80000000000002292,0,0
none,0.80000000000000004,1.05,1,0,0,0,0,0,0,0,0,0.80000000000002292,0,0.80000000000002292,0,0
none,0.80000000000000004,1.05,4,0,0,0,0,0,0,0,0,0.80000000000002292,0,0.80000000000002292,0,0
none,0.80000000000000004,1.075,0,0,0,0,0,0,0,0,0,0.80000000000002292,0,0.80000000000002292,0,0
none,0.80000000000000004,1.075,1,0,0,0,0,0,0,0,0,0.80000000000002292,0,0.80000000000002292,0,0
none,0.80000000000000004,1.075,4,0,0,0,0,0,0,0,0,0.80000000000002292,0,0.80000000000002292,0,0
none,0.80000000000000004,1.1000000000000001,0,0,0,0,0,0,0,0,0,0.80000000000002292,0,0.80000000000002292,0,0
none,0.80000000000000004,1.1000000000000001,1,0,0,0,0,0,0,0,0,0.80000000000002292,0,0.80000000000002292,0,0
none,0.80000000000000004,1.1000000000000001,4,0,0,0,0,0,0,0,0,0.80000000000002292,0,0.80000000000002292,0,0
none,0.80000000000000004,1.125,0,0,0,0,0,0,0,0,0,0.80000000000002292,0,0.80000000000002292,0,0
none,0.80000000000000004,1.125,1,0,0,0,0,0,0,0,0,0.80000000000002292,0,0.80000000000002292,0,0
none,0.80000000000000004,1.125,4,0,0,0,0,0,0,0,0,0.80000000000002292,0,0.80000000000002292,0,0
none,0.80000000000000004,1.1499999999999999,0,0,0,0,0,0,0,0,0,0.80000000000002292,0,0.80000000000002292,0,0
none,0.80000000000000004,1.1499999999999999,1,0,0,0,0,0,0,0,0,0.80000000000002292,0,0.80000000000002292,0,0
none,0.80000000000000004,1.1499999999999999,4,0,0,0,0,0,0,0,0,0.80000000000002292,0,0.80000000000002292,0,0
none,0.80000000000000004,1.175,0,0,0,0,0,0,0,0,0,0.80000000000002292,0,0.80000000000002292,0,0
none,0.80000000000000004,1.175,1,0,0,0,0,0,0,0,0,0.80000000000002292,0,0.80000000000002292,0,0
none,0.80000000000000004,1.175,4,0,0,0,0,0,0,0,0,0.80000000000002292,0,0.80000000000002292,0,0
none,0.80000000000000004,1.2,0,0,0,0,0,0,0,0,0,0.80000000000002292,0,0.80000000000002292,0,0
none,0.80000000000000004,1.2,1,0,0,0,0,0,0,0,0,0.80000000000002292,0,0.80000000000002292,0,0
none,0.80000000000000004,1.2,4,0,0,0,0,0,0,0,0,0.80000000000002292,0,0.80000000000002292,0,0
none,0.80000000000000004,1.2250000000000001,0,0,0,0,0,0,0,0,0,0.80000000000002292,0,0.80000000000002292,0,0
none,0.80000000000000004,1.2250000000000001,1,0,0,0,0,0,0,0,0,0.80000000000002292,0,0.80000000000002292,0,0
none,0.80000000000000004,1.2250000000000001,4,0,0,0,0,0,0,0,0,0.80000000000002292,0,0.80000000000002292,0,0
none,0.80000000000000004,1.25,0,0,0,0,0,0,0,0,0,0.80000000000002292,0,0.80000000000002292,0,0
none,0.80000000000000004,1.25,1,0,0,0,0,0,0,0,0,0.80000000000002292,0,0.80000000000002292,0,0
none,0.80000000000000004,1.25,4,0,0,0,0,0,0,0,0,0.80000000000002292,0,0.80000000000002292,0,0
none,0.80000000000000004,1.2749999999999999,0,0,0,0,0,0,0,0,0,0.80000000000002292,0,0.80000000000002292,0,0
none,0.80000000000000004,1.2749999999999999,1,0,0,0,0,0,0,0,0,0.80000000000002292,0,0.80000000000002292,0,0
none,0.80000000000000004,1.2749999999999999,4,0,0,0,0,0,0,0,0,0.80000000000002292,0,0.80000000000002292,0,0
none,0.80000000000000004,1.3,0,0,0,0,0,0,0,0,0,0.80000000000002292,0,0.80000000000002292,0,0
none,0.80000000000000004,1.3,1,0,0,0,0,0,0,0,0,0.80000000000002292,0,0.80000000000002292,0,0
none,0.80000000000000004,1.3,4,0,0,0,0,0,0,0,0,0.80000000000002292,0,0.80000000000002292,0,0
none,0.80000000000000004,1.3250000000000002,0,0,0,0,0,0,0,0,0,0.80000000000002292,0,0.80000000000002292,0,0
none,0.80000000000000004,1.3250000000000002,1,0,0,0,0,0,0,0,0,0.80000000000002292,0,0.80000000000002292,0,0
none,0.80000000000000004,1.3250000000000002,4,0,0,0,0,0,0,0,0,0.80000000000002292,0,0.80000000000002292,0,0
none,0.80000000000000004,1.3500000000000001,0,0,0,0,0,0,0,0,0,0.80000000000002292,0,0.80000000000002292,0,0
none,0.80000000000000004,1.3500000000000001,1,0,0,0,0,0,0,0,0,0.80000000000002292,0,0.80000000000002292,0,0
none,0.80000000000000004,1.3500000000000001,4,0,0,0,0,0,0,0,0,0.80000000000002292,0,0.80000000000002292,0,0
none,0.80000000000000004,1.375,0,0,0,0,0,0,0,0,0,0.80000000000002292,0,0.80000000000002292,0,0
none,0.80000000000000004,1.375,1,0,0,0,0,0,0,0,0,0.80000000000002292,0,0.80000000000002292,0,0
none,0.80000000000000004,1.375,4,0,0,0,0,0,0,0,0,0.80000000000002292,0,0.80000000000002292,0,0
none,0.80000000000000004,1.3999999999999999,0,0,0,0,0,0,0,0,0,0.80000000000002292,0,0.80000000000002292,0,0
none,0.80000000000000004,1.3999999999999999,1,0,0,0,0,0,0,0,0,0.80000000000002292,0,0.80000000000002292,0,0
none,0.80000000000000004,1.3999999999999999,4,0,0,0,0,0,0,0,0,0.80000000000002292,0,0.80000000000002292,0,0
none,0.80000000000000004,1.425,0,0,0,0,0,0,0,0,0,0.80000000000002292,0,0.80000000000002292,0,0
none,0.80000000000000004,1.425,1,0,0,0,0,0,0,0,0,0.80000000000002292,0,0.80000000000002292,0,0
none,0.80000000000000004,1.425,4,0,0,0,0,0,0,0,0,0.80000000000002292,0,0.80000000000002292,0,0
none,0.80000000000000004,1.4500000000000002,0,0,0,0,0,0,0,0,0,0.80000000000002292,0,0.80000000000002292,0,0
none,0.80000000000000004,1.4500000000000002,1,0,0,0,0,0,0,0,0,0.80000000000002292,0,0.80000000000002292,0,0
none,0.80000000000000004,1.4500000000000002,4,0,0,0,0,0,0,0,0,0.80000000000002292,0,0.80000000000002292,0,0
none,0.80000000000000004,1.4750000000000001,0,0,0,0,0,0,0,0,0,0.80000000000002292,0,0.80000000000002292,0,0
none,0.80000000000000004,1.4750000000000001,1,0,0,0,0,0,0,0,0,0.80000000000002292,0,0.80000000000002292,0,0
none,0.80000000000000004,1.4750000000000001,4,0,0,0,0,0,0,0,0,0.80000000000002292,0,0.80000000000002292,0,0
none,0.80000000000000004,1.5,0,0,0,0,0,0,0,0,0,0.80000000000002292,0,0.80000000000002292,0,0
none,0.80000000000000004,1.5,1,0,0,0,0,0,0,0,0,0.80000000000002292,0,0.80000000000002292,0,0
none,0.80000000000000004,1.5,4,0,0,0,0,0,0,0,0,0.80000000000002292,0,0.80000000000002292,0,0
none,0.80000000000000004,1.5249999999999999,0,0,0,0,0,0,0,0,0,0.80000000000002292,0,0.80000000000002292,0,0
none,0.80000000000000004,1.5249999999999999,1,0,0,0,0,0,0,0,0,0.80000000000002292,0,0.80000000000002292,0,0
none,0.80000000000000004,1.5249999999999999,4,0,0,0,0,0,0,0,0,0.80000000000002292,0,0.80000000000002292,0,0
none,0.80000000000000004,1.55,0,0,0,0,0,0,0,0,0,0.80000000000002292,0,0.80000000000002292,0,0
none,0.80000000000000004,1.55,1,0,0,0,0,0,0,0,0,0.80000000000002292,0,0.80000000000002292,0,0
none,0.80000000000000004,1.55,4,0,0,0,0,0,0,0,0,0.80000000000002292,0,0.80000000000002292,0,0
none,0.80000000000000004,1.5750000000000002,0,0,0,0,0,0,0,0,0,0.80000000000002292,0,0.80000000000002292,0,0
none,0.80000000000000004,1.5750000000000002,1,0,0,0,0,0,0,0,0,0.80000000000002292,0,0.80000000000002292,0,0
none,0.80000000000000004,1.5750000000000002,4,0,0,0,0,0,0,0,0,0.80000000000002292,0,0.80000000000002292,0,0
none,0.80000000000000004,1.6000000000000001,0,0,0,0,0,0,0,0,0,0.80000000000002292,0,0.80000000000002292,0,0
none,0.80000000000000004,1.6000000000000001,1,0,0,0,0,0,0,0,0,0.80000000000002292,0,0.80000000000002292,0,0
none,0.80000000000000004,1.6000000000000001,4,0,0,0,0,0,0,0,0,0.80000000000002292,0,0.80000000000002292,0,0
none,0.80000000000000004,1.625,0,0,0,0,0,0,0,0,0,0.80000000000002292,0,0.80000000000002292,0,0
none,0.80000000000000004,1.625,1,0,0,0,0,0,0,0,0,0.80000000000002292,0,0.80000000000002292,0,0
none,0.80000000000000004,1.625,4,0,0,0,0,0,0,0,0,0.80000000000002292,0,0.80000000000002292,0,0
none,0.80000000000000004,1.6499999999999999,0,0,0,0,0,0,0,0,0,0.80000000000002292,0,0.80000000000002292,0,0
none,0.80000000000000004,1.6499999999999999,1,0,0,0,0,0,0,0,0,0.80000000000002292,0,0.80000000000002292,0,0
none,0.80000000000000004,1.6499999999999999,4,0,0,0,0,0,0,0,0,0.80000000000002292,0,0.80000000000002292,0,0
none,0.80000000000000004,1.675,0,0,0,0,0,0,0,0,0,0.80000000000002292,0,0.80000000000002292,0,0
none,0.80000000000000004,1.675,1,0,0,0,0,0,0,0,0,0.80000000000002292,0,0.80000000000002292,0,0
none,0.80000000000000004,1.675,4,0,0,0,0,0,0,0,0,0.80000000000002292,0,0.80000000000002292,0,0
none,0.80000000000000004,1.7000000000000002,0,0,0,0,0,0,0,0,0,0.80000000000002292,0,0.80000000000002292,0,0
none,0.80000000000000004,1.7000000000000002,1,0,0,0,0,0,0,0,0,0.80000000000002292,0,0.80000000000002292,0,0
none,0.80000000000000004,1.7000000000000002,4,0,0,0,0,0,0,0,0,0.80000000000002292,0,0.80000000000002292,0,0
none,0.80000000000000004,1.7250000000000001,0,0,0,0,0,0,0,0,0,0.80000000000002292,0,0.80000000000002292,0,0
none,0.80000000000000004,1.7250000000000001,1,0,0,0,0,0,0,0,0,0.80000000000002292,0,0.80000000000002292,0,0
none,0.80000000000000004,1.7250000000000001,4,0,0,0,0,0,0,0,0,0.80000000000002292,0,0.80000000000002292,0,0
none,0.80000000000000004,1.75,0,0,0,0,0,0,0,0,0,0.80000000000002292,0,0.80000000000002292,0,0
none,0.80000000000000004,1.75,1,0,0,0,0,0,0,0,0,0.80000000000002292,0,0.80000000000002292,0,0
none,0.80000000000000004,1.75,4,0,0,0,0,0,0,0,0,0.80000000000002292,0,0.80000000000002292,0,0
none,0.80000000000000004,1.7750000000000001,0,0,0,0,0,0,0,0,0,0.80000000000002292,0,0.80000000000002292,0,0
none,0.80000000000000004,1.7750000000000001,1,0,0,0,0,0,0,0,0,0.80000000000002292,0,0.80000000000002292,0,0
none,0.80000000000000004,1.7750000000000001,4,0,0,0,0,0,0,0,0,0.80000000000002292,0,0.80000000000002292,0,0
none,0.80000000000000004,1.8,0,0,0,0,0,0,0,0,0,0.80000000000002292,0,0.80000000000002292,0,0
none,0.80000000000000004,1.8,1,0,0,0,0,0,0,0,0,0.80000000000002292,0,0.80000000000002292,0,0
none,0.80000000000000004,1.8,4,0,0,0,0,0,0,0,0,0.80000000000002292,0,0.80000000000002292,0,0
none,0.80000000000000004,1.825,0,0,0,0,0,0,0,0,0,0.80000000000002292,0,0.80000000000002292,0,0
none,0.80000000000000004,1.825,1,0,0,0,0,0,0,0,0,0.80000000000002292,0,0.80000000000002292,0,0
none,0.80000000000000004,1.825,4,0,0,0,0,0,0,0,0,0.80000000000002292,0,0.80000000000002292,0,0
none,0.80000000000000004,1.8500000000000001,0,0,0,0,0,0,0,0,0,0.80000000000002292,0,0.80000000000002292,0,0
none,0.80000000000000004,1.8500000000000001,1,0,0,0,0,0,0,0,0,0.80000000000002292,0,0.80000000000002292,0,0
none,0.80000000000000004,1.8500000000000001,4,0,0,0,0,0,0,0,0,0.80000000000002292,0,0.80000000000002292,0,0
none,0.80000000000000004,1.875,0,0,0,0,0,0,0,0,0,0.80000000000002292,0,0.80000000000002292,0,0
none,0.80000000000000004,1.875,1,0,0,0,0,0,0,0,0,0.80000000000002292,0,0.80000000000002292,0,0
none,0.80000000000000004,1.875,4,0,0,0,0,0,0,0,0,0.80000000000002292,0,0.80000000000002292,0,0
none,0.80000000000000004,1.9000000000000001,0,0,0,0,0,0,0,0,0,0.80000000000002292,0,0.80000000000002292,0,0
none,0.80000000000000004,1.9000000000000001,1,0,0,0,0,0,0,0,0,0.80000000000002292,0,0.80000000000002292,0,0
none,0.80000000000000004,1.9000000000000001,4,0,0,0,0,0,0,0,0,0.80000000000002292,0,0.80000000000002292,0,0
none,0.80000000000000004,1.925,0,0,0,0,0,0,0,0,0,0.80000000000002292,0,0.80000000000002292,0,0
none,0.80000000000000004,1.925,1,0,0,0,0,0,0,0,0,0.80000000000002292,0,0.80000000000002292,0,0
none,0.80000000000000004,1.925,4,0,0,0,0,0,0,0,0,0.80000000000002292,0,0.80000000000002292,0,0
none,0.80000000000000004,1.9500000000000002,0,0,0,0,0,0,0,0,0,0.80000000000002292,0,0.80000000000002292,0,0
none,0.80000000000000004,1.9500000000000002,1,0,0,0,0,0,0,0,0,0.80000000000002292,0,0.80000000000002292,0,0
none,0.80000000000000004,1.9500000000000002,4,0,0,0,0,0,0,0,0,0.80000000000002292,0,0.80000000000002292,0,0
none,0.80000000000000004,1.9750000000000001,0,0,0,0,0,0,0,0,0,0.80000000000002292,0,0.80000000000002292,0,0
none,0.80000000000000004,1.9750000000000001,1,0,0,0,0,0,0,0,0,0.80000000000002292,0,0.80000000000002292,0,0
none,0.80000000000000004,1.9750000000000001,4,0,0,0,0,0,0,0,0,0.80000000000002292,0,0.80000000000002292,0,0
none,0.80000000000000004,2,0,0,0,0,0,0,0,0,0,0.80000000000002292,0,0.80000000000002292,0,0
none,0.80000000000000004,2,1,0,0,0,0,0,0,0,0,0.80000000000002292,0,0.80000000000002292,0,0
none,0.80000000000000004,2,4,0,0,0,0,0,0,0,0,0.80000000000002292,0,0.80000000000002292,0,0
front,0,0.75,0,1,16.487212707001284,-16.487212707001284,0,0,0,-16.487212707001284,0,-12.487212707001284,0,-3,0,1
front,0,0.75,1,1,16.487212707001284,-16.487212707001284,0,-0.58659583047125352,0,-17.073808537472537,0,-13.073808537472537,0,-3,0,1
front,0,0.75,4,1,16.487212707001284,-16.487212707001284,0,-2.3463833218850141,0,-18.833596028886298,0,-14.833596028886298,0,-3,0,1
front,0,0.77500000000000002,0,1,14.549914146181989,-14.549914146181989,0,0,0,-14.549914146181989,0,-10.549914146181989,0,-3,0,1
front,0,0.77500000000000002,1,1,14.549914146181989,-14.549914146181989,0,-0.54615754448135512,0,-15.096071690663344,0,-11.096071690663344,0,-3.0000000000000004,0,1
front,0,0.77500000000000002,4,1,14.549914146181989,-14.549914146181989,0,-2.1846301779254187,0,-16.734544324107407,0,-12.734544324107407,0,-3,0,1
front,0,0.80000000000000004,0,1,12.840254166877369,-12.840254166877369,0,0,0,-12.840254166877369,0,-8.8402541668773686,0,-3,0,1
front,0,0.80000000000000004,1,1,12.840254166877369,-12.840254166877369,0,-0.5085069615211335,0,-13.348761128398502,0,-9.3487611283985022,0,-3,0,1
front,0,0.80000000000000004,4,1,12.840254166877369,-12.840254166877369,0,-2.0340278460845322,0,-14.874282012961901,0,-10.874282012961901,0,-3.0000000000000004,0,1
front,0,0.82499999999999996,0,1,11.331484530668304,-11.331484530668304,0,0,0,-11.331484530668304,0,-7.3314845306683036,0,-3,0,1
front,0,0.82499999999999996,1,1,11.331484530668304,-11.331484530668304,0,-0.4734519050927144,0,-11.804936435761018,0,-7.804936435761018,0,-3,0,1
front,0,0.82499999999999996,4,1,11.331484530668304,-11.331484530668304,0,-1.8938076203708576,0,-13.225292151039161,0,-9.2252921510391612,0,-3,0,1
front,0,0.84999999999999998,0,1,10.000000000000018,-10.000000000000018,0,0,0,-10.000000000000018,0,-6.0000000000000178,0,-3,0,1
front,0,0.84999999999999998,1,1,10.000000000000018,-10.000000000000018,0,-0.44081344681178791,0,-10.440813446811806,0,-6.4408134468118057,0,-3,0,1
front,0,0.84999999999999998,4,1,10.000000000000018,-10.000000000000018,0,-1.7632537872471516,0,-11.763253787247169,0,-7.7632537872471694,0,-3,0,1
front,0,0.875,0,1,8.8249690258459541,-8.8249690258459541,0,0,0,-8.8249690258459541,0,-4.8249690258459541,0,-3,0,1
front,0,0.875,1,1,8.8249690258459541,-8.8249690258459541,0,-0.41042499311949321,0,-9.2353940189654473,0,-5.2353940189654473,0,-3,0,1
front,0,0.875,4,1,8.8249690258459541,-8.8249690258459541,0,-1.6416999724779764,0,-10.46666899832393,0,-6.4666689983239305,0,-3,0,1
front,0,0.90000000000000002,0,1,7.7880078307140357,-7.7880078307140357,0,0,0,-7.7880078307140357,0,-3.7880078307140357,0,-3,0,1
front,0,0.90000000000000002,1,1,7.7880078307140357,-7.7880078307140357,0,-0.38213143495384028,0,-8.170139265667876,0,-4.170139265667876,0,-3,0,1
front,0,0.90000000000000002,4,1,7.7880078307140357,-7.7880078307140357,0,-1.5285257398153602,0,-9.3165335705293959,0,-5.3165335705293959,0,-3,0,1
front,0,0.92500000000000004,0,1,6.8728927879096977,-6.8728927879096977,0,0,0,-6.8728927879096977,0,-2.8728927879096977,0,-2.8728927879096977,0,0
front,0,0.92500000000000004,1,1,6.8728927879096977,-6.8728927879096977,0,-0.35578835604040915,0,-7.2286811439501069,0,-3.2286811439501069,0,-3,0,1
front,0,0.92500000000000004,4,1,6.8728927879096977,-6.8728927879096977,0,-1.4231534241616357,0,-8.2960462120713334,0,-4.2960462120713334,0,-3,0,1
front,0,0.94999999999999996,0,1,6.0653065971263569,-6.0653065971263569,0,0,0,-6.0653065971263569,0,-2.0653065971263569,0,-2.0653065971263569,0,0
front,0,0.94999999999999996,1,1,6.0653065971263569,-6.0653065971263569,0,-0.33126129576130925,0,-6.3965678928876661,0,-2.3965678928876661,0,-2.3965678928876661,0,0
front,0,0.94999999999999996,4,1,6.0653065971263569,-6.0653065971263569,0,-1.3250451830452352,0,-7.3903517801715921,0,-3.3903517801715921,0,-3,0,1
front,0,0.97499999999999998,0,1,5.3526142851899126,-5.3526142851899126,0,0,0,-5.3526142851899126,0,-1.3526142851899126,0,-1.3526142851899126,0,0
front,0,0.97499999999999998,1,1,5.3526142851899126,-5.3526142851899126,0,-0.30842506283988058,0,-5.6610393480297931,0,-1.6610393480297931,0,-1.6610393480297931,0,0
front,0,0.97499999999999998,4,1,5.3526142851899126,-5.3526142851899126,0,-1.2337002513595223,0,-6.5863145365494349,0,-2.5863145365494349,0,-2.5863145365494349,0,0
front,0,1,0,1,4.7236655274101471,-4.7236655274101471,0,0,0,-4.7236655274101471,0,-0.72366552741014711,0,-0.72366552741014711,0,0
front,0,1,1,1,4.7236655274101471,-4.7236655274101471,0,-0.28716309633808645,0,-5.0108286237482336,0,-1.0108286237482336,0,-1.0108286237482336,0,0
front,0,1,4,1,4.7236655274101471,-4.7236655274101471,0,-1.1486523853523467,0,-5.8723179127624938,0,-1.8723179127624938,0,-1.8723179127624938,0,0
front,0,1.0249999999999999,0,1,4.1686201967851142,-4.1686201967851142,0,0,0,-4.1686201967851142,0,-0.1686201967851142,0,-0.1686201967851142,0,0
front,0,1.0249999999999999,1,1,4.1686201967851142,-4.1686201967851142,0,-0.26736687070495435,0,-4.4359870674900685,0,-0.43598706749006855,0,-0.43598706749006855,0,0
front,0,1.0249999999999999,4,1,4.1686201967851142,-4.1686201967851142,0,-1.0694674828198165,0,-5.2380876796049307,0,-1.2380876796049307,0,-1.2380876796049307,0,0
front,0,1.05,0,1,3.67879441171441,-3.67879441171441,0,0,0,-3.67879441171441,0,0.32120558828558998,0,0.32120558828558998,0,0
front,0,1.05,1,1,3.67879441171441,-3.67879441171441,0,-0.24893534183931898,0,-3.927729753553729,0,0.072270246446271003,0,0.072270246446271003,0,0
front,0,1.05,4,1,3.67879441171441,-3.67879441171441,0,-0.99574136735727681,0,-4.6745357790716868,0,-0.67453577907168683,0,-0.67453577907168683,0,0
front,0,1.075,0,1,3.2465246735835089,-3.2465246735835089,0,0,0,-3.2465246735835089,0,0.75347532641649106,0,0.75347532641649106,0,0
front,0,1.075,1,1,3.2465246735835089,-3.2465246735835089,0,-0.23177443133948872,0,-3.4782991049229977,0,0.52170089507700235,0,0.52170089507700235,0,0
front,0,1.075,4,1,3.2465246735835089,-3.2465246735835089,0,-0.92709772535795398,0,-4.1736223989414629,0,-0.17362239894146292,0,-0.17362239894146292,0,0
front,0,1.1000000000000001,0,1,2.8650479686018802,-2.8650479686018802,0,0,0,-2.8650479686018802,0,1.1349520313981198,0,1.1349520313981198,0,0
front,0,1.1000000000000001,1,1,2.8650479686018802,-2.8650479686018802,0,-0.21579654630726219,0,-3.0808445149091424,0,0.91915548509085765,0,0.91915548509085765,0,0
front,0,1.1000000000000001,4,1,2.8650479686018802,-2.8650479686018802,0,-0.86318618522904789,0,-3.728234153830928,0,0.27176584616907196,0,0.27176584616907196,0,0
front,0,1.125,0,1,2.5283959580474646,-2.5283959580474646,0,0,0,-2.5283959580474646,0,1.4716040419525354,0,1.4716040419525354,0,0
front,0,1.125,1,1,2.5283959580474646,-2.5283959580474646,0,-0.20092013225536798,0,-2.7293160903028326,0,1.2706839096971674,0,1.2706839096971674,0,0
front,0,1.125,4,1,2.5283959580474646,-2.5283959580474646,0,-0.80368052902147236,0,-3.332076487068937,0,0.667923512931063,0,0.667923512931063,0,0
front,0,1.1499999999999999,0,1,2.2313016014843141,-2.2313016014843141,0,0,0,-2.2313016014843141,0,1.7686983985156859,0,1.7686983985156859,0,0
front,0,1.1499999999999999,1,1,2.2313016014843141,-2.2313016014843141,0,-0.18706925683618358,0,-2.4183708583204977,0,1.5816291416795023,0,1.5816291416795023,0,0
front,0,1.1499999999999999,4,1,2.2313016014843141,-2.2313016014843141,0,-0.74827702734473434,0,-2.9795786288290484,0,1.0204213711709516,0,1.0204213711709516,0,0
front,0,1.175,0,1,1.9691167520419333,-1.9691167520419333,0,0,0,-1.9691167520419333,0,2.0308832479580667,0,2.0308832479580667,0,0
front,0,1.175,1,1,1.9691167520419333,-1.9691167520419333,0,-0.17417322226706178,0,-2.143289974308995,0,1.856710025691005,0,1.856710025691005,0,0
front,0,1.175,4,1,1.9691167520419333,-1.9691167520419333,0,-0.69669288906824756,0,-2.6658096411101808,0,1.3341903588898192,0,1.3341903588898192,0,0
front,0,1.2,0,1,1.7377394345044574,-1.7377394345044574,0,0,0,-1.7377394345044574,0,2.2622605654955423,0,2.2622605654955423,0,0
front,0,1.2,1,1,1.7377394345044574,-1.7377394345044574,0,-0.162166204473978,0,-1.8999056389784355,0,2.1000943610215645,0,2.1000943610215645,0,0
front,0,1.2,4,1,1.7377394345044574,-1.7377394345044574,0,-0.64866481789591135,0,-2.3864042524003688,0,1.6135957475996312,0,1.6135957475996312,0,0
front,0,1.2250000000000001,0,1,1.533549668449274,-1.533549668449274,0,0,0,-1.533549668449274,0,2.466450331550726,0,2.466450331550726,0,0
front,0,1.2250000000000001,1,1,1.533549668449274,-1.533549668449274,0,-0.15098691711159185,0,-1.6845365855608658,0,2.3154634144391339,0,2.3154634144391339,0,0
front,0,1.2250000000000001,4,1,1.533549668449274,-1.533549668449274,0,-0.60394766844636738,0,-2.1374973368956414,0,1.8625026631043586,0,1.8625026631043586,0,0
front,0,1.25,0,1,1.353352832366127,-1.353352832366127,0,0,0,-1.353352832366127,0,2.6466471676338728,0,2.6466471676338728,0,0
front,0,1.25,1,1,1.353352832366127,-1.353352832366127,0,-0.14057829874486027,0,-1.4939311311109873,0,2.5060688688890127,0,2.5060688688890127,0,0
front,0,1.25,4,1,1.353352832366127,-1.353352832366127,0,-0.56231319497944066,0,-1.9156660273455677,0,2.0843339726544325,0,2.0843339726544325,0,0
front,0,1.2749999999999999,0,1,1.1943296826672047,-1.1943296826672047,0,0,0,-1.1943296826672047,0,2.8056703173327953,0,2.8056703173327953,0,0
front,0,1.2749999999999999,1,1,1.1943296826672047,-1.1943296826672047,0,-0.13088722159545263,0,-1.3252169042626574,0,2.6747830957373426,0,2.6747830957373426,0,0
front,0,1.2749999999999999,4,1,1.1943296826672047,-1.1943296826672047,0,-0.52354888638181007,0,-1.7178785690490148,0,2.2821214309509852,0,2.2821214309509852,0,0
front,0,1.3,0,1,1.0539922456186397,-1.0539922456186397,0,0,0,-1.0539922456186397,0,2.9460077543813603,0,2.9460077543813603,0,0
front,0,1.3,1,1,1.0539922456186397,-1.0539922456186397,0,-0.12186422036639777,0,-1.1758564659850375,0,2.8241435340149623,0,2.8241435340149623,0,0
front,0,1.3,4,1,1.0539922456186397,-1.0539922456186397,0,-0.48745688146559085,0,-1.5414491270842305,0,2.4585508729157697,0,2.4585508729157697,0,0
front,0,1.3250000000000002,0,1,0.93014489210663809,-0.93014489210663809,0,0,0,-0.93014489210663809,0,3.0698551078933618,0,3,0,1
front,0,1.3250000000000002,1,1,0.93014489210663809,-0.93014489210663809,0,-0.1134632397608023,0,-1.0436081318674404,0,2.9563918681325596,0,2.9563918681325596,0,0
front,0,1.3250000000000002,4,1,0.93014489210663809,-0.93014489210663809,0,-0.45385295904320933,0,-1.3839978511498474,0,2.6160021488501526,0,2.6160021488501526,0,0
front,0,1.3500000000000001,0,1,0.8208499862389822,-0.8208499862389822,0,0,0,-0.8208499862389822,0,3.179150013761018,0,3,0,1
front,0,1.3500000000000001,1,1,0.8208499862389822,-0.8208499862389822,0,-0.10564139940591588,0,-0.92649138564489808,0,3.0735086143551018,0,3,0,1
front,0,1.3500000000000001,4,1,0.8208499862389822,-0.8208499862389822,0,-0.42256559762366375,0,-1.2434155838626459,0,2.7565844161373541,0,2.7565844161373541,0,0
front,0,1.375,0,1,0.72439757034251451,-0.72439757034251451,0,0,0,-0.72439757034251451,0,3.2756024296574857,0,3,0,1
front,0,1.375,1,1,0.72439757034251451,-0.72439757034251451,0,-0.098358774982695407,0,-0.82275634532520991,0,3.1772436546747902,0,3,0,1
front,0,1.375,4,1,0.72439757034251451,-0.72439757034251451,0,-0.39343509993078163,0,-1.1178326702732961,0,2.8821673297267036,0,2.8821673297267036,0,0
front,0,1.3999999999999999,0,1,0.63927861206708025,-0.63927861206708025,0,0,0,-0.63927861206708025,0,3.3607213879329199,0,3,0,1
front,0,1.3999999999999999,1,1,0.63927861206708025,-0.63927861206708025,0,-0.091578194443671213,0,-0.73085680651075147,0,3.2691431934892483,0,3,0,1
front,0,1.3999999999999999,4,1,0.63927861206708025,-0.63927861206708025,0,-0.36631277777468518,0,-1.0055913898417654,0,2.9944086101582346,0,2.9944086101582346,0,0
front,0,1.425,0,1,0.56416139503777152,-0.56416139503777152,0,0,0,-0.56416139503777152,0,3.4358386049622283,0,3,0,1
front,0,1.425,1,1,0.56416139503777152,-0.56416139503777152,0,-0.0852650482789995,0,-0.64942644331677102,0,3.3505735566832291,0,3,0,1
front,0,1.425,4,1,0.56416139503777152,-0.56416139503777152,0,-0.34106019311599811,0,-0.90522158815376963,0,3.0947784118462303,0,3,0,1
front,0,1.4500000000000002,0,1,0.49787068367864118,-0.49787068367864118,0,0,0,-0.49787068367864118,0,3.5021293163213589,0,3,0,1
front,0,1.4500000000000002,1,1,0.49787068367864118,-0.49787068367864118,0,-0.079387112862243314,0,-0.57725779654088449,0,3.4227422034591157,0,3,0,1
front,0,1.4500000000000002,4,1,0.49787068367864118,-0.49787068367864118,0,-0.31754845144897315,0,-0.81541913512761433,0,3.1845808648723857,0,3,0,1
front,0,1.4750000000000001,0,1,0.4393693362340711,-0.4393693362340711,0,0,0,-0.4393693362340711,0,3.5606306637659291,0,3,0,1
front,0,1.4750000000000001,1,1,0.4393693362340711,-0.4393693362340711,0,-0.073914385974196806,0,-0.5132837222082679,0,3.4867162777917322,0,3,0,1
front,0,1.4750000000000001,4,1,0.4393693362340711,-0.4393693362340711,0,-0.29565754389678706,0,-0.73502688013085815,0,3.2649731198691416,0,3,0,1
front,0,1.5,0,1,0.38774207831722007,-0.38774207831722007,0,0,0,-0.38774207831722007,0,3.6122579216827799,0,3,0,1
front,0,1.5,1,1,0.38774207831722007,-0.38774207831722007,0,-0.068818933665251991,0,-0.45656101198247206,0,3.5434389880175279,0,3,0,1
front,0,1.5,4,1,0.38774207831722007,-0.38774207831722007,0,-0.27527573466100796,0,-0.66301781297822804,0,3.3369821870217722,0,3,0,1
front,0,1.5249999999999999,0,1,0.34218118311666273,-0.34218118311666273,0,0,0,-0.34218118311666273,0,3.6578188168833372,0,3,0,1
front,0,1.5249999999999999,1,1,0.34218118311666273,-0.34218118311666273,0,-0.064074747674636556,0,-0.40625593079129929,0,3.5937440692087006,0,3,0,1
front,0,1.5249999999999999,4,1,0.34218118311666273,-0.34218118311666273,0,-0.25629899069854606,0,-0.59848017381520879,0,3.4015198261847912,0,3,0,1
front,0,1.55,0,1,0.30197383422318391,-0.30197383422318391,0,0,0,-0.30197383422318391,0,3.6980261657768159,0,3,0,1
front,0,1.55,1,1,0.30197383422318391,-0.30197383422318391,0,-0.059657612678780614,0,-0.36163144690196453,0,3.6383685530980356,0,3,0,1
front,0,1.55,4,1,0.30197383422318391,-0.30197383422318391,0,-0.23863045071512246,0,-0.54060428493830637,0,3.4593957150616936,0,3,0,1
front,0,1.5750000000000002,0,1,0.26649097336355582,-0.26649097336355582,0,0,0,-0.26649097336355582,0,3.7335090266364444,0,3,0,1
front,0,1.5750000000000002,1,1,0.26649097336355582,-0.26649097336355582,0,-0.055544982691211608,0,-0.32203595605476742,0,3.6779640439452326,0,3,0,1
front,0,1.5750000000000002,4,1,0.26649097336355582,-0.26649097336355582,0,-0.22217993076484654,0,-0.48867090412840236,0,3.5113290958715977,0,3,0,1
front,0,1.6000000000000001,0,1,0.2351774585600894,-0.2351774585600894,0,0,0,-0.2351774585600894,0,3.7648225414399108,0,3,0,1
front,0,1.6000000000000001,1,1,0.2351774585600894,-0.2351774585600894,0,-0.051715865983090997,0,-0.28689332454318039,0,3.7131066754568196,0,3,0,1
front,0,1.6000000000000001,4,1,0.2351774585600894,-0.2351774585600894,0,-0.20686346393236413,0,-0.44204092249245353,0,3.5579590775075465,0,3,0,1
front,0,1.625,0,1,0.20754337873699741,-0.20754337873699741,0,0,0,-0.20754337873699741,0,3.7924566212630024,0,3,0,1
front,0,1.625,1,1,0.20754337873699741,-0.20754337873699741,0,-0.04815071793701764,0,-0.25569409667401505,0,3.7443059033259849,0,3,0,1
front,0,1.625,4,1,0.20754337873699741,-0.20754337873699741,0,-0.1926028717480705,0,-0.40014625048506791,0,3.5998537495149323,0,3,0,1
front,0,1.6499999999999999,0,1,0.18315638888734309,-0.18315638888734309,0,0,0,-0.18315638888734309,0,3.8168436111126569,0,3,0,1
front,0,1.6499999999999999,1,1,0.18315638888734309,-0.18315638888734309,0,-0.044831341287184134,0,-0.22798773017452723,0,3.7720122698254728,0,3,0,1
front,0,1.6499999999999999,4,1,0.18315638888734309,-0.18315638888734309,0,-0.17932536514873659,0,-0.36248175403607968,0,3.6375182459639204,0,3,0,1
front,0,1.675,0,1,0.16163494588165819,-0.16163494588165819,0,0,0,-0.16163494588165819,0,3.8383650541183418,0,3,0,1
front,0,1.675,1,1,0.16163494588165819,-0.16163494588165819,0,-0.041740793236705154,0,-0.20337573911836335,0,3.7966242608816367,0,3,0,1
front,0,1.675,4,1,0.16163494588165819,-0.16163494588165819,0,-0.16696317294682059,0,-0.32859811882847878,0,3.671401881171521,0,3,0,1
front,0,1.7000000000000002,0,1,0.14264233908999305,-0.14264233908999305,0,0,0,-0.14264233908999305,0,3.8573576609100071,0,3,0,1
front,0,1.7000000000000002,1,1,0.14264233908999305,-0.14264233908999305,0,-0.038863298978017741,0,-0.18150563806801079,0,3.8184943619319891,0,3,0,1
front,0,1.7000000000000002,4,1,0.14264233908999305,-0.14264233908999305,0,-0.15545319591207105,0,-0.29809553500206409,0,3.701904464997936,0,3,0,1
front,0,1.7250000000000001,0,1,0.12588142242433908,-0.12588142242433908,0,0,0,-0.12588142242433908,0,3.8741185775756608,0,3,0,1
front,0,1.7250000000000001,1,1,0.12588142242433908,-0.12588142242433908,0,-0.036184171174941465,0,-0.16206559359928055,0,3.8379344064007195,0,3,0,1
front,0,1.7250000000000001,4,1,0.12588142242433908,-0.12588142242433908,0,-0.14473668469976586,0,-0.27061810712410495,0,3.7293818928758951,0,3,0,1
front,0,1.75,0,1,0.11108996538242306,-0.11108996538242306,0,0,0,-0.11108996538242306,0,3.8889100346175769,0,3,0,1
front,0,1.75,1,1,0.11108996538242306,-0.11108996538242306,0,-0.033689734995427337,0,-0.1447797003778504,0,3.8552202996221494,0,3,0,1
front,0,1.75,4,1,0.11108996538242306,-0.11108996538242306,0,-0.13475893998170935,0,-0.2458489053641324,0,3.7541510946358674,0,3,0,1
front,0,1.7750000000000001,0,1,0.098036550358218968,-0.098036550358218968,0,0,0,-0.098036550358218968,0,3.901963449641781,0,3,0,1
front,0,1.7750000000000001,1,1,0.098036550358218968,-0.098036550358218968,0,-0.031367258312334598,0,-0.12940380867055357,0,3.8705961913294464,0,3,0,1
front,0,1.7750000000000001,4,1,0.098036550358218968,-0.098036550358218968,0,-0.12546903324933834,0,-0.22350558360755729,0,3.7764944163924428,0,3,0,1
front,0,1.8,0,1,0.086516952031206032,-0.086516952031206032,0,0,0,-0.086516952031206032,0,3.9134830479687945,0,3,0,1
front,0,1.8,1,1,0.086516952031206032,-0.086516952031206032,0,-0.02920488671597618,0,-0.11572183874718221,0,3.8842781612528179,0,3,0,1
front,0,1.8,4,1,0.086516952031206032,-0.086516952031206032,0,-0.11681954686390471,0,-0.20333649889511074,0,3.7966635011048893,0,3,0,1
front,0,1.825,0,1,0.076350942188599891,-0.076350942188599891,0,0,0,-0.076350942188599891,0,3.9236490578114003,0,3,0,1
front,0,1.825,1,1,0.076350942188599891,-0.076350942188599891,0,-0.027191583006717979,0,-0.10354252519531787,0,3.8964574748046821,0,3,0,1
front,0,1.825,4,1,0.076350942188599891,-0.076350942188599891,0,-0.10876633202687191,0,-0.18511727421547181,0,3.8148827257845284,0,3,0,1
front,0,1.8500000000000001,0,1,0.067379469990854257,-0.067379469990854257,0,0,0,-0.067379469990854257,0,3.9326205300091464,0,3,0,1
front,0,1.8500000000000001,1,1,0.067379469990854257,-0.067379469990854257,0,-0.025317070858787358,0,-0.092696540849641615,0,3.9073034591503584,0,3,0,1
front,0,1.8500000000000001,4,1,0.067379469990854257,-0.067379469990854257,0,-0.10126828343514943,0,-0.16864775342600369,0,3.8313522465739962,0,3,0,1
front,0,1.875,0,1,0.059462173564720992,-0.059462173564720992,0,0,0,-0.059462173564720992,0,3.9405378264352788,0,3,0,1
front,0,1.875,1,1,0.059462173564720992,-0.059462173564720992,0,-0.023571782367746354,0,-0.083033955932467346,0,3.9169660440675327,0,3,0,1
front,0,1.875,4,1,0.059462173564720992,-0.059462173564720992,0,-0.094287129470985415,0,-0.15374930303570641,0,3.8462506969642938,0,3,0,1
front,0,1.9000000000000001,0,1,0.052475183991814264,-0.052475183991814264,0,0,0,-0.052475183991814264,0,3.9475248160081864,0,3,0,1
front,0,1.9000000000000001,1,1,0.052475183991814264,-0.052475183991814264,0,-0.021946809213892277,0,-0.074421993205706541,0,3.9255780067942934,0,3,0,1
front,0,1.9000000000000001,4,1,0.052475183991814264,-0.052475183991814264,0,-0.08778723685556912,0,-0.14026242084738338,0,3.8597375791526165,0,3,0,1
front,0,1.925,0,1,0.046309187335332333,-0.046309187335332333,0,0,0,-0.046309187335332333,0,3.9536908126646675,0,3,0,1
front,0,1.925,1,1,0.046309187335332333,-0.046309187335332333,0,-0.020433857192320284,0,-0.066743044527652617,0,3.9332569554723475,0,3,0,1
front,0,1.925,4,1,0.046309187335332333,-0.046309187335332333,0,-0.081735428769281124,0,-0.12804461610461346,0,3.8719553838953864,0,3,0,1
front,0,1.9500000000000002,0,1,0.040867714384640846,-0.040867714384640846,0,0,0,-0.040867714384640846,0,3.9591322856153592,0,3,0,1
front,0,1.9500000000000002,1,1,0.040867714384640846,-0.040867714384640846,0,-0.019025203877556851,0,-0.059892918262197697,0,3.9401070817378021,0,3,0,1
front,0,1.9500000000000002,4,1,0.040867714384640846,-0.040867714384640846,0,-0.07610081551022739,0,-0.11696852989486824,0,3.8830314701051316,0,3,0,1
front,0,1.9750000000000001,0,1,0.036065631360157079,-0.036065631360157079,0,0,0,-0.036065631360157079,0,3.9639343686398432,0,3,0,1
front,0,1.9750000000000001,1,1,0.036065631360157079,-0.036065631360157079,0,-0.017713659206673706,0,-0.053779290566830784,0,3.9462207094331694,0,3,0,1
front,0,1.9750000000000001,4,1,0.036065631360157079,-0.036065631360157079,0,-0.070854636826694822,0,-0.10692026818685191,0,3.893079731813148,0,3,0,1
front,0,2,0,1,0.031827807965096697,-0.031827807965096697,0,0,0,-0.031827807965096697,0,3.9681721920349036,0,3,0,1
front,0,2,1,1,0.031827807965096697,-0.031827807965096697,0,-0.016492528779695453,0,-0.04832033674479215,0,3.951679663255208,0,3,0,1
front,0,2,4,1,0.031827807965096697,-0.031827807965096697,0,-0.065970115118781827,0,-0.097797923083878524,0,3.9022020769161214,0,3,0,1
front,0.80000000000000004,0.75,0,1,16.487212707001284,-16.487212707001284,0,0,0,-16.487212707001284,0,-15.68721270700124,0,-3.0000000000000027,0,1
front,0.80000000000000004,0.75,1,1,16.487212707001284,-16.487212707001284,0,-2.1929816201548178,0,-18.680194327156102,0,-17.880194327156151,0,-3.0000000000000027,0,1
front,0.80000000000000004,0.75,4,1,16.487212707001284,-16.487212707001284,0,-8.7719264806192783,0,-25.259139187620562,0,-24.459139187620547,0,-3.0000000000000027,0,1
front,0.80000000000000004,0.77500000000000002,0,1,14.549914146181989,-14.549914146181989,0,0,0,-14.549914146181989,0,-13.749914146181984,0,-3.0000000000000027,0,1
front,0.80000000000000004,0.77500000000000002,1,1,14.549914146181989,-14.549914146181989,0,-2.1335549108944516,0,-16.68346905707644,0,-15.883469057076383,0,-3.0000000000000027,0,1
front,0.80000000000000004,0.77500000000000002,4,1,14.549914146181989,-14.549914146181989,0,-8.5342196435778011,0,-23.08413378975979,0,-22.284133789759796,0,-3.0000000000000027,0,1
front,0.80000000000000004,0.80000000000000004,0,1,12.840254166877369,-12.840254166877369,0,0,0,-12.840254166877369,0,-12.040254166877373,0,-3.0000000000000027,0,1
front,0.80000000000000004,0.80000000000000004,1,1,12.840254166877369,-12.840254166877369,0,-2.0757385816486966,0,-14.915992748526065,0,-14.11599274852604,0,-3.0000000000000027,0,1
front,0.80000000000000004,0.80000000000000004,4,1,12.840254166877369,-12.840254166877369,0,-8.3029543265947865,0,-21.143208493472155,0,-20.343208493472154,0,-3.0000000000000027,0,1
front,0.80000000000000004,0.82499999999999996,0,1,11.331484530668304,-11.331484530668304,0,0,0,-11.331484530668304,0,-10.531484530668322,0,-3.0000000000000027,0,1
front,0.80000000000000004,0.82499999999999996,1,1,11.331484530668304,-11.331484530668304,0,-2.0194889933901994,0,-13.350973524058503,0,-12.55097352405854,0,-3.0000000000000027,0,1
front,0.80000000000000004,0.82499999999999996,4,1,11.331484530668304,-11.331484530668304,0,-8.0779559735607993,0,-19.409440504229103,0,-18.609440504229081,0,-3.0000000000000027,0,1
front,0.80000000000000004,0.84999999999999998,0,1,10.000000000000018,-10.000000000000018,0,0,0,-10.000000000000018,0,-9.1999999999999851,0,-3.0000000000000027,0,1
front,0.80000000000000004,0.84999999999999998,1,1,10.000000000000018,-10.000000000000018,0,-1.9647636896476897,0,-11.964763689647707,0,-11.164763689647694,0,-3.0000000000000027,0,1
front,0.80000000000000004,0.84999999999999998,4,1,10.000000000000018,-10.000000000000018,0,-7.8590547585907551,0,-17.859054758590773,0,-17.059054758590818,0,-3.0000000000000027,0,1
front,0.80000000000000004,0.875,0,1,8.8249690258459541,-8.8249690258459541,0,0,0,-8.8249690258459541,0,-8.0249690258459285,0,-3.0000000000000027,0,1
front,0.80000000000000004,0.875,1,1,8.8249690258459541,-8.8249690258459541,0,-1.9115213644604037,0,-10.736490390306358,0,-9.9364903903063073,0,-3.0000000000000027,0,1
front,0.80000000000000004,0.875,4,1,8.8249690258459541,-8.8249690258459541,0,-7.6460854578416129,0,-16.471054483687567,0,-15.671054483687552,0,-3.0000000000000027,0,1
front,0.80000000000000004,0.90000000000000002,0,1,7.7880078307140357,-7.7880078307140357,0,0,0,-7.7880078307140357,0,-6.9880078307140714,0,-3.0000000000000027,0,1
front,0.80000000000000004,0.90000000000000002,1,1,7.7880078307140357,-7.7880078307140357,0,-1.8597218312008623,0,-9.647729661914898,0,-8.8477296619149381,0,-3.0000000000000027,0,1
front,0.80000000000000004,0.90000000000000002,4,1,7.7880078307140357,-7.7880078307140357,0,-7.4388873248034466,0,-15.226895155517482,0,-14.426895155517427,0,-3.0000000000000027,0,1
front,0.80000000000000004,0.92500000000000004,0,1,6.8728927879096977,-6.8728927879096977,0,0,0,-6.8728927879096977,0,-6.0728927879096783,0,-3.0000000000000027,0,1
front,0.80000000000000004,0.92500000000000004,1,1,6.8728927879096977,-6.8728927879096977,0,-1.809325992242516,0,-8.6822187801522137,0,-7.8822187801521615,0,-3.0000000000000027,0,1
front,0.80000000000000004,0.92500000000000004,4,1,6.8728927879096977,-6.8728927879096977,0,-7.2373039689700613,0,-14.110196756879759,0,-13.310196756879721,0,-3.0000000000000027,0,1
front,0.80000000000000004,0.94999999999999996,0,1,6.0653065971263569,-6.0653065971263569,0,0,0,-6.0653065971263569,0,-5.265306597126318,0,-3.0000000000000027,0,1
front,0.80000000000000004,0.94999999999999996,1,1,6.0653065971263569,-6.0653065971263569,0,-1.760295809449361,0,-7.8256024065757179,0,-7.0256024065756817,0,-3.0000000000000027,0,1
front,0.80000000000000004,0.94999999999999996,4,1,6.0653065971263569,-6.0653065971263569,0,-7.0411832377974459,0,-13.106489834923803,0,-12.306489834923772,0,-3.0000000000000027,0,1
front,0.80000000000000004,0.97499999999999998,0,1,5.3526142851899126,-5.3526142851899126,0,0,0,-5.3526142851899126,0,-4.5526142851899376,0,-3.0000000000000027,0,1
front,0.80000000000000004,0.97499999999999998,1,1,5.3526142851899126,-5.3526142851899126,0,-1.7125942754652286,0,-7.0652085606551411,0,-6.2652085606551555,0,-3.0000000000000027,0,1
front,0.80000000000000004,0.97499999999999998,4,1,5.3526142851899126,-5.3526142851899126,0,-6.8503771018609134,0,-12.202991387050826,0,-11.402991387050809,0,-3.0000000000000027,0,1
front,0.80000000000000004,1,0,1,4.7236655274101471,-4.7236655274101471,0,0,0,-4.7236655274101471,0,-3.9236655274101917,0,-3.0000000000000027,0,1
front,0.80000000000000004,1,1,1,4.7236655274101471,-4.7236655274101471,0,-1.6661853857811186,0,-6.3898509131912657,0,-5.5898509131913077,0,-3.0000000000000027,0,1
front,0.80000000000000004,1,4,1,4.7236655274101471,-4.7236655274101471,0,-6.6647415431244754,0,-11.388407070534623,0,-10.588407070534656,0,-3.0000000000000027,0,1
front,0.80000000000000004,1.0249999999999999,0,1,4.1686201967851142,-4.1686201967851142,0,0,0,-4.1686201967851142,0,-3.3686201967850771,0,-3.0000000000000027,0,1
front,0.80000000000000004,1.0249999999999999,1,1,4.1686201967851142,-4.1686201967851142,0,-1.6210341115594531,0,-5.7896543083445673,0,-4.9896543083445266,0,-3.0000000000000027,0,1
front,0.80000000000000004,1.0249999999999999,4,1,4.1686201967851142,-4.1686201967851142,0,-6.4841364462378115,0,-10.652756643022926,0,-9.8527566430228752,0,-3.0000000000000027,0,1
front,0.80000000000000004,1.05,0,1,3.67879441171441,-3.67879441171441,0,0,0,-3.67879441171441,0,-2.8787944117144582,0,-2.8787944117144582,0,0
front,0.80000000000000004,1.05,1,1,3.67879441171441,-3.67879441171441,0,-1.577106373194737,0,-5.255900784909147,0,-4.4559007849090948,0,-3.0000000000000027,0,1
front,0.80000000000000004,1.05,4,1,3.67879441171441,-3.67879441171441,0,-6.308425492778948,0,-9.9872199044933581,0,-9.1872199044933378,0,-3.0000000000000027,0,1
front,0.80000000000000004,1.075,0,1,3.2465246735835089,-3.2465246735835089,0,0,0,-3.2465246735835089,0,-2.4465246735835278,0,-2.4465246735835278,0,0
front,0.80000000000000004,1.075,1,1,3.2465246735835089,-3.2465246735835089,0,-1.534369014590748,0,-4.780893688174257,0,-3.9808936881742252,0,-3.0000000000000027,0,1
front,0.80000000000000004,1.075,4,1,3.2465246735835089,-3.2465246735835089,0,-6.1374760583629913,0,-9.3840007319465002,0,-8.5840007319465386,0,-3.0000000000000027,0,1
front,0.80000000000000004,1.1000000000000001,0,1,2.8650479686018802,-2.8650479686018802,0,0,0,-2.8650479686018802,0,-2.0650479686018519,0,-2.0650479686018519,0,0
front,0.80000000000000004,1.1000000000000001,1,1,2.8650479686018802,-2.8650479686018802,0,-1.4927897781346884,0,-4.3578377467365685,0,-3.5578377467365696,0,-3.0000000000000027,0,1
front,0.80000000000000004,1.1000000000000001,4,1,2.8650479686018802,-2.8650479686018802,0,-5.9711591125387535,0,-8.8362070811406337,0,-8.0362070811406117,0,-3.0000000000000027,0,1
front,0.80000000000000004,1.125,0,1,2.5283959580474646,-2.5283959580474646,0,0,0,-2.5283959580474646,0,-1.7283959580474129,0,-1.7283959580474129,0,0
front,0.80000000000000004,1.125,1,1,2.5283959580474646,-2.5283959580474646,0,-1.4523372803495986,0,-3.9807332383970633,0,-3.180733238397071,0,-3.0000000000000027,0,1
front,0.80000000000000004,1.125,4,1,2.5283959580474646,-2.5283959580474646,0,-5.8093491213983945,0,-8.3377450794458596,0,-7.5377450794458234,0,-3.0000000000000027,0,1
front,0.80000000000000004,1.1499999999999999,0,1,2.2313016014843141,-2.2313016014843141,0,0,0,-2.2313016014843141,0,-1.4313016014843027,0,-1.4313016014843027,0,0
front,0.80000000000000004,1.1499999999999999,1,1,2.2313016014843141,-2.2313016014843141,0,-1.4129809882064697,0,-3.6442825896907838,0,-2.8442825896908275,0,-2.8442825896908275,0,0
front,0.80000000000000004,1.1499999999999999,4,1,2.2313016014843141,-2.2313016014843141,0,-5.6519239528258787,0,-7.8832255543101928,0,-7.0832255543101796,0,-3.0000000000000027,0,1
front,0.80000000000000004,1.175,0,1,1.9691167520419333,-1.9691167520419333,0,0,0,-1.9691167520419333,0,-1.1691167520418988,0,-1.1691167520418988,0,0
front,0.80000000000000004,1.175,1,1,1.9691167520419333,-1.9691167520419333,0,-1.3746911960783197,0,-3.3438079481202529,0,-2.543807948120258,0,-2.543807948120258,0,0
front,0.80000000000000004,1.175,4,1,1.9691167520419333,-1.9691167520419333,0,-5.4987647843132788,0,-7.467881536355212,0,-6.6678815363552246,0,-3.0000000000000027,0,1
front,0.80000000000000004,1.2,0,1,1.7377394345044574,-1.7377394345044574,0,0,0,-1.7377394345044574,0,-0.93773943450448094,0,-0.93773943450448094,0,0
front,0.80000000000000004,1.2,1,1,1.7377394345044574,-1.7377394345044574,0,-1.3374390033187826,0,-3.0751784378232401,0,-2.2751784378232109,0,-2.2751784378232109,0,0
front,0.80000000000000004,1.2,4,1,1.7377394345044574,-1.7377394345044574,0,-5.3497560132751296,0,-7.0874954477795873,0,-6.287495447779623,0,-3.0000000000000027,0,1
front,0.80000000000000004,1.2250000000000001,0,1,1.533549668449274,-1.533549668449274,0,0,0,-1.533549668449274,0,-0.73354966844929592,0,-0.73354966844929592,0,0
front,0.80000000000000004,1.2250000000000001,1,1,1.533549668449274,-1.533549668449274,0,-1.3011962924482288,0,-2.8347459608975027,0,-2.0347459608974772,0,-2.0347459608974772,0,0
front,0.80000000000000004,1.2250000000000001,4,1,1.533549668449274,-1.533549668449274,0,-5.2047851697929168,0,-6.7383348382421904,0,-5.938334838242243,0,-3.0000000000000027,0,1
front,0.80000000000000004,1.25,0,1,1.353352832366127,-1.353352832366127,0,0,0,-1.353352832366127,0,-0.55335283236612742,0,-0.55335283236612742,0,0
front,0.80000000000000004,1.25,1,1,1.353352832366127,-1.353352832366127,0,-1.2659357079310969,0,-2.6192885402972239,0,-1.8192885402972259,0,-1.8192885402972259,0,0
front,0.80000000000000004,1.25,4,1,1.353352832366127,-1.353352832366127,0,-5.0637428317243867,0,-6.4170956640905139,0,-5.6170956640905212,0,-3.0000000000000027,0,1
front,0.80000000000000004,1.2749999999999999,0,1,1.1943296826672047,-1.1943296826672047,0,0,0,-1.1943296826672047,0,-0.39432968266717161,0,-0.39432968266717161,0,0
front,0.80000000000000004,1.2749999999999999,1,1,1.1943296826672047,-1.1943296826672047,0,-1.2316306355282447,0,-2.4259603181954494,0,-1.6259603181953963,0,-1.6259603181953963,0,0
front,0.80000000000000004,1.2749999999999999,4,1,1.1943296826672047,-1.1943296826672047,0,-4.9265225421129788,0,-6.1208522247801831,0,-5.3208522247801815,0,-3.0000000000000027,0,1
front,0.80000000000000004,1.3,0,1,1.0539922456186397,-1.0539922456186397,0,0,0,-1.0539922456186397,0,-0.25399224561861722,0,-0.25399224561861722,0,0
front,0.80000000000000004,1.3,1,1,1.0539922456186397,-1.0539922456186397,0,-1.1982551822088778,0,-2.2522474278275175,0,-1.4522474278275688,0,-1.4522474278275688,0,0
front,0.80000000000000004,1.3,4,1,1.0539922456186397,-1.0539922456186397,0,-4.7930207288355113,0,-5.8470129744541506,0,-5.0470129744542014,0,-3.0000000000000027,0,1
front,0.80000000000000004,1.3250000000000002,0,1,0.93014489210663809,-0.93014489210663809,0,0,0,-0.93014489210663809,0,-0.13014489210660951,0,-0.13014489210660951,0,0
front,0.80000000000000004,1.3250000000000002,1,1,0.93014489210663809,-0.93014489210663809,0,-1.1657841566068368,0,-2.095929048713475,0,-1.2959290487134512,0,-1.2959290487134512,0,0
front,0.80000000000000004,1.3250000000000002,4,1,0.93014489210663809,-0.93014489210663809,0,-4.6631366264273471,0,-5.5932815185339848,0,-4.7932815185339761,0,-3.0000000000000027,0,1
front,0.80000000000000004,1.3500000000000001,0,1,0.8208499862389822,-0.8208499862389822,0,0,0,-0.8208499862389822,0,-0.020849986238968832,0,-0.020849986238968832,0,0
front,0.80000000000000004,1.3500000000000001,1,1,0.8208499862389822,-0.8208499862389822,0,-1.1341930500064388,0,-1.955043036245421,0,-1.1550430362454733,0,-1.1550430362454733,0,0
front,0.80000000000000004,1.3500000000000001,4,1,0.8208499862389822,-0.8208499862389822,0,-4.5367722000257551,0,-5.3576221862647371,0,-4.5576221862647648,0,-3.0000000000000027,0,1
front,0.80000000000000004,1.375,0,1,0.72439757034251451,-0.72439757034251451,0,0,0,-0.72439757034251451,0,0.075602429657539716,0,0.075602429657539716,0,0
front,0.80000000000000004,1.375,1,1,0.72439757034251451,-0.72439757034251451,0,-1.1034580178436515,0,-1.827855588186166,0,-1.0278555881861884,0,-1.0278555881861884,0,0
front,0.80000000000000004,1.375,4,1,0.72439757034251451,-0.72439757034251451,0,-4.413832071374606,0,-5.1382296417171203,0,-4.3382296417171506,0,-3.0000000000000027,0,1
front,0.80000000000000004,1.3999999999999999,0,1,0.63927861206708025,-0.63927861206708025,0,0,0,-0.63927861206708025,0,0.16072138793288282,0,0.16072138793288282,0,0
front,0.80000000000000004,1.3999999999999999,1,1,0.63927861206708025,-0.63927861206708025,0,-1.0735558617084879,0,-1.7128344737755681,0,-0.91283447377554783,0,-0.91283447377554783,0,0
front,0.80000000000000004,1.3999999999999999,4,1,0.63927861206708025,-0.63927861206708025,0,-4.2942234468339517,0,-4.9335020589010323,0,-4.1335020589010618,0,-3.0000000000000027,0,1
front,0.80000000000000004,1.425,0,1,0.56416139503777152,-0.56416139503777152,0,0,0,-0.56416139503777152,0,0.23583860496223519,0,0.23583860496223519,0,0
front,0.80000000000000004,1.425,1,1,0.56416139503777152,-0.56416139503777152,0,-1.044464011835156,0,-1.6086254068729275,0,-0.80862540687287598,0,-0.80862540687287598,0,0
front,0.80000000000000004,1.425,4,1,0.56416139503777152,-0.56416139503777152,0,-4.1778560473406241,0,-4.7420174423783958,0,-3.9420174423784315,0,-3.0000000000000027,0,1
front,0.80000000000000004,1.4500000000000002,0,1,0.49787068367864118,-0.49787068367864118,0,0,0,-0.49787068367864118,0,0.30212931632134232,0,0.30212931632134232,0,0
front,0.80000000000000004,1.4500000000000002,1,1,0.49787068367864118,-0.49787068367864118,0,-1.0161605100667006,0,-1.5140311937453417,0,-0.71403119374535695,0,-0.71403119374535695,0,0
front,0.80000000000000004,1.4500000000000002,4,1,0.49787068367864118,-0.49787068367864118,0,-4.0646420402668015,0,-4.562512723945443,0,-3.7625127239454548,0,-3.0000000000000027,0,1
front,0.80000000000000004,1.4750000000000001,0,1,0.4393693362340711,-0.4393693362340711,0,0,0,-0.4393693362340711,0,0.36063066376590402,0,0.36063066376590402,0,0
front,0.80000000000000004,1.4750000000000001,1,1,0.4393693362340711,-0.4393693362340711,0,-0.98862399328123662,0,-1.4279933295153078,0,-0.62799332951535281,0,-0.62799332951535281,0,0
front,0.80000000000000004,1.4750000000000001,4,1,0.4393693362340711,-0.4393693362340711,0,-3.9544959731249465,0,-4.3938653093590174,0,-3.5938653093590123,0,-3.0000000000000027,0,1
front,0.80000000000000004,1.5,0,1,0.38774207831722007,-0.38774207831722007,0,0,0,-0.38774207831722007,0,0.4122579216827571,0,0.4122579216827571,0,0
front,0.80000000000000004,1.5,1,1,0.38774207831722007,-0.38774207831722007,0,-0.96183367726737168,0,-1.3495757555845918,0,-0.54957575558456373,0,-0.54957575558456373,0,0
front,0.80000000000000004,1.5,4,1,0.38774207831722007,-0.38774207831722007,0,-3.8473347090694863,0,-4.2350767873867063,0,-3.4350767873867483,0,-3.0000000000000027,0,1
front,0.80000000000000004,1.5249999999999999,0,1,0.34218118311666273,-0.34218118311666273,0,0,0,-0.34218118311666273,0,0.45781881688333748,0,0.45781881688333748,0,0
front,0.80000000000000004,1.5249999999999999,1,1,0.34218118311666273,-0.34218118311666273,0,-0.93576934103651865,0,-1.2779505241531814,0,-0.47795052415322559,0,-0.47795052415322559,0,0
front,0.80000000000000004,1.5249999999999999,4,1,0.34218118311666273,-0.34218118311666273,0,-3.7430773641460742,0,-4.085258547262737,0,-3.2852585472626927,0,-3.0000000000000027,0,1
front,0.80000000000000004,1.55,0,1,0.30197383422318391,-0.30197383422318391,0,0,0,-0.30197383422318391,0,0.49802616577676595,0,0.49802616577676595,0,0
front,0.80000000000000004,1.55,1,1,0.30197383422318391,-0.30197383422318391,0,-0.91041131156036514,0,-1.2123851457835491,0,-0.412385145783567,0,-0.412385145783567,0,0
front,0.80000000000000004,1.55,4,1,0.30197383422318391,-0.30197383422318391,0,-3.6416452462414606,0,-3.9436190804646447,0,-3.1436190804646769,0,-3.0000000000000027,0,1
front,0.80000000000000004,1.5750000000000002,0,1,0.26649097336355582,-0.26649097336355582,0,0,0,-0.26649097336355582,0,0.53350902663640287,0,0.53350902663640287,0,0
front,0.80000000000000004,1.5750000000000002,1,1,0.26649097336355582,-0.26649097336355582,0,-0.88574044892193315,0,-1.152231422285489,0,-0.352231422285465,0,-0.352231422285465,0,0
front,0.80000000000000004,1.5750000000000002,4,1,0.26649097336355582,-0.26649097336355582,0,-3.5429617956877331,0,-3.8094527690512887,0,-3.0094527690512907,0,-3.0000000000000027,0,1
front,0.80000000000000004,1.6000000000000001,0,1,0.2351774585600894,-0.2351774585600894,0,0,0,-0.2351774585600894,0,0.56482254143985777,0,0.56482254143985777,0,0
front,0.80000000000000004,1.6000000000000001,1,1,0.2351774585600894,-0.2351774585600894,0,-0.86173813186898851,0,-1.0969155904290779,0,-0.2969155904291032,0,-0.2969155904291032,0,0
front,0.80000000000000004,1.6000000000000001,4,1,0.2351774585600894,-0.2351774585600894,0,-3.446952527475954,0,-3.6821299860360432,0,-2.8821299860360972,0,-2.8821299860360972,0,0
front,0.80000000000000004,1.625,0,1,0.20754337873699741,-0.20754337873699741,0,0,0,-0.20754337873699741,0,0.59245662126294896,0,0.59245662126294896,0,0
front,0.80000000000000004,1.625,1,1,0.20754337873699741,-0.20754337873699741,0,-0.83838624375898529,0,-1.0459296224959826,0,-0.24592962249603278,0,-0.24592962249603278,0,0
front,0.80000000000000004,1.625,4,1,0.20754337873699741,-0.20754337873699741,0,-3.3535449750359412,0,-3.5610883537729388,0,-2.761088353772978,0,-2.761088353772978,0,0
front,0.80000000000000004,1.6499999999999999,0,1,0.18315638888734309,-0.18315638888734309,0,0,0,-0.18315638888734309,0,0.61684361111269403,0,0.61684361111269403,0,0
front,0.80000000000000004,1.6499999999999999,1,1,0.18315638888734309,-0.18315638888734309,0,-0.81566715888483232,0,-0.99882354777217541,0,-0.19882354777212008,0,-0.19882354777212008,0,0
front,0.80000000000000004,1.6499999999999999,4,1,0.18315638888734309,-0.18315638888734309,0,-3.2626686355393293,0,-3.4458250244266724,0,-2.6458250244266734,0,-2.6458250244266734,0,0
front,0.80000000000000004,1.675,0,1,0.16163494588165819,-0.16163494588165819,0,0,0,-0.16163494588165819,0,0.63836505411829503,0,0.63836505411829503,0,0
front,0.80000000000000004,1.675,1,1,0.16163494588165819,-0.16163494588165819,0,-0.79356372917124363,0,-0.95519867505290179,0,-0.15519867505286999,0,-0.15519867505286999,0,0
front,0.80000000000000004,1.675,4,1,0.16163494588165819,-0.16163494588165819,0,-3.1742549166849745,0,-3.3358898625666327,0,-2.5358898625665871,0,-2.5358898625665871,0,0
front,0.80000000000000004,1.7000000000000002,0,1,0.14264233908999305,-0.14264233908999305,0,0,0,-0.14264233908999305,0,0.65735766091001846,0,0.65735766091001846,0,0
front,0.80000000000000004,1.7000000000000002,1,1,0.14264233908999305,-0.14264233908999305,0,-0.77205927123160001,0,-0.91470161032159303,0,-0.11470161032156589,0,-0.11470161032156589,0,0
front,0.80000000000000004,1.7000000000000002,4,1,0.14264233908999305,-0.14264233908999305,0,-3.0882370849264,0,-3.2308794240163929,0,-2.43087942401643,0,-2.43087942401643,0,0
front,0.80000000000000004,1.7250000000000001,0,1,0.12588142242433908,-0.12588142242433908,0,0,0,-0.12588142242433908,0,0.67411857757571081,0,0.67411857757571081,0,0
front,0.80000000000000004,1.7250000000000001,1,1,0.12588142242433908,-0.12588142242433908,0,-0.75113755377551983,0,-0.87701897619985891,0,-0.077018976199827449,0,-0.077018976199827449,0,0
front,0.80000000000000004,1.7250000000000001,4,1,0.12588142242433908,-0.12588142242433908,0,-3.0045502151020793,0,-3.1304316375264185,0,-2.3304316375264422,0,-2.3304316375264422,0,0
front,0.80000000000000004,1.75,0,1,0.11108996538242306,-0.11108996538242306,0,0,0,-0.11108996538242306,0,0.68891003461757361,0,0.68891003461757361,0,0
front,0.80000000000000004,1.75,1,1,0.11108996538242306,-0.11108996538242306,0,-0.73078278535771213,0,-0.84187275074013523,0,-0.04187275074019059,0,-0.04187275074019059,0,0
front,0.80000000000000004,1.75,4,1,0.11108996538242306,-0.11108996538242306,0,-2.9231311414308485,0,-3.0342211068132716,0,-2.2342211068132611,0,-2.2342211068132611,0,0
front,0.80000000000000004,1.7750000000000001,0,1,0.098036550358218968,-0.098036550358218968,0,0,0,-0.098036550358218968,0,0.70196344964179591,0,0.70196344964179591,0,0
front,0.80000000000000004,1.7750000000000001,1,1,0.098036550358218968,-0.098036550358218968,0,-0.71097960245877545,0,-0.80901615281699446,0,-0.0090161528170096261,0,-0.0090161528170096261,0,0
front,0.80000000000000004,1.7750000000000001,4,1,0.098036550358218968,-0.098036550358218968,0,-2.8439184098351018,0,-2.9419549601933208,0,-2.1419549601933152,0,-2.1419549601933152,0,0
front,0.80000000000000004,1.8,0,1,0.086516952031206032,-0.086516952031206032,0,0,0,-0.086516952031206032,0,0.71348304796881035,0,0.71348304796881035,0,0
front,0.80000000000000004,1.8,1,1,0.086516952031206032,-0.086516952031206032,0,-0.69171305788901716,0,-0.77823000992022318,0,0.021769990079745227,0,0.021769990079745227,0,0
front,0.80000000000000004,1.8,4,1,0.086516952031206032,-0.086516952031206032,0,-2.7668522315560686,0,-2.8533691835872745,0,-2.0533691835872281,0,-2.0533691835872281,0,0
front,0.80000000000000004,1.825,0,1,0.076350942188599891,-0.076350942188599891,0,0,0,-0.076350942188599891,0,0.7236490578114152,0,0.7236490578114152,0,0
front,0.80000000000000004,1.825,1,1,0.076350942188599891,-0.076350942188599891,0,-0.67296860950651438,0,-0.74931955169511433,0,0.050680448304918357,0,0.050680448304918357,0,0
front,0.80000000000000004,1.825,4,1,0.076350942188599891,-0.076350942188599891,0,-2.691874438026058,0,-2.7682253802146577,0,-1.9682253802146832,0,-1.9682253802146832,0,0
front,0.80000000000000004,1.8500000000000001,0,1,0.067379469990854257,-0.067379469990854257,0,0,0,-0.067379469990854257,0,0.73262053000910932,0,0.73262053000910932,0,0
front,0.80000000000000004,1.8500000000000001,1,1,0.067379469990854257,-0.067379469990854257,0,-0.65473210924087244,0,-0.72211157923172675,0,0.077888420768279509,0,0.077888420768279509,0,0
front,0.80000000000000004,1.8500000000000001,4,1,0.067379469990854257,-0.067379469990854257,0,-2.6189284369634902,0,-2.6863079069543443,0,-1.8863079069543209,0,-1.8863079069543209,0,0
front,0.80000000000000004,1.875,0,1,0.059462173564720992,-0.059462173564720992,0,0,0,-0.059462173564720992,0,0.74053782643523913,0,0.74053782643523913,0,0
front,0.80000000000000004,1.875,1,1,0.059462173564720992,-0.059462173564720992,0,-0.63698979241446141,0,-0.69645196597918235,0,0.10354803402079504,0,0.10354803402079504,0,0
front,0.80000000000000004,1.875,4,1,0.059462173564720992,-0.059462173564720992,0,-2.5479591696578456,0,-2.6074213432225668,0,-1.8074213432225372,0,-1.8074213432225372,0,0
front,0.80000000000000004,1.9000000000000001,0,1,0.052475183991814264,-0.052475183991814264,0,0,0,-0.052475183991814264,0,0.74752481600814935,0,0.74752481600814935,0,0
front,0.80000000000000004,1.9000000000000001,1,1,0.052475183991814264,-0.052475183991814264,0,-0.61972826735299635,0,-0.67220345134481063,0,0.12779654865513468,0,0.12779654865513468,0,0
front,0.80000000000000004,1.9000000000000001,4,1,0.052475183991814264,-0.052475183991814264,0,-2.4789130694119854,0,-2.5313882534037995,0,-1.7313882534037983,0,-1.7313882534037983,0,0
front,0.80000000000000004,1.925,0,1,0.046309187335332333,-0.046309187335332333,0,0,0,-0.046309187335332333,0,0.75369081266463134,0,0.75369081266463134,0,0
front,0.80000000000000004,1.925,1,1,0.046309187335332333,-0.046309187335332333,0,-0.60293450527768022,0,-0.64924369261301251,0,0.15075630738703438,0,0.15075630738703438,0,0
front,0.80000000000000004,1.925,4,1,0.046309187335332333,-0.046309187335332333,0,-2.4117380211107209,0,-2.4580472084460534,0,-1.6580472084460895,0,-1.6580472084460895,0,0
front,0.80000000000000004,1.9500000000000002,0,1,0.040867714384640846,-0.040867714384640846,0,0,0,-0.040867714384640846,0,0.75913228561530488,0,0.75913228561530488,0,0
front,0.80000000000000004,1.9500000000000002,1,1,0.040867714384640846,-0.040867714384640846,0,-0.58659583047125419,0,-0.62746354485589506,0,0.17253645514414551,0,0.17253645514414551,0,0
front,0.80000000000000004,1.9500000000000002,4,1,0.040867714384640846,-0.040867714384640846,0,-2.3463833218850167,0,-2.3872510362696575,0,-1.5872510362696657,0,-1.5872510362696657,0,0
front,0.80000000000000004,1.9750000000000001,0,1,0.036065631360157079,-0.036065631360157079,0,0,0,-0.036065631360157079,0,0.76393436863986253,0,0.76393436863986253,0,0
front,0.80000000000000004,1.9750000000000001,1,1,0.036065631360157079,-0.036065631360157079,0,-0.57069991071051251,0,-0.60676554207066957,0,0.19323445792929217,0,0.19323445792929217,0,0
front,0.80000000000000004,1.9750000000000001,4,1,0.036065631360157079,-0.036065631360157079,0,-2.2827996428420501,0,-2.3188652742022073,0,-1.5188652742021969,0,-1.5188652742021969,0,0
front,0.80000000000000004,2,0,1,0.031827807965096697,-0.031827807965096697,0,0,0,-0.031827807965096697,0,0.7681721920349549,0,0.7681721920349549,0,0
front,0.80000000000000004,2,1,1,0.031827807965096697,-0.031827807965096697,0,-0.55523474795811523,0,-0.58706255592321188,0,0.21293744407679949,0,0.21293744407679949,0,0
front,0.80000000000000004,2,4,1,0.031827807965096697,-0.031827807965096697,0,-2.2209389918324609,0,-2.2527667997975578,0,-1.4527667997975557,0,-1.4527667997975557,0,0
rear,0,0.75,0,1,16.487212707001284,16.487212707001284,0,0,0,16.487212707001284,0,20.487212707001284,0,3,0,1
rear,0,0.75,1,1,16.487212707001284,16.487212707001284,0,0,0,16.487212707001284,0,20.487212707001284,0,3,0,1
rear,0,0.75,4,1,16.487212707001284,16.487212707001284,0,0,0,16.487212707001284,0,20.487212707001284,0,3,0,1
rear,0,0.77500000000000002,0,1,14.549914146181989,14.549914146181989,0,0,0,14.549914146181989,0,18.54991414618199,0,3,0,1
rear,0,0.77500000000000002,1,1,14.549914146181989,14.549914146181989,0,0,0,14.549914146181989,0,18.54991414618199,0,3,0,1
rear,0,0.77500000000000002,4,1,14.549914146181989,14.549914146181989,0,0,0,14.549914146181989,0,18.54991414618199,0,3,0,1
rear,0,0.80000000000000004,0,1,12.840254166877369,12.840254166877369,0,0,0,12.840254166877369,0,16.840254166877369,0,3,0,1
rear,0,0.80000000000000004,1,1,12.840254166877369,12.840254166877369,0,0,0,12.840254166877369,0,16.840254166877369,0,3,0,1
rear,0,0.80000000000000004,4,1,12.840254166877369,12.840254166877369,0,0,0,12.840254166877369,0,16.840254166877369,0,3,0,1
rear,0,0.82499999999999996,0,1,11.331484530668304,11.331484530668304,0,0,0,11.331484530668304,0,15.331484530668304,0,3,0,1
rear,0,0.82499999999999996,1,1,11.331484530668304,11.331484530668304,0,0,0,11.331484530668304,0,15.331484530668304,0,3,0,1
rear,0,0.82499999999999996,4,1,11.331484530668304,11.331484530668304,0,0,0,11.331484530668304,0,15.331484530668304,0,3,0,1
rear,0,0.84999999999999998,0,1,10.000000000000018,10.000000000000018,0,0,0,10.000000000000018,0,14.000000000000018,0,3,0,1
rear,0,0.84999999999999998,1,1,10.000000000000018,10.000000000000018,0,0,0,10.000000000000018,0,14.000000000000018,0,3,0,1
rear,0,0.84999999999999998,4,1,10.000000000000018,10.000000000000018,0,0,0,10.000000000000018,0,14.000000000000018,0,3,0,1
rear,0,0.875,0,1,8.8249690258459541,8.8249690258459541,0,0,0,8.8249690258459541,0,12.824969025845954,0,3,0,1
rear,0,0.875,1,1,8.8249690258459541,8.8249690258459541,0,0,0,8.8249690258459541,0,12.824969025845954,0,3,0,1
rear,0,0.875,4,1,8.8249690258459541,8.8249690258459541,0,0,0,8.8249690258459541,0,12.824969025845954,0,3,0,1
rear,0,0.90000000000000002,0,1,7.7880078307140357,7.7880078307140357,0,0,0,7.7880078307140357,0,11.788007830714037,0,2.9999999999999996,0,1
rear,0,0.90000000000000002,1,1,7.7880078307140357,7.7880078307140357,0,0,0,7.7880078307140357,0,11.788007830714037,0,2.9999999999999996,0,1
rear,0,0.90000000000000002,4,1,7.7880078307140357,7.7880078307140357,0,0,0,7.7880078307140357,0,11.788007830714037,0,2.9999999999999996,0,1
rear,0,0.92500000000000004,0,1,6.8728927879096977,6.8728927879096977,0,0,0,6.8728927879096977,0,10.872892787909699,0,3,0,1
rear,0,0.92500000000000004,1,1,6.8728927879096977,6.8728927879096977,0,0,0,6.8728927879096977,0,10.872892787909699,0,3,0,1
rear,0,0.92500000000000004,4,1,6.8728927879096977,6.8728927879096977,0,0,0,6.8728927879096977,0,10.872892787909699,0,3,0,1
rear,0,0.94999999999999996,0,1,6.0653065971263569,6.0653065971263569,0,0,0,6.0653065971263569,0,10.065306597126357,0,3,0,1
rear,0,0.94999999999999996,1,1,6.0653065971263569,6.0653065971263569,0,0,0,6.0653065971263569,0,10.065306597126357,0,3,0,1
rear,0,0.94999999999999996,4,1,6.0653065971263569,6.0653065971263569,0,0,0,6.0653065971263569,0,10.065306597126357,0,3,0,1
rear,0,0.97499999999999998,0,1,5.3526142851899126,5.3526142851899126,0,0,0,5.3526142851899126,0,9.3526142851899117,0,3,0,1
rear,0,0.97499999999999998,1,1,5.3526142851899126,5.3526142851899126,0,0,0,5.3526142851899126,0,9.3526142851899117,0,3,0,1
rear,0,0.97499999999999998,4,1,5.3526142851899126,5.3526142851899126,0,0,0,5.3526142851899126,0,9.3526142851899117,0,3,0,1
rear,0,1,0,1,4.7236655274101471,4.7236655274101471,0,0,0,4.7236655274101471,0,8.723665527410148,0,3,0,1
rear,0,1,1,1,4.7236655274101471,4.7236655274101471,0,0,0,4.7236655274101471,0,8.723665527410148,0,3,0,1
rear,0,1,4,1,4.7236655274101471,4.7236655274101471,0,0,0,4.7236655274101471,0,8.723665527410148,0,3,0,1
rear,0,1.0249999999999999,0,1,4.1686201967850769,4.1686201967850769,0,0,0,4.1686201967850769,0,8.1686201967850778,0,3,0,1
rear,0,1.0249999999999999,1,1,4.1686201967850769,4.1686201967850769,0,0,0,4.1686201967850769,0,8.1686201967850778,0,3,0,1
rear,0,1.0249999999999999,4,1,4.1686201967850769,4.1686201967850769,0,0,0,4.1686201967850769,0,8.1686201967850778,0,3,0,1
rear,0,1.05,0,1,3.67879441171441,3.67879441171441,0,0,0,3.67879441171441,0,7.67879441171441,0,3,0,1
rear,0,1.05,1,1,3.67879441171441,3.67879441171441,0,0,0,3.67879441171441,0,7.67879441171441,0,3,0,1
rear,0,1.05,4,1,3.67879441171441,3.67879441171441,0,0,0,3.67879441171441,0,7.67879441171441,0,3,0,1
rear,0,1.075,0,1,3.2465246735835089,3.2465246735835089,0,0,0,3.2465246735835089,0,7.2465246735835089,0,3,0,1
rear,0,1.075,1,1,3.2465246735835089,3.2465246735835089,0,0,0,3.2465246735835089,0,7.2465246735835089,0,3,0,1
rear,0,1.075,4,1,3.2465246735835089,3.2465246735835089,0,0,0,3.2465246735835089,0,7.2465246735835089,0,3,0,1
rear,0,1.1000000000000001,0,1,2.8650479686019059,2.8650479686019059,0,0,0,2.8650479686019059,0,6.8650479686019059,0,3,0,1
rear,0,1.1000000000000001,1,1,2.8650479686019059,2.8650479686019059,0,0,0,2.8650479686019059,0,6.8650479686019059,0,3,0,1
rear,0,1.1000000000000001,4,1,2.8650479686019059,2.8650479686019059,0,0,0,2.8650479686019059,0,6.8650479686019059,0,3,0,1
rear,0,1.125,0,1,2.5283959580474646,2.5283959580474646,0,0,0,2.5283959580474646,0,6.5283959580474651,0,3,0,1
rear,0,1.125,1,1,2.5283959580474646,2.5283959580474646,0,0,0,2.5283959580474646,0,6.5283959580474651,0,3,0,1
rear,0,1.125,4,1,2.5283959580474646,2.5283959580474646,0,0,0,2.5283959580474646,0,6.5283959580474651,0,3,0,1
rear,0,1.1499999999999999,0,1,2.2313016014842941,2.2313016014842941,0,0,0,2.2313016014842941,0,6.2313016014842937,0,3,0,1
rear,0,1.1499999999999999,1,1,2.2313016014842941,2.2313016014842941,0,0,0,2.2313016014842941,0,6.2313016014842937,0,3,0,1
rear,0,1.1499999999999999,4,1,2.2313016014842941,2.2313016014842941,0,0,0,2.2313016014842941,0,6.2313016014842937,0,3,0,1
rear,0,1.175,0,1,1.9691167520419333,1.9691167520419333,0,0,0,1.9691167520419333,0,5.9691167520419333,0,3,0,1
rear,0,1.175,1,1,1.9691167520419333,1.9691167520419333,0,0,0,1.9691167520419333,0,5.9691167520419333,0,3,0,1
rear,0,1.175,4,1,1.9691167520419333,1.9691167520419333,0,0,0,1.9691167520419333,0,5.9691167520419333,0,3,0,1
rear,0,1.2,0,1,1.7377394345044574,1.7377394345044574,0,0,0,1.7377394345044574,0,5.7377394345044577,0,2.9999999999999996,0,1
rear,0,1.2,1,1,1.7377394345044574,1.7377394345044574,0,0,0,1.7377394345044574,0,5.7377394345044577,0,2.9999999999999996,0,1
rear,0,1.2,4,1,1.7377394345044574,1.7377394345044574,0,0,0,1.7377394345044574,0,5.7377394345044577,0,2.9999999999999996,0,1
rear,0,1.2250000000000001,0,1,1.5335496684492875,1.5335496684492875,0,0,0,1.5335496684492875,0,5.5335496684492878,0,2.9999999999999996,0,1
rear,0,1.2250000000000001,1,1,1.5335496684492875,1.5335496684492875,0,0,0,1.5335496684492875,0,5.5335496684492878,0,2.9999999999999996,0,1
rear,0,1.2250000000000001,4,1,1.5335496684492875,1.5335496684492875,0,0,0,1.5335496684492875,0,5.5335496684492878,0,2.9999999999999996,0,1
rear,0,1.25,0,1,1.353352832366127,1.353352832366127,0,0,0,1.353352832366127,0,5.3533528323661272,0,2.9999999999999996,0,1
rear,0,1.25,1,1,1.353352832366127,1.353352832366127,0,0,0,1.353352832366127,0,5.3533528323661272,0,2.9999999999999996,0,1
rear,0,1.25,4,1,1.353352832366127,1.353352832366127,0,0,0,1.353352832366127,0,5.3533528323661272,0,2.9999999999999996,0,1
rear,0,1.2749999999999999,0,1,1.1943296826671941,1.1943296826671941,0,0,0,1.1943296826671941,0,5.1943296826671936,0,3,0,1
rear,0,1.2749999999999999,1,1,1.1943296826671941,1.1943296826671941,0,0,0,1.1943296826671941,0,5.1943296826671936,0,3,0,1
rear,0,1.2749999999999999,4,1,1.1943296826671941,1.1943296826671941,0,0,0,1.1943296826671941,0,5.1943296826671936,0,3,0,1
rear,0,1.3,0,1,1.0539922456186397,1.0539922456186397,0,0,0,1.0539922456186397,0,5.0539922456186392,0,3,0,1
rear,0,1.3,1,1,1.0539922456186397,1.0539922456186397,0,0,0,1.0539922456186397,0,5.0539922456186392,0,3,0,1
rear,0,1.3,4,1,1.0539922456186397,1.0539922456186397,0,0,0,1.0539922456186397,0,5.0539922456186392,0,3,0,1
rear,0,1.3250000000000002,0,1,0.93014489210663809,0.93014489210663809,0,0,0,0.93014489210663809,0,4.9301448921066378,0,3,0,1
rear,0,1.3250000000000002,1,1,0.93014489210663809,0.93014489210663809,0,0,0,0.93014489210663809,0,4.9301448921066378,0,3,0,1
rear,0,1.3250000000000002,4,1,0.93014489210663809,0.93014489210663809,0,0,0,0.93014489210663809,0,4.9301448921066378,0,3,0,1
rear,0,1.3500000000000001,0,1,0.82084998623898942,0.82084998623898942,0,0,0,0.82084998623898942,0,4.8208499862389891,0,3,0,1
rear,0,1.3500000000000001,1,1,0.82084998623898942,0.82084998623898942,0,0,0,0.82084998623898942,0,4.8208499862389891,0,3,0,1
rear,0,1.3500000000000001,4,1,0.82084998623898942,0.82084998623898942,0,0,0,0.82084998623898942,0,4.8208499862389891,0,3,0,1
rear,0,1.375,0,1,0.72439757034251451,0.72439757034251451,0,0,0,0.72439757034251451,0,4.7243975703425143,0,3,0,1
rear,0,1.375,1,1,0.72439757034251451,0.72439757034251451,0,0,0,0.72439757034251451,0,4.7243975703425143,0,3,0,1
rear,0,1.375,4,1,0.72439757034251451,0.72439757034251451,0,0,0,0.72439757034251451,0,4.7243975703425143,0,3,0,1
rear,0,1.3999999999999999,0,1,0.63927861206707459,0.63927861206707459,0,0,0,0.63927861206707459,0,4.6392786120670744,0,3,0,1
rear,0,1.3999999999999999,1,1,0.63927861206707459,0.63927861206707459,0,0,0,0.63927861206707459,0,4.6392786120670744,0,3,0,1
rear,0,1.3999999999999999,4,1,0.63927861206707459,0.63927861206707459,0,0,0,0.63927861206707459,0,4.6392786120670744,0,3,0,1
rear,0,1.425,0,1,0.56416139503777152,0.56416139503777152,0,0,0,0.56416139503777152,0,4.5641613950377717,0,3,0,1
rear,0,1.425,1,1,0.56416139503777152,0.56416139503777152,0,0,0,0.56416139503777152,0,4.5641613950377717,0,3,0,1
rear,0,1.425,4,1,0.56416139503777152,0.56416139503777152,0,0,0,0.56416139503777152,0,4.5641613950377717,0,3,0,1
rear,0,1.4500000000000002,0,1,0.49787068367864118,0.49787068367864118,0,0,0,0.49787068367864118,0,4.4978706836786415,0,3,0,1
rear,0,1.4500000000000002,1,1,0.49787068367864118,0.49787068367864118,0,0,0,0.49787068367864118,0,4.4978706836786415,0,3,0,1
rear,0,1.4500000000000002,4,1,0.49787068367864118,0.49787068367864118,0,0,0,0.49787068367864118,0,4.4978706836786415,0,3,0,1
rear,0,1.4750000000000001,0,1,0.43936933623407498,0.43936933623407498,0,0,0,0.43936933623407498,0,4.4393693362340754,0,3,0,1
rear,0,1.4750000000000001,1,1,0.43936933623407498,0.43936933623407498,0,0,0,0.43936933623407498,0,4.4393693362340754,0,3,0,1
rear,0,1.4750000000000001,4,1,0.43936933623407498,0.43936933623407498,0,0,0,0.43936933623407498,0,4.4393693362340754,0,3,0,1
rear,0,1.5,0,1,0.38774207831722007,0.38774207831722007,0,0,0,0.38774207831722007,0,4.3877420783172205,0,3,0,1
rear,0,1.5,1,1,0.38774207831722007,0.38774207831722007,0,0,0,0.38774207831722007,0,4.3877420783172205,0,3,0,1
rear,0,1.5,4,1,0.38774207831722007,0.38774207831722007,0,0,0,0.38774207831722007,0,4.3877420783172205,0,3,0,1
rear,0,1.5249999999999999,0,1,0.34218118311665979,0.34218118311665979,0,0,0,0.34218118311665979,0,4.3421811831166597,0,3,0,1
rear,0,1.5249999999999999,1,1,0.34218118311665979,0.34218118311665979,0,0,0,0.34218118311665979,0,4.3421811831166597,0,3,0,1
rear,0,1.5249999999999999,4,1,0.34218118311665979,0.34218118311665979,0,0,0,0.34218118311665979,0,4.3421811831166597,0,3,0,1
rear,0,1.55,0,1,0.30197383422318391,0.30197383422318391,0,0,0,0.30197383422318391,0,4.3019738342231841,0,3,0,1
rear,0,1.55,1,1,0.30197383422318391,0.30197383422318391,0,0,0,0.30197383422318391,0,4.3019738342231841,0,3,0,1
rear,0,1.55,4,1,0.30197383422318391,0.30197383422318391,0,0,0,0.30197383422318391,0,4.3019738342231841,0,3,0,1
rear,0,1.5750000000000002,0,1,0.26649097336355582,0.26649097336355582,0,0,0,0.26649097336355582,0,4.2664909733635561,0,3,0,1
rear,0,1.5750000000000002,1,1,0.26649097336355582,0.26649097336355582,0,0,0,0.26649097336355582,0,4.2664909733635561,0,3,0,1
rear,0,1.5750000000000002,4,1,0.26649097336355582,0.26649097336355582,0,0,0,0.26649097336355582,0,4.2664909733635561,0,3,0,1
rear,0,1.6000000000000001,0,1,0.23517745856009148,0.23517745856009148,0,0,0,0.23517745856009148,0,4.2351774585600914,0,3,0,1
rear,0,1.6000000000000001,1,1,0.23517745856009148,0.23517745856009148,0,0,0,0.23517745856009148,0,4.2351774585600914,0,3,0,1
rear,0,1.6000000000000001,4,1,0.23517745856009148,0.23517745856009148,0,0,0,0.23517745856009148,0,4.2351774585600914,0,3,0,1
rear,0,1.625,0,1,0.20754337873699741,0.20754337873699741,0,0,0,0.20754337873699741,0,4.2075433787369976,0,3,0,1
rear,0,1.625,1,1,0.20754337873699741,0.20754337873699741,0,0,0,0.20754337873699741,0,4.2075433787369976,0,3,0,1
rear,0,1.625,4,1,0.20754337873699741,0.20754337873699741,0,0,0,0.20754337873699741,0,4.2075433787369976,0,3,0,1
rear,0,1.6499999999999999,0,1,0.18315638888734148,0.18315638888734148,0,0,0,0.18315638888734148,0,4.1831563888873413,0,3,0,1
rear,0,1.6499999999999999,1,1,0.18315638888734148,0.18315638888734148,0,0,0,0.18315638888734148,0,4.1831563888873413,0,3,0,1
rear,0,1.6499999999999999,4,1,0.18315638888734148,0.18315638888734148,0,0,0,0.18315638888734148,0,4.1831563888873413,0,3,0,1
rear,0,1.675,0,1,0.16163494588165819,0.16163494588165819,0,0,0,0.16163494588165819,0,4.1616349458816586,0,3,0,1
rear,0,1.675,1,1,0.16163494588165819,0.16163494588165819,0,0,0,0.16163494588165819,0,4.1616349458816586,0,3,0,1
rear,0,1.675,4,1,0.16163494588165819,0.16163494588165819,0,0,0,0.16163494588165819,0,4.1616349458816586,0,3,0,1
rear,0,1.7000000000000002,0,1,0.14264233908999305,0.14264233908999305,0,0,0,0.14264233908999305,0,4.1426423390899929,0,3,0,1
rear,0,1.7000000000000002,1,1,0.14264233908999305,0.14264233908999305,0,0,0,0.14264233908999305,0,4.1426423390899929,0,3,0,1
rear,0,1.7000000000000002,4,1,0.14264233908999305,0.14264233908999305,0,0,0,0.14264233908999305,0,4.1426423390899929,0,3,0,1
rear,0,1.7250000000000001,0,1,0.12588142242434019,0.12588142242434019,0,0,0,0.12588142242434019,0,4.1258814224243405,0,3,0,1
rear,0,1.7250000000000001,1,1,0.12588142242434019,0.12588142242434019,0,0,0,0.12588142242434019,0,4.1258814224243405,0,3,0,1
rear,0,1.7250000000000001,4,1,0.12588142242434019,0.12588142242434019,0,0,0,0.12588142242434019,0,4.1258814224243405,0,3,0,1
rear,0,1.75,0,1,0.11108996538242306,0.11108996538242306,0,0,0,0.11108996538242306,0,4.1110899653824227,0,3,0,1
rear,0,1.75,1,1,0.11108996538242306,0.11108996538242306,0,0,0,0.11108996538242306,0,4.1110899653824227,0,3,0,1
rear,0,1.75,4,1,0.11108996538242306,0.11108996538242306,0,0,0,0.11108996538242306,0,4.1110899653824227,0,3,0,1
rear,0,1.7750000000000001,0,1,0.098036550358218108,0.098036550358218108,0,0,0,0.098036550358218108,0,4.0980365503582181,0,3,0,1
rear,0,1.7750000000000001,1,1,0.098036550358218108,0.098036550358218108,0,0,0,0.098036550358218108,0,4.0980365503582181,0,3,0,1
rear,0,1.7750000000000001,4,1,0.098036550358218108,0.098036550358218108,0,0,0,0.098036550358218108,0,4.0980365503582181,0,3,0,1
rear,0,1.8,0,1,0.086516952031206032,0.086516952031206032,0,0,0,0.086516952031206032,0,4.0865169520312064,0,3,0,1
rear,0,1.8,1,1,0.086516952031206032,0.086516952031206032,0,0,0,0.086516952031206032,0,4.0865169520312064,0,3,0,1
rear,0,1.8,4,1,0.086516952031206032,0.086516952031206032,0,0,0,0.086516952031206032,0,4.0865169520312064,0,3,0,1
rear,0,1.825,0,1,0.076350942188599891,0.076350942188599891,0,0,0,0.076350942188599891,0,4.0763509421885997,0,3,0,1
rear,0,1.825,1,1,0.076350942188599891,0.076350942188599891,0,0,0,0.076350942188599891,0,4.0763509421885997,0,3,0,1
rear,0,1.825,4,1,0.076350942188599891,0.076350942188599891,0,0,0,0.076350942188599891,0,4.0763509421885997,0,3,0,1
rear,0,1.8500000000000001,0,1,0.067379469990854785,0.067379469990854785,0,0,0,0.067379469990854785,0,4.067379469990855,0,3,0,1
rear,0,1.8500000000000001,1,1,0.067379469990854785,0.067379469990854785,0,0,0,0.067379469990854785,0,4.067379469990855,0,3,0,1
rear,0,1.8500000000000001,4,1,0.067379469990854785,0.067379469990854785,0,0,0,0.067379469990854785,0,4.067379469990855,0,3,0,1
rear,0,1.875,0,1,0.059462173564720992,0.059462173564720992,0,0,0,0.059462173564720992,0,4.0594621735647207,0,3,0,1
rear,0,1.875,1,1,0.059462173564720992,0.059462173564720992,0,0,0,0.059462173564720992,0,4.0594621735647207,0,3,0,1
rear,0,1.875,4,1,0.059462173564720992,0.059462173564720992,0,0,0,0.059462173564720992,0,4.0594621735647207,0,3,0,1
rear,0,1.9000000000000001,0,1,0.052475183991813792,0.052475183991813792,0,0,0,0.052475183991813792,0,4.0524751839918141,0,3,0,1
rear,0,1.9000000000000001,1,1,0.052475183991813792,0.052475183991813792,0,0,0,0.052475183991813792,0,4.0524751839918141,0,3,0,1
rear,0,1.9000000000000001,4,1,0.052475183991813792,0.052475183991813792,0,0,0,0.052475183991813792,0,4.0524751839918141,0,3,0,1
rear,0,1.925,0,1,0.046309187335332333,0.046309187335332333,0,0,0,0.046309187335332333,0,4.0463091873353321,0,3,0,1
rear,0,1.925,1,1,0.046309187335332333,0.046309187335332333,0,0,0,0.046309187335332333,0,4.0463091873353321,0,3,0,1
rear,0,1.925,4,1,0.046309187335332333,0.046309187335332333,0,0,0,0.046309187335332333,0,4.0463091873353321,0,3,0,1
rear,0,1.9500000000000002,0,1,0.040867714384640846,0.040867714384640846,0,0,0,0.040867714384640846,0,4.0408677143846408,0,3,0,1
rear,0,1.9500000000000002,1,1,0.040867714384640846,0.040867714384640846,0,0,0,0.040867714384640846,0,4.0408677143846408,0,3,0,1
rear,0,1.9500000000000002,4,1,0.040867714384640846,0.040867714384640846,0,0,0,0.040867714384640846,0,4.0408677143846408,0,3,0,1
rear,0,1.9750000000000001,0,1,0.036065631360157398,0.036065631360157398,0,0,0,0.036065631360157398,0,4.0360656313601577,0,3,0,1
rear,0,1.9750000000000001,1,1,0.036065631360157398,0.036065631360157398,0,0,0,0.036065631360157398,0,4.0360656313601577,0,3,0,1
rear,0,1.9750000000000001,4,1,0.036065631360157398,0.036065631360157398,0,0,0,0.036065631360157398,0,4.0360656313601577,0,3,0,1
rear,0,2,0,1,0.031827807965096697,0.031827807965096697,0,0,0,0.031827807965096697,0,4.0318278079650964,0,3,0,1
rear,0,2,1,1,0.031827807965096697,0.031827807965096697,0,0,0,0.031827807965096697,0,4.0318278079650964,0,3,0,1
rear,0,2,4,1,0.031827807965096697,0.031827807965096697,0,0,0,0.031827807965096697,0,4.0318278079650964,0,3,0,1
rear,0.80000000000000004,0.75,0,1,16.487212707001284,16.487212707001284,0,0,0,16.487212707001284,0,17.287212707001288,0,3.0000000000000027,0,1
rear,0.80000000000000004,0.75,1,1,16.487212707001284,16.487212707001284,0,0,0,16.487212707001284,0,17.287212707001288,0,3.0000000000000027,0,1
rear,0.80000000000000004,0.75,4,1,16.487212707001284,16.487212707001284,0,0,0,16.487212707001284,0,17.287212707001288,0,3.0000000000000027,0,1
rear,0.80000000000000004,0.77500000000000002,0,1,14.549914146181989,14.549914146181989,0,0,0,14.549914146181989,0,15.34991414618203,0,3.0000000000000027,0,1
rear,0.80000000000000004,0.77500000000000002,1,1,14.549914146181989,14.549914146181989,0,0,0,14.549914146181989,0,15.34991414618203,0,3.0000000000000027,0,1
rear,0.80000000000000004,0.77500000000000002,4,1,14.549914146181989,14.549914146181989,0,0,0,14.549914146181989,0,15.34991414618203,0,3.0000000000000027,0,1
rear,0.80000000000000004,0.80000000000000004,0,1,12.840254166877369,12.840254166877369,0,0,0,12.840254166877369,0,13.640254166877419,0,3.0000000000000027,0,1
rear,0.80000000000000004,0.80000000000000004,1,1,12.840254166877369,12.840254166877369,0,0,0,12.840254166877369,0,13.640254166877419,0,3.0000000000000027,0,1
rear,0.80000000000000004,0.80000000000000004,4,1,12.840254166877369,12.840254166877369,0,0,0,12.840254166877369,0,13.640254166877419,0,3.0000000000000027,0,1
rear,0.80000000000000004,0.82499999999999996,0,1,11.331484530668304,11.331484530668304,0,0,0,11.331484530668304,0,12.131484530668256,0,3.0000000000000027,0,1
rear,0.80000000000000004,0.82499999999999996,1,1,11.331484530668304,11.331484530668304,0,0,0,11.331484530668304,0,12.131484530668256,0,3.0000000000000027,0,1
rear,0.80000000000000004,0.82499999999999996,4,1,11.331484530668304,11.331484530668304,0,0,0,11.331484530668304,0,12.131484530668256,0,3.0000000000000027,0,1
rear,0.80000000000000004,0.84999999999999998,0,1,10.000000000000018,10.000000000000018,0,0,0,10.000000000000018,0,10.800000000000031,0,3.0000000000000027,0,1
rear,0.80000000000000004,0.84999999999999998,1,1,10.000000000000018,10.000000000000018,0,0,0,10.000000000000018,0,10.800000000000031,0,3.0000000000000027,0,1
rear,0.80000000000000004,0.84999999999999998,4,1,10.000000000000018,10.000000000000018,0,0,0,10.000000000000018,0,10.800000000000031,0,3.0000000000000027,0,1
rear,0.80000000000000004,0.875,0,1,8.8249690258459541,8.8249690258459541,0,0,0,8.8249690258459541,0,9.6249690258459744,0,3.0000000000000027,0,1
rear,0.80000000000000004,0.875,1,1,8.8249690258459541,8.8249690258459541,0,0,0,8.8249690258459541,0,9.6249690258459744,0,3.0000000000000027,0,1
rear,0.80000000000000004,0.875,4,1,8.8249690258459541,8.8249690258459541,0,0,0,8.8249690258459541,0,9.6249690258459744,0,3.0000000000000027,0,1
rear,0.80000000000000004,0.90000000000000002,0,1,7.7880078307140357,7.7880078307140357,0,0,0,7.7880078307140357,0,8.5880078307140053,0,3.0000000000000027,0,1
rear,0.80000000000000004,0.90000000000000002,1,1,7.7880078307140357,7.7880078307140357,0,0,0,7.7880078307140357,0,8.5880078307140053,0,3.0000000000000027,0,1
rear,0.80000000000000004,0.90000000000000002,4,1,7.7880078307140357,7.7880078307140357,0,0,0,7.7880078307140357,0,8.5880078307140053,0,3.0000000000000027,0,1
rear,0.80000000000000004,0.92500000000000004,0,1,6.8728927879096977,6.8728927879096977,0,0,0,6.8728927879096977,0,7.6728927879097242,0,3.0000000000000027,0,1
rear,0.80000000000000004,0.92500000000000004,1,1,6.8728927879096977,6.8728927879096977,0,0,0,6.8728927879096977,0,7.6728927879097242,0,3.0000000000000027,0,1
rear,0.80000000000000004,0.92500000000000004,4,1,6.8728927879096977,6.8728927879096977,0,0,0,6.8728927879096977,0,7.6728927879097242,0,3.0000000000000027,0,1
rear,0.80000000000000004,0.94999999999999996,0,1,6.0653065971263569,6.0653065971263569,0,0,0,6.0653065971263569,0,6.8653065971263638,0,3.0000000000000027,0,1
rear,0.80000000000000004,0.94999999999999996,1,1,6.0653065971263569,6.0653065971263569,0,0,0,6.0653065971263569,0,6.8653065971263638,0,3.0000000000000027,0,1
rear,0.80000000000000004,0.94999999999999996,4,1,6.0653065971263569,6.0653065971263569,0,0,0,6.0653065971263569,0,6.8653065971263638,0,3.0000000000000027,0,1
rear,0.80000000000000004,0.97499999999999998,0,1,5.3526142851899126,5.3526142851899126,0,0,0,5.3526142851899126,0,6.1526142851898724,0,3.0000000000000027,0,1
rear,0.80000000000000004,0.97499999999999998,1,1,5.3526142851899126,5.3526142851899126,0,0,0,5.3526142851899126,0,6.1526142851898724,0,3.0000000000000027,0,1
rear,0.80000000000000004,0.97499999999999998,4,1,5.3526142851899126,5.3526142851899126,0,0,0,5.3526142851899126,0,6.1526142851898724,0,3.0000000000000027,0,1
rear,0.80000000000000004,1,0,1,4.7236655274101471,4.7236655274101471,0,0,0,4.7236655274101471,0,5.5236655274101265,0,3.0000000000000027,0,1
rear,0.80000000000000004,1,1,1,4.7236655274101471,4.7236655274101471,0,0,0,4.7236655274101471,0,5.5236655274101265,0,3.0000000000000027,0,1
rear,0.80000000000000004,1,4,1,4.7236655274101471,4.7236655274101471,0,0,0,4.7236655274101471,0,5.5236655274101265,0,3.0000000000000027,0,1
rear,0.80000000000000004,1.0249999999999999,0,1,4.1686201967850769,4.1686201967850769,0,0,0,4.1686201967850769,0,4.9686201967851229,0,3.0000000000000027,0,1
rear,0.80000000000000004,1.0249999999999999,1,1,4.1686201967850769,4.1686201967850769,0,0,0,4.1686201967850769,0,4.9686201967851229,0,3.0000000000000027,0,1
rear,0.80000000000000004,1.0249999999999999,4,1,4.1686201967850769,4.1686201967850769,0,0,0,4.1686201967850769,0,4.9686201967851229,0,3.0000000000000027,0,1
rear,0.80000000000000004,1.05,0,1,3.67879441171441,3.67879441171441,0,0,0,3.67879441171441,0,4.478794411714393,0,3.0000000000000027,0,1
rear,0.80000000000000004,1.05,1,1,3.67879441171441,3.67879441171441,0,0,0,3.67879441171441,0,4.478794411714393,0,3.0000000000000027,0,1
rear,0.80000000000000004,1.05,4,1,3.67879441171441,3.67879441171441,0,0,0,3.67879441171441,0,4.478794411714393,0,3.0000000000000027,0,1
rear,0.80000000000000004,1.075,0,1,3.2465246735835089,3.2465246735835089,0,0,0,3.2465246735835089,0,4.0465246735834626,0,3.0000000000000027,0,1
rear,0.80000000000000004,1.075,1,1,3.2465246735835089,3.2465246735835089,0,0,0,3.2465246735835089,0,4.0465246735834626,0,3.0000000000000027,0,1
rear,0.80000000000000004,1.075,4,1,3.2465246735835089,3.2465246735835089,0,0,0,3.2465246735835089,0,4.0465246735834626,0,3.0000000000000027,0,1
rear,0.80000000000000004,1.1000000000000001,0,1,2.8650479686019059,2.8650479686019059,0,0,0,2.8650479686019059,0,3.6650479686018977,0,3.0000000000000027,0,1
rear,0.80000000000000004,1.1000000000000001,1,1,2.8650479686019059,2.8650479686019059,0,0,0,2.8650479686019059,0,3.6650479686018977,0,3.0000000000000027,0,1
rear,0.80000000000000004,1.1000000000000001,4,1,2.8650479686019059,2.8650479686019059,0,0,0,2.8650479686019059,0,3.6650479686018977,0,3.0000000000000027,0,1
rear,0.80000000000000004,1.125,0,1,2.5283959580474646,2.5283959580474646,0,0,0,2.5283959580474646,0,3.3283959580474587,0,3.0000000000000027,0,1
rear,0.80000000000000004,1.125,1,1,2.5283959580474646,2.5283959580474646,0,0,0,2.5283959580474646,0,3.3283959580474587,0,3.0000000000000027,0,1
rear,0.80000000000000004,1.125,4,1,2.5283959580474646,2.5283959580474646,0,0,0,2.5283959580474646,0,3.3283959580474587,0,3.0000000000000027,0,1
rear,0.80000000000000004,1.1499999999999999,0,1,2.2313016014842941,2.2313016014842941,0,0,0,2.2313016014842941,0,3.0313016014843486,0,3.0000000000000027,0,1
rear,0.80000000000000004,1.1499999999999999,1,1,2.2313016014842941,2.2313016014842941,0,0,0,2.2313016014842941,0,3.0313016014843486,0,3.0000000000000027,0,1
rear,0.80000000000000004,1.1499999999999999,4,1,2.2313016014842941,2.2313016014842941,0,0,0,2.2313016014842941,0,3.0313016014843486,0,3.0000000000000027,0,1
rear,0.80000000000000004,1.175,0,1,1.9691167520419333,1.9691167520419333,0,0,0,1.9691167520419333,0,2.7691167520419446,0,2.7691167520419446,0,0
rear,0.80000000000000004,1.175,1,1,1.9691167520419333,1.9691167520419333,0,0,0,1.9691167520419333,0,2.7691167520419446,0,2.7691167520419446,0,0
rear,0.80000000000000004,1.175,4,1,1.9691167520419333,1.9691167520419333,0,0,0,1.9691167520419333,0,2.7691167520419446,0,2.7691167520419446,0,0
rear,0.80000000000000004,1.2,0,1,1.7377394345044574,1.7377394345044574,0,0,0,1.7377394345044574,0,2.5377394345044157,0,2.5377394345044157,0,0
rear,0.80000000000000004,1.2,1,1,1.7377394345044574,1.7377394345044574,0,0,0,1.7377394345044574,0,2.5377394345044157,0,2.5377394345044157,0,0
rear,0.80000000000000004,1.2,4,1,1.7377394345044574,1.7377394345044574,0,0,0,1.7377394345044574,0,2.5377394345044157,0,2.5377394345044157,0,0
rear,0.80000000000000004,1.2250000000000001,0,1,1.5335496684492875,1.5335496684492875,0,0,0,1.5335496684492875,0,2.3335496684493418,0,2.3335496684493418,0,0
rear,0.80000000000000004,1.2250000000000001,1,1,1.5335496684492875,1.5335496684492875,0,0,0,1.5335496684492875,0,2.3335496684493418,0,2.3335496684493418,0,0
rear,0.80000000000000004,1.2250000000000001,4,1,1.5335496684492875,1.5335496684492875,0,0,0,1.5335496684492875,0,2.3335496684493418,0,2.3335496684493418,0,0
rear,0.80000000000000004,1.25,0,1,1.353352832366127,1.353352832366127,0,0,0,1.353352832366127,0,2.1533528323661733,0,2.1533528323661733,0,0
rear,0.80000000000000004,1.25,1,1,1.353352832366127,1.353352832366127,0,0,0,1.353352832366127,0,2.1533528323661733,0,2.1533528323661733,0,0
rear,0.80000000000000004,1.25,4,1,1.353352832366127,1.353352832366127,0,0,0,1.353352832366127,0,2.1533528323661733,0,2.1533528323661733,0,0
rear,0.80000000000000004,1.2749999999999999,0,1,1.1943296826671941,1.1943296826671941,0,0,0,1.1943296826671941,0,1.9943296826672174,0,1.9943296826672174,0,0
rear,0.80000000000000004,1.2749999999999999,1,1,1.1943296826671941,1.1943296826671941,0,0,0,1.1943296826671941,0,1.9943296826672174,0,1.9943296826672174,0,0
rear,0.80000000000000004,1.2749999999999999,4,1,1.1943296826671941,1.1943296826671941,0,0,0,1.1943296826671941,0,1.9943296826672174,0,1.9943296826672174,0,0
rear,0.80000000000000004,1.3,0,1,1.0539922456186397,1.0539922456186397,0,0,0,1.0539922456186397,0,1.853992245618663,0,1.853992245618663,0,0
rear,0.80000000000000004,1.3,1,1,1.0539922456186397,1.0539922456186397,0,0,0,1.0539922456186397,0,1.853992245618663,0,1.853992245618663,0,0
rear,0.80000000000000004,1.3,4,1,1.0539922456186397,1.0539922456186397,0,0,0,1.0539922456186397,0,1.853992245618663,0,1.853992245618663,0,0
rear,0.80000000000000004,1.3250000000000002,0,1,0.93014489210663809,0.93014489210663809,0,0,0,0.93014489210663809,0,1.7301448921066553,0,1.7301448921066553,0,0
rear,0.80000000000000004,1.3250000000000002,1,1,0.93014489210663809,0.93014489210663809,0,0,0,0.93014489210663809,0,1.7301448921066553,0,1.7301448921066553,0,0
rear,0.80000000000000004,1.3250000000000002,4,1,0.93014489210663809,0.93014489210663809,0,0,0,0.93014489210663809,0,1.7301448921066553,0,1.7301448921066553,0,0
rear,0.80000000000000004,1.3500000000000001,0,1,0.82084998623898942,0.82084998623898942,0,0,0,0.82084998623898942,0,1.6208499862390147,0,1.6208499862390147,0,0
rear,0.80000000000000004,1.3500000000000001,1,1,0.82084998623898942,0.82084998623898942,0,0,0,0.82084998623898942,0,1.6208499862390147,0,1.6208499862390147,0,0
rear,0.80000000000000004,1.3500000000000001,4,1,0.82084998623898942,0.82084998623898942,0,0,0,0.82084998623898942,0,1.6208499862390147,0,1.6208499862390147,0,0
rear,0.80000000000000004,1.375,0,1,0.72439757034251451,0.72439757034251451,0,0,0,0.72439757034251451,0,1.5243975703425061,0,1.5243975703425061,0,0
rear,0.80000000000000004,1.375,1,1,0.72439757034251451,0.72439757034251451,0,0,0,0.72439757034251451,0,1.5243975703425061,0,1.5243975703425061,0,0
rear,0.80000000000000004,1.375,4,1,0.72439757034251451,0.72439757034251451,0,0,0,0.72439757034251451,0,1.5243975703425061,0,1.5243975703425061,0,0
rear,0.80000000000000004,1.3999999999999999,0,1,0.63927861206707459,0.63927861206707459,0,0,0,0.63927861206707459,0,1.439278612067052,0,1.439278612067052,0,0
rear,0.80000000000000004,1.3999999999999999,1,1,0.63927861206707459,0.63927861206707459,0,0,0,0.63927861206707459,0,1.439278612067052,0,1.439278612067052,0,0
rear,0.80000000000000004,1.3999999999999999,4,1,0.63927861206707459,0.63927861206707459,0,0,0,0.63927861206707459,0,1.439278612067052,0,1.439278612067052,0,0
rear,0.80000000000000004,1.425,0,1,0.56416139503777152,0.56416139503777152,0,0,0,0.56416139503777152,0,1.3641613950378106,0,1.3641613950378106,0,0
rear,0.80000000000000004,1.425,1,1,0.56416139503777152,0.56416139503777152,0,0,0,0.56416139503777152,0,1.3641613950378106,0,1.3641613950378106,0,0
rear,0.80000000000000004,1.425,4,1,0.56416139503777152,0.56416139503777152,0,0,0,0.56416139503777152,0,1.3641613950378106,0,1.3641613950378106,0,0
rear,0.80000000000000004,1.4500000000000002,0,1,0.49787068367864118,0.49787068367864118,0,0,0,0.49787068367864118,0,1.2978706836785925,0,1.2978706836785925,0,0
rear,0.80000000000000004,1.4500000000000002,1,1,0.49787068367864118,0.49787068367864118,0,0,0,0.49787068367864118,0,1.2978706836785925,0,1.2978706836785925,0,0
rear,0.80000000000000004,1.4500000000000002,4,1,0.49787068367864118,0.49787068367864118,0,0,0,0.49787068367864118,0,1.2978706836785925,0,1.2978706836785925,0,0
rear,0.80000000000000004,1.4750000000000001,0,1,0.43936933623407498,0.43936933623407498,0,0,0,0.43936933623407498,0,1.2393693362340308,0,1.2393693362340308,0,0
rear,0.80000000000000004,1.4750000000000001,1,1,0.43936933623407498,0.43936933623407498,0,0,0,0.43936933623407498,0,1.2393693362340308,0,1.2393693362340308,0,0
rear,0.80000000000000004,1.4750000000000001,4,1,0.43936933623407498,0.43936933623407498,0,0,0,0.43936933623407498,0,1.2393693362340308,0,1.2393693362340308,0,0
rear,0.80000000000000004,1.5,0,1,0.38774207831722007,0.38774207831722007,0,0,0,0.38774207831722007,0,1.1877420783171777,0,1.1877420783171777,0,0
rear,0.80000000000000004,1.5,1,1,0.38774207831722007,0.38774207831722007,0,0,0,0.38774207831722007,0,1.1877420783171777,0,1.1877420783171777,0,0
rear,0.80000000000000004,1.5,4,1,0.38774207831722007,0.38774207831722007,0,0,0,0.38774207831722007,0,1.1877420783171777,0,1.1877420783171777,0,0
rear,0.80000000000000004,1.5249999999999999,0,1,0.34218118311665979,0.34218118311665979,0,0,0,0.34218118311665979,0,1.1421811831167084,0,1.1421811831167084,0,0
rear,0.80000000000000004,1.5249999999999999,1,1,0.34218118311665979,0.34218118311665979,0,0,0,0.34218118311665979,0,1.1421811831167084,0,1.1421811831167084,0,0
rear,0.80000000000000004,1.5249999999999999,4,1,0.34218118311665979,0.34218118311665979,0,0,0,0.34218118311665979,0,1.1421811831167084,0,1.1421811831167084,0,0
rear,0.80000000000000004,1.55,0,1,0.30197383422318391,0.30197383422318391,0,0,0,0.30197383422318391,0,1.1019738342231689,0,1.1019738342231689,0,0
rear,0.80000000000000004,1.55,1,1,0.30197383422318391,0.30197383422318391,0,0,0,0.30197383422318391,0,1.1019738342231689,0,1.1019738342231689,0,0
rear,0.80000000000000004,1.55,4,1,0.30197383422318391,0.30197383422318391,0,0,0,0.30197383422318391,0,1.1019738342231689,0,1.1019738342231689,0,0
rear,0.80000000000000004,1.5750000000000002,0,1,0.26649097336355582,0.26649097336355582,0,0,0,0.26649097336355582,0,1.0664909733635319,0,1.0664909733635319,0,0
rear,0.80000000000000004,1.5750000000000002,1,1,0.26649097336355582,0.26649097336355582,0,0,0,0.26649097336355582,0,1.0664909733635319,0,1.0664909733635319,0,0
rear,0.80000000000000004,1.5750000000000002,4,1,0.26649097336355582,0.26649097336355582,0,0,0,0.26649097336355582,0,1.0664909733635319,0,1.0664909733635319,0,0
rear,0.80000000000000004,1.6000000000000001,0,1,0.23517745856009148,0.23517745856009148,0,0,0,0.23517745856009148,0,1.035177458560077,0,1.035177458560077,0,0
rear,0.80000000000000004,1.6000000000000001,1,1,0.23517745856009148,0.23517745856009148,0,0,0,0.23517745856009148,0,1.035177458560077,0,1.035177458560077,0,0
rear,0.80000000000000004,1.6000000000000001,4,1,0.23517745856009148,0.23517745856009148,0,0,0,0.23517745856009148,0,1.035177458560077,0,1.035177458560077,0,0
rear,0.80000000000000004,1.625,0,1,0.20754337873699741,0.20754337873699741,0,0,0,0.20754337873699741,0,1.0075433787369859,0,1.0075433787369859,0,0
rear,0.80000000000000004,1.625,1,1,0.20754337873699741,0.20754337873699741,0,0,0,0.20754337873699741,0,1.0075433787369859,0,1.0075433787369859,0,0
rear,0.80000000000000004,1.625,4,1,0.20754337873699741,0.20754337873699741,0,0,0,0.20754337873699741,0,1.0075433787369859,0,1.0075433787369859,0,0
rear,0.80000000000000004,1.6499999999999999,0,1,0.18315638888734148,0.18315638888734148,0,0,0,0.18315638888734148,0,0.9831563888873518,0,0.9831563888873518,0,0
rear,0.80000000000000004,1.6499999999999999,1,1,0.18315638888734148,0.18315638888734148,0,0,0,0.18315638888734148,0,0.9831563888873518,0,0.9831563888873518,0,0
rear,0.80000000000000004,1.6499999999999999,4,1,0.18315638888734148,0.18315638888734148,0,0,0,0.18315638888734148,0,0.9831563888873518,0,0.9831563888873518,0,0
rear,0.80000000000000004,1.675,0,1,0.16163494588165819,0.16163494588165819,0,0,0,0.16163494588165819,0,0.96163494588163978,0,0.96163494588163978,0,0
rear,0.80000000000000004,1.675,1,1,0.16163494588165819,0.16163494588165819,0,0,0,0.16163494588165819,0,0.96163494588163978,0,0.96163494588163978,0,0
rear,0.80000000000000004,1.675,4,1,0.16163494588165819,0.16163494588165819,0,0,0,0.16163494588165819,0,0.96163494588163978,0,0.96163494588163978,0,0
rear,0.80000000000000004,1.7000000000000002,0,1,0.14264233908999305,0.14264233908999305,0,0,0,0.14264233908999305,0,0.94264233909002737,0,0.94264233909002737,0,0
rear,0.80000000000000004,1.7000000000000002,1,1,0.14264233908999305,0.14264233908999305,0,0,0,0.14264233908999305,0,0.94264233909002737,0,0.94264233909002737,0,0
rear,0.80000000000000004,1.7000000000000002,4,1,0.14264233908999305,0.14264233908999305,0,0,0,0.14264233908999305,0,0.94264233909002737,0,0.94264233909002737,0,0
rear,0.80000000000000004,1.7250000000000001,0,1,0.12588142242434019,0.12588142242434019,0,0,0,0.12588142242434019,0,0.92588142242433502,0,0.92588142242433502,0,0
rear,0.80000000000000004,1.7250000000000001,1,1,0.12588142242434019,0.12588142242434019,0,0,0,0.12588142242434019,0,0.92588142242433502,0,0.92588142242433502,0,0
rear,0.80000000000000004,1.7250000000000001,4,1,0.12588142242434019,0.12588142242434019,0,0,0,0.12588142242434019,0,0.92588142242433502,0,0.92588142242433502,0,0
rear,0.80000000000000004,1.75,0,1,0.11108996538242306,0.11108996538242306,0,0,0,0.11108996538242306,0,0.91108996538247222,0,0.91108996538247222,0,0
rear,0.80000000000000004,1.75,1,1,0.11108996538242306,0.11108996538242306,0,0,0,0.11108996538242306,0,0.91108996538247222,0,0.91108996538247222,0,0
rear,0.80000000000000004,1.75,4,1,0.11108996538242306,0.11108996538242306,0,0,0,0.11108996538242306,0,0.91108996538247222,0,0.91108996538247222,0,0
rear,0.80000000000000004,1.7750000000000001,0,1,0.098036550358218108,0.098036550358218108,0,0,0,0.098036550358218108,0,0.89803655035824992,0,0.89803655035824992,0,0
rear,0.80000000000000004,1.7750000000000001,1,1,0.098036550358218108,0.098036550358218108,0,0,0,0.098036550358218108,0,0.89803655035824992,0,0.89803655035824992,0,0
rear,0.80000000000000004,1.7750000000000001,4,1,0.098036550358218108,0.098036550358218108,0,0,0,0.098036550358218108,0,0.89803655035824992,0,0.89803655035824992,0,0
rear,0.80000000000000004,1.8,0,1,0.086516952031206032,0.086516952031206032,0,0,0,0.086516952031206032,0,0.88651695203123548,0,0.88651695203123548,0,0
rear,0.80000000000000004,1.8,1,1,0.086516952031206032,0.086516952031206032,0,0,0,0.086516952031206032,0,0.88651695203123548,0,0.88651695203123548,0,0
rear,0.80000000000000004,1.8,4,1,0.086516952031206032,0.086516952031206032,0,0,0,0.086516952031206032,0,0.88651695203123548,0,0.88651695203123548,0,0
rear,0.80000000000000004,1.825,0,1,0.076350942188599891,0.076350942188599891,0,0,0,0.076350942188599891,0,0.87635094218863063,0,0.87635094218863063,0,0
rear,0.80000000000000004,1.825,1,1,0.076350942188599891,0.076350942188599891,0,0,0,0.076350942188599891,0,0.87635094218863063,0,0.87635094218863063,0,0
rear,0.80000000000000004,1.825,4,1,0.076350942188599891,0.076350942188599891,0,0,0,0.076350942188599891,0,0.87635094218863063,0,0.87635094218863063,0,0
rear,0.80000000000000004,1.8500000000000001,0,1,0.067379469990854785,0.067379469990854785,0,0,0,0.067379469990854785,0,0.86737946999082549,0,0.86737946999082549,0,0
rear,0.80000000000000004,1.8500000000000001,1,1,0.067379469990854785,0.067379469990854785,0,0,0,0.067379469990854785,0,0.86737946999082549,0,0.86737946999082549,0,0
rear,0.80000000000000004,1.8500000000000001,4,1,0.067379469990854785,0.067379469990854785,0,0,0,0.067379469990854785,0,0.86737946999082549,0,0.86737946999082549,0,0
rear,0.80000000000000004,1.875,0,1,0.059462173564720992,0.059462173564720992,0,0,0,0.059462173564720992,0,0.85946217356469568,0,0.85946217356469568,0,0
rear,0.80000000000000004,1.875,1,1,0.059462173564720992,0.059462173564720992,0,0,0,0.059462173564720992,0,0.85946217356469568,0,0.85946217356469568,0,0
rear,0.80000000000000004,1.875,4,1,0.059462173564720992,0.059462173564720992,0,0,0,0.059462173564720992,0,0.85946217356469568,0,0.85946217356469568,0,0
rear,0.80000000000000004,1.9000000000000001,0,1,0.052475183991813792,0.052475183991813792,0,0,0,0.052475183991813792,0,0.85247518399178546,0,0.85247518399178546,0,0
rear,0.80000000000000004,1.9000000000000001,1,1,0.052475183991813792,0.052475183991813792,0,0,0,0.052475183991813792,0,0.85247518399178546,0,0.85247518399178546,0,0
rear,0.80000000000000004,1.9000000000000001,4,1,0.052475183991813792,0.052475183991813792,0,0,0,0.052475183991813792,0,0.85247518399178546,0,0.85247518399178546,0,0
rear,0.80000000000000004,1.925,0,1,0.046309187335332333,0.046309187335332333,0,0,0,0.046309187335332333,0,0.84630918733530347,0,0.84630918733530347,0,0
rear,0.80000000000000004,1.925,1,1,0.046309187335332333,0.046309187335332333,0,0,0,0.046309187335332333,0,0.84630918733530347,0,0.84630918733530347,0,0
rear,0.80000000000000004,1.925,4,1,0.046309187335332333,0.046309187335332333,0,0,0,0.046309187335332333,0,0.84630918733530347,0,0.84630918733530347,0,0
rear,0.80000000000000004,1.9500000000000002,0,1,0.040867714384640846,0.040867714384640846,0,0,0,0.040867714384640846,0,0.84086771438462993,0,0.84086771438462993,0,0
rear,0.80000000000000004,1.9500000000000002,1,1,0.040867714384640846,0.040867714384640846,0,0,0,0.040867714384640846,0,0.84086771438462993,0,0.84086771438462993,0,0
rear,0.80000000000000004,1.9500000000000002,4,1,0.040867714384640846,0.040867714384640846,0,0,0,0.040867714384640846,0,0.84086771438462993,0,0.84086771438462993,0,0
rear,0.80000000000000004,1.9750000000000001,0,1,0.036065631360157398,0.036065631360157398,0,0,0,0.036065631360157398,0,0.8360656313601833,0,0.8360656313601833,0,0
rear,0.80000000000000004,1.9750000000000001,1,1,0.036065631360157398,0.036065631360157398,0,0,0,0.036065631360157398,0,0.8360656313601833,0,0.8360656313601833,0,0
rear,0.80000000000000004,1.9750000000000001,4,1,0.036065631360157398,0.036065631360157398,0,0,0,0.036065631360157398,0,0.8360656313601833,0,0.8360656313601833,0,0
rear,0.80000000000000004,2,0,1,0.031827807965096697,0.031827807965096697,0,0,0,0.031827807965096697,0,0.83182780796509093,0,0.83182780796509093,0,0
rear,0.80000000000000004,2,1,1,0.031827807965096697,0.031827807965096697,0,0,0,0.031827807965096697,0,0.83182780796509093,0,0.83182780796509093,0,0
rear,0.80000000000000004,2,4,1,0.031827807965096697,0.031827807965096697,0,0,0,0.031827807965096697,0,0.83182780796509093,0,0.83182780796509093,0,0
side,0,0.75,0,1,16.487212707001284,0,-16.487212707001284,0,0,0,-16.487212707001284,4,-16.487212707001284,0.70731780108715125,-2.9154247594930718,1
side,0,0.75,1,1,16.487212707001284,0,-16.487212707001284,0,-0.58659583047125352,0,-17.073808537472537,4,-17.073808537472537,0.68430251712642565,-2.9209125397817783,1
side,0,0.75,4,1,16.487212707001284,0,-16.487212707001284,0,-2.3463833218850141,0,-18.833596028886298,4,-18.833596028886298,0.62325735337715804,-2.9345443038845569,1
side,0,0.77500000000000002,0,1,14.549914146181989,0,-14.549914146181989,0,0,0,-14.549914146181989,4,-14.549914146181989,0.79524276958655515,-2.8926785057140907,1
side,0,0.77500000000000002,1,1,14.549914146181989,0,-14.549914146181989,0,-0.54615754448135512,0,-15.096071690663344,4,-15.096071690663344,0.76839232814057268,-2.8999264180414492,1
side,0,0.77500000000000002,4,1,14.549914146181989,0,-14.549914146181989,0,-2.1846301779254187,0,-16.734544324107407,4,-16.734544324107407,0.69743285109594733,-2.9178052399384331,1
side,0,0.80000000000000004,0,1,12.840254166877369,0,-12.840254166877369,0,0,0,-12.840254166877369,4,-12.840254166877369,0.89226821613213902,-2.8642376700407337,1
side,0,0.80000000000000004,1,1,12.840254166877369,0,-12.840254166877369,0,-0.5085069615211335,0,-13.348761128398502,4,-13.348761128398502,0.86112948492065644,-2.8737529487066706,1
side,0,0.80000000000000004,4,1,12.840254166877369,0,-12.840254166877369,0,-2.0340278460845322,0,-14.874282012961901,4,-14.874282012961901,0.77908238349830317,-2.8970727708710742,1
side,0,0.82499999999999996,0,1,11.331484530668304,0,-11.331484530668304,0,0,0,-11.331484530668304,4,-11.331484530668304,0.99860520946968601,-2.8289198708376322,1
side,0,0.82499999999999996,1,1,11.331484530668304,0,-11.331484530668304,0,-0.4734519050927144,0,-11.804936435761018,4,-11.804936435761018,0.96275658526840435,-2.8413200730509613,1
side,0,0.82499999999999996,4,1,11.331484530668304,0,-11.331484530668304,0,-1.8938076203708576,0,-13.225292151039161,4,-13.225292151039161,0.86849791700617907,-2.87153467124392,1
side,0,0.84999999999999998,0,1,10.000000000000018,0,-10.000000000000018,0,0,0,-10.000000000000018,4,-10.000000000000018,1.1141720290623094,-2.7854300726557786,1
side,0,0.84999999999999998,1,1,10.000000000000018,0,-10.000000000000018,0,-0.44081344681178791,0,-10.440813446811806,4,-10.440813446811806,1.0732671861784295,-2.8014456173684041,1
side,0,0.84999999999999998,4,1,10.000000000000018,0,-10.000000000000018,0,-1.7632537872471516,0,-11.763253787247169,4,-11.763253787247169,0.96581505516549471,-2.84028190136396,1
side,0,0.875,0,1,8.8249690258459541,0,-8.8249690258459541,0,0,0,-8.8249690258459541,4,-8.8249690258459541,1.23849576098058,-2.7324216823237832,1
side,0,0.875,1,1,8.8249690258459541,0,-8.8249690258459541,0,-0.41042499311949321,0,-9.2353940189654473,4,-9.2353940189654473,1.1923193585795866,-2.7528847682306581,1
side,0,0.875,4,1,8.8249690258459541,0,-8.8249690258459541,0,-1.6416999724779764,0,-10.46666899832393,4,-10.46666899832393,1.0709541580954587,-2.8023306712909606,1
side,0,0.90000000000000002,0,1,7.7880078307140357,0,-7.7880078307140357,0,0,0,-7.7880078307140357,4,-7.7880078307140357,1.370618157208104,-2.6685962353138888,1
side,0,0.90000000000000002,1,1,7.7880078307140357,0,-7.7880078307140357,0,-0.38213143495384028,0,-8.170139265667876,4,-8.170139265667876,1.3191499333525569,-2.6944096669467217,1
side,0,0.90000000000000002,4,1,7.7880078307140357,0,-7.7880078307140357,0,-1.5285257398153602,0,-9.3165335705293959,4,-9.3165335705293959,1.1835574421543733,-2.7566631606202807,1
side,0,0.92500000000000004,0,1,6.8728927879096977,0,-6.8728927879096977,0,0,0,-6.8728927879096977,4,-6.8728927879096977,1.5090262707611524,-2.5928439432701476,1
side,0,0.92500000000000004,1,1,6.8728927879096977,0,-6.8728927879096977,0,-0.35578835604040915,0,-7.2286811439501069,4,-7.2286811439501069,1.4525053121980178,-2.6249244404432934,1
side,0,0.92500000000000004,4,1,6.8728927879096977,0,-6.8728927879096977,0,-1.4231534241616357,0,-8.2960462120713334,4,-8.2960462120713334,1.3029294244992513,-2.7022906791783239,1
side,0,0.94999999999999996,0,1,6.0653065971263569,0,-6.0653065971263569,0,0,0,-6.0653065971263569,4,-6.0653065971263569,1.6516342181953321,-2.5044169799149452,1
side,0,0.94999999999999996,1,1,6.0653065971263569,0,-6.0653065971263569,0,-0.33126129576130925,0,-6.3965678928876661,4,-6.3965678928876661,1.5906101608088017,-2.5436114711826172,1
side,0,0.94999999999999996,4,1,6.0653065971263569,0,-6.0653065971263569,0,-1.3250451830452352,0,-7.3903517801715921,4,-7.3903517801715921,1.427991733883444,-2.6383403131439573,1
side,0,0.97499999999999998,0,1,5.3526142851899126,0,-5.3526142851899126,0,0,0,-5.3526142851899126,4,-5.3526142851899126,1.7958422366838305,-2.4031127025053189,1
side,0,0.97499999999999998,1,1,5.3526142851899126,0,-5.3526142851899126,0,-0.30842506283988058,0,-5.6610393480297931,4,-5.6610393480297931,1.7311968438651801,-2.4500933630764439,1
side,0,0.97499999999999998,4,1,5.3526142851899126,0,-5.3526142851899126,0,-1.2337002513595223,0,-6.5863145365494349,4,-6.5863145365494349,1.5572661180776823,-2.5641611176927368,1
side,0,1,0,1,4.7236655274101471,0,-4.7236655274101471,0,0,0,-4.7236655274101471,4,-4.7236655274101471,1.9386886844882307,-2.2894292268242955,1
side,0,1,1,1,4.7236655274101471,0,-4.7236655274101471,0,-0.28716309633808645,0,-5.0108286237482336,4,-5.0108286237482336,1.8716125157278423,-2.3445823915936281,1
side,0,1,4,1,4.7236655274101471,0,-4.7236655274101471,0,-1.1486523853523467,0,-5.8723179127624938,4,-5.8723179127624938,1.688899709078606,-2.4794390036204157,1
side,0,1.0249999999999999,0,1,4.1686201967850769,0,-4.1686201967850769,0,0,0,-4.1686201967850769,4,-4.1686201967850769,2.0770886430230711,-2.1646484169547207,1
side,0,1.0249999999999999,1,1,4.1686201967850769,0,-4.1686201967850769,0,-0.26736687070495258,0,-4.4359870674900295,4,-4.4359870674900295,2.0090054250634681,-2.2279805210247137,1
side,0,1.0249999999999999,4,1,4.1686201967850769,0,-4.1686201967850769,0,-1.0694674828198112,0,-5.2380876796048881,4,-5.2380876796048881,1.8207424696377599,-2.3843021744857316,1
side,0,1.05,0,1,3.67879441171441,0,-3.67879441171441,0,0,0,-3.67879441171441,4,-3.67879441171441,2.2081246135903276,-2.0308091222112847,1
side,0,1.05,1,1,3.67879441171441,0,-3.67879441171441,0,-0.24893534183931898,0,-3.927729753553729,4,-3.9277297535537294,2.1405696409942521,-2.101894767121737,1
side,0,1.05,4,1,3.67879441171441,0,-3.67879441171441,0,-0.99574136735727681,0,-4.6745357790716868,4,-4.6745357790716868,1.9504774495683033,-2.2793941560698814,1
side,0,1.075,0,1,3.2465246735835089,0,-3.2465246735835089,0,0,0,-3.2465246735835089,4,-3.2465246735835089,2.3293321514767507,-1.8905585756851577,1
side,0,1.075,1,1,3.2465246735835089,0,-3.2465246735835089,0,-0.23177443133948872,0,-3.4782991049229977,4,-3.4782991049229977,2.2638058515979176,-1.9685484668331203,1
side,0,1.075,4,1,3.2465246735835089,0,-3.2465246735835089,0,-0.92709772535795398,0,-4.1736223989414629,4,-4.1736223989414629,2.0757914348823596,-2.1658924070389638,1
side,0,1.1000000000000001,0,1,2.8650479686019059,0,-2.8650479686019059,0,0,0,-2.8650479686019059,4,-2.8650479686019059,2.4389186066000952,-1.7469046998562483,1
side,0,1.1000000000000001,1,1,2.8650479686019059,0,-2.8650479686019059,0,-0.21579654630726308,0,-3.080844514909169,4,-3.080844514909169,2.3767454630082145,-1.8305958057610277,1
side,0,1.1000000000000001,4,1,2.8650479686019059,0,-2.8650479686019059,0,-0.86318618522905277,0,-3.7282341538309587,4,-3.7282341538309587,2.1945607799100562,-2.0454591130796445,1
side,0,1.125,0,1,2.5283959580474646,0,-2.5283959580474646,0,0,0,-2.5283959580474646,4,-2.5283959580474646,2.5358711334139592,-1.6029215809632744,1
side,0,1.125,1,1,2.5283959580474646,0,-2.5283959580474646,0,-0.20092013225536798,0,-2.7293160903028326,4,-2.7293160903028326,2.4780926668575711,-1.6908745472289566,1
side,0,1.125,4,1,2.5283959580474646,0,-2.5283959580474646,0,-0.80368052902147236,0,-3.332076487068937,4,-3.332076487068937,2.3050199945365586,-1.9201257315047591,1
side,0,1.1499999999999999,0,1,2.2313016014842941,0,-2.2313016014842941,0,0,0,-2.2313016014842941,4,-2.2313016014842941,2.6199432787470767,-1.4614709084165911,1
side,0,1.1499999999999999,1,1,2.2313016014842941,0,-2.2313016014842941,0,-0.1870692568361827,0,-2.4183708583204768,4,-2.4183708583204768,2.5672623872084688,-1.5521481357218052,1
side,0,1.1499999999999999,4,1,2.2313016014842941,0,-2.2313016014842941,0,-0.74827702734473078,0,-2.9795786288290249,4,-2.9795786288290249,2.4058828971635933,-1.7921293159634752,1
side,0,1.175,0,1,1.9691167520419333,0,-1.9691167520419333,0,0,0,-1.9691167520419333,4,-1.9691167520419335,2.691542429145465,-1.3249903215154935,1
side,0,1.175,1,1,1.9691167520419333,0,-1.9691167520419333,0,-0.17417322226706178,0,-2.143289974308995,4,-2.143289974308995,2.6443207954409544,-1.4168865624313463,1
side,0,1.175,4,1,1.9691167520419333,0,-1.9691167520419333,0,-0.69669288906824756,0,-2.6658096411101808,4,-2.6658096411101808,2.4963977182373647,-1.6637302763306558,1
side,0,1.2,0,1,1.7377394345044574,0,-1.7377394345044574,0,0,0,-1.7377394345044574,4,-1.7377394345044574,2.7515599345115356,-1.1953735511507995,1
side,0,1.2,1,1,1.7377394345044574,0,-1.7377394345044574,0,-0.162166204473978,0,-1.8999056389784355,4,-1.8999056389784355,2.7098572876406486,-1.287118285403819,1
side,0,1.2,4,1,1.7377394345044574,0,-1.7377394345044574,0,-0.64866481789591135,0,-2.3864042524003688,4,-2.3864042524003688,2.5763340117360238,-1.5370436103026373,1
side,0,1.2250000000000001,0,1,1.5335496684492875,0,-1.5335496684492875,0,0,0,-1.5335496684492875,4,-1.5335496684492875,2.8011877146509851,-1.0739401227668088,1
side,0,1.2250000000000001,1,1,1.5335496684492875,0,-1.5335496684492875,0,-0.15098691711159273,0,-1.6845365855608803,4,-1.6845365855608803,2.76482551435643,-1.1643624329063962,1
side,0,1.2250000000000001,4,1,1.5335496684492875,0,-1.5335496684492875,0,-0.60394766844637071,0,-2.1374973368956582,4,-2.1374973368956582,2.6459142597815477,-1.4139086709843263,1
side,0,1.25,0,1,1.353352832366127,0,-1.353352832366127,0,0,0,-1.353352832366127,4,-1.353352832366127,2.8417543212822891,-0.96147406489901677,1
side,0,1.25,1,1,1.353352832366127,0,-1.353352832366127,0,-0.14057829874486027,0,-1.4939311311109873,4,-1.4939311311109873,2.8103868975078647,-1.0496311191633556,1
side,0,1.25,4,1,1.353352832366127,0,-1.353352832366127,0,-0.56231319497944066,0,-1.9156660273455677,4,-1.9156660273455677,2.7057117978694425,-1.295810042741647,1
side,0,1.2749999999999999,0,1,1.1943296826671941,0,-1.1943296826671941,0,0,0,-1.1943296826671941,4,-1.1943296826671941,2.8745979752573088,-0.85830442189620504,1
side,0,1.2749999999999999,1,1,1.1943296826671941,0,-1.1943296826671941,0,-0.13088722159545196,0,-1.325216904262646,4,-1.325216904262646,2.8477786771241012,-0.94348111063089368,1
side,0,1.2749999999999999,4,1,1.1943296826671941,0,-1.1943296826671941,0,-0.52354888638180763,0,-1.7178785690490017,4,-1.7178785690490017,2.7565378283795652,-1.1838493150365326,1
side,0,1.3,0,1,1.0539922456186397,0,-1.0539922456186397,0,0,0,-1.0539922456186397,4,-1.0539922456186397,2.9009805955512107,-0.76440276310027977,1
side,0,1.3,1,1,1.0539922456186397,0,-1.0539922456186397,0,-0.12186422036639777,0,-1.1758564659850375,4,-1.1758564659850375,2.8782160970012969,-0.84609225204029814,1
side,0,1.3,4,1,1.0539922456186397,0,-1.0539922456186397,0,-0.48745688146559085,0,-1.5414491270842305,4,-1.5414491270842305,2.7993356951290731,-1.0787583909181093,1
side,0,1.3250000000000002,0,1,0.93014489210663809,0,-0.93014489210663809,0,0,0,-0.93014489210663809,4,-0.93014489210663809,2.9220382095655122,-0.67947972879194685,1
side,0,1.3250000000000002,1,1,0.93014489210663809,0,-0.93014489210663809,0,-0.1134632397608023,0,-1.0436081318674404,4,-1.0436081318674404,2.9028287959061094,-0.75735393420664654,1
side,0,1.3250000000000002,4,1,0.93014489210663809,0,-0.93014489210663809,0,-0.45385295904320933,0,-1.3839978511498474,4,-1.3839978511498474,2.8350934902841587,-0.9809408245905491,1
side,0,1.3500000000000001,0,1,0.82084998623898942,0,-0.82084998623898942,0,0,0,-0.82084998623898942,4,-0.82084998623898942,2.9387593312911013,-0.60307013916250052,1
side,0,1.3500000000000001,1,1,0.82084998623898942,0,-0.82084998623898942,0,-0.10564139940591655,0,-0.92649138564490596,4,-0.92649138564490596,2.922626014092204,-0.67694695637953362,1
side,0,1.3500000000000001,4,1,0.82084998623898942,0,-0.82084998623898942,0,-0.42256559762366586,0,-1.2434155838626553,4,-1.2434155838626553,2.8647792662855815,-0.89052779600652887,1
side,0,1.375,0,1,0.72439757034251451,0,-0.72439757034251451,0,0,0,-0.72439757034251451,4,-0.72439757034251451,2.9519824618158341,-0.53460223075827618,1
side,0,1.375,1,1,0.72439757034251451,0,-0.72439757034251451,0,-0.098358774982695407,0,-0.82275634532520991,4,-0.82275634532520991,2.9384832475149247,-0.6044139343811834,1
side,0,1.375,4,1,0.72439757034251451,0,-0.72439757034251451,0,-0.39343509993078163,0,-1.1178326702732961,4,-1.1178326702732961,2.8892981709583254,-0.80743797241452386,1
side,0,1.3999999999999999,0,1,0.63927861206707459,0,-0.63927861206707459,0,0,0,-0.63927861206707459,4,-0.63927861206707459,2.9624051979727457,-0.47345057083507608,1
side,0,1.3999999999999999,1,1,0.63927861206707459,0,-0.63927861206707459,0,-0.091578194443670879,0,-0.73085680651074547,4,-0.73085680651074547,2.9511432266441839,-0.53921577854524638,1
side,0,1.3999999999999999,4,1,0.63927861206707459,0,-0.63927861206707459,0,-0.3663127777746833,0,-1.0055913898417579,4,-1.0055913898417579,2.9094680439099014,-0.73143400349388465,1
side,0,1.425,0,1,0.56416139503777152,0,-0.56416139503777152,0,0,0,-0.56416139503777152,4,-0.56416139503777152,2.9705993467730196,-0.41897436789343989,1
side,0,1.425,1,1,0.56416139503777152,0,-0.56416139503777152,0,-0.0852650482789995,0,-0.64942644331677102,4,-0.64942644331677102,2.9612253985954484,-0.4807745196172824,1
side,0,1.425,4,1,0.56416139503777152,0,-0.56416139503777152,0,-0.34106019311599811,0,-0.90522158815376963,4,-0.90522158815376963,2.9260090107857728,-0.66217163092393438,1
side,0,1.4500000000000002,0,1,0.49787068367864118,0,-0.49787068367864118,0,0,0,-0.49787068367864118,4,-0.49787068367864123,2.9770282684135991,-0.37054377483142997,1
side,0,1.4500000000000002,1,1,0.49787068367864118,0,-0.49787068367864118,0,-0.079387112862243314,0,-0.57725779654088449,4,-0.57725779654088449,2.9692396606868066,-0.42850418598246737,1
side,0,1.4500000000000002,4,1,0.49787068367864118,0,-0.49787068367864118,0,-0.31754845144897315,0,-0.81541913512761433,4,-0.81541913512761433,2.9395427534350738,-0.59923985241916844,1
side,0,1.4750000000000001,0,1,0.43936933623407498,0,-0.43936933623407498,0,0,0,-0.43936933623407498,4,-0.43936933623407498,2.9820641320015211,-0.32755688457123783,1
side,0,1.4750000000000001,1,1,0.43936933623407498,0,-0.43936933623407498,0,-0.073914385974197139,0,-0.51328372220827212,4,-0.51328372220827212,2.9756015119910058,-0.38183195497082645,1
side,0,1.4750000000000001,4,1,0.43936933623407498,0,-0.43936933623407498,0,-0.29565754389678872,0,-0.7350268801308637,4,-0.7350268801308637,2.9505978441337422,-0.54219218197361929,1
side,0,1.5,0,1,0.38774207831722007,0,-0.38774207831722007,0,0,0,-0.38774207831722007,4,-0.38774207831722007,2.9860038169876146,-0.28944983146548242,1
side,0,1.5,1,1,0.38774207831722007,0,-0.38774207831722007,0,-0.068818933665251991,0,-0.45656101198247206,4,-0.45656101198247206,2.9806468991075219,-0.34021179115473688,1
side,0,1.5,4,1,0.38774207831722007,0,-0.38774207831722007,0,-0.27527573466100796,0,-0.66301781297822804,4,-0.66301781297822804,2.9596184115838038,-0.49056993162459772,1
side,0,1.5249999999999999,0,1,0.34218118311665979,0,-0.34218118311665979,0,0,0,-0.34218118311665979,4,-0.34218118311665979,2.9890828857102241,-0.25570197956652102,1
side,0,1.5249999999999999,1,1,0.34218118311665979,0,-0.34218118311665979,0,-0.064074747674636168,0,-0.40625593079129596,4,-0.40625593079129596,2.9846458211017373,-0.30313251653350953,1
side,0,1.5249999999999999,4,1,0.34218118311665979,0,-0.34218118311665979,0,-0.25629899069854478,0,-0.59848017381520457,4,-0.59848017381520457,2.9669742309537543,-0.44391881336160893,1
side,0,1.55,0,1,0.30197383422318391,0,-0.30197383422318391,0,0,0,-0.30197383422318391,4,-0.30197383422318391,2.9914874756723626,-0.22583773576485425,1
side,0,1.55,1,1,0.30197383422318391,0,-0.30197383422318391,0,-0.059657612678780614,0,-0.36163144690196453,4,-0.36163144690196453,2.9878142778774981,-0.27012190009579701,1
side,0,1.55,4,1,0.30197383422318391,0,-0.30197383422318391,0,-0.23863045071512246,0,-0.54060428493830637,4,-0.54060428493830637,2.9729710033138801,-0.40180021584720482,1
side,0,1.5750000000000002,0,1,0.26649097336355582,0,-0.26649097336355582,0,0,0,-0.26649097336355582,4,-0.26649097336355582,2.9933641971576606,-0.19942613463304093,1
side,0,1.5750000000000002,1,1,0.26649097336355582,0,-0.26649097336355582,0,-0.055544982691211608,0,-0.32203595605476742,4,-0.32203595605476742,2.9903244641293476,-0.24074799942996364,1
side,0,1.5750000000000002,4,1,0.26649097336355582,0,-0.26649097336355582,0,-0.22217993076484654,0,-0.48867090412840236,4,-0.48867090412840231,2.9778600919384384,-0.36379839587386104,1
side,0,1.6000000000000001,0,1,0.23517745856009148,0,-0.23517745856009148,0,0,0,-0.23517745856009148,4,-0.23517745856009148,2.9948282383952285,-0.17607902348244642,1
side,0,1.6000000000000001,1,1,0.23517745856009148,0,-0.23517745856009148,0,-0.051715865983091303,0,-0.28689332454318278,4,-0.28689332454318278,2.9923132896656939,-0.2146186769367347,1
side,0,1.6000000000000001,4,1,0.23517745856009148,0,-0.23517745856009148,0,-0.20686346393236521,0,-0.44204092249245669,4,-0.44204092249245669,2.9818473324452888,-0.32952463639144663,1
side,0,1.625,0,1,0.20754337873699741,0,-0.20754337873699741,0,0,0,-0.20754337873699741,4,-0.20754337873699741,2.9959699240082673,-0.15544843015577528,1
side,0,1.625,1,1,0.20754337873699741,0,-0.20754337873699741,0,-0.04815071793701764,0,-0.25569409667401505,4,-0.25569409667401505,2.9938893951657013,-0.19137996110970182,1
side,0,1.625,4,1,0.20754337873699741,0,-0.20754337873699741,0,-0.1926028717480705,0,-0.40014625048506791,4,-0.40014625048506791,2.985100762425632,-0.29861921935118352,1
side,0,1.6499999999999999,0,1,0.18315638888734148,0,-0.18315638888734148,0,0,0,-0.18315638888734148,4,-0.18315638888734148,2.9968599746320588,-0.13722351273865441,1
side,0,1.6499999999999999,1,1,0.18315638888734148,0,-0.18315638888734148,0,-0.044831341287183968,0,-0.22798773017452545,4,-0.22798773017452545,2.9951388654144968,-0.17071372787083866,1
side,0,1.6499999999999999,4,1,0.18315638888734148,0,-0.18315638888734148,0,-0.17932536514873582,0,-0.3624817540360773,4,-0.3624817540360773,2.9877572564399135,-0.27075187273708945,1
side,0,1.675,0,1,0.16163494588165819,0,-0.16163494588165819,0,0,0,-0.16163494588165819,4,-0.16163494588165819,2.9975536964823242,-0.12112735737707124,1
side,0,1.675,1,1,0.16163494588165819,0,-0.16163494588165819,0,-0.041740793236705154,0,-0.20337573911836335,4,-0.20337573911836335,2.996129843402739,-0.15233503034915458,1
side,0,1.675,4,1,0.16163494588165819,0,-0.16163494588165819,0,-0.16696317294682059,0,-0.32859811882847878,4,-0.32859811882847878,2.9899281314262947,-0.24562118985475731,1
side,0,1.7000000000000002,0,1,0.14264233908999305,0,-0.14264233908999305,0,0,0,-0.14264233908999305,4,-0.14264233908999305,2.9980943014232579,-0.10691379599184804,1
side,0,1.7000000000000002,1,1,0.14264233908999305,0,-0.14264233908999305,0,-0.038863298978017741,0,-0.18150563806801079,4,-0.18150563806801079,2.9969162335220099,-0.13598929830044801,1
side,0,1.7000000000000002,4,1,0.14264233908999305,0,-0.14264233908999305,0,-0.15545319591207105,0,-0.29809553500206409,4,-0.29809553500206409,2.9917038267000113,-0.22295338819696559,1
side,0,1.7250000000000001,0,1,0.12588142242434019,0,-0.12588142242434019,0,0,0,-0.12588142242434019,4,-0.12588142242434019,2.998515527633542,-0.094364349944995304,1
side,0,1.7250000000000001,1,1,0.12588142242434019,0,-0.12588142242434019,0,-0.036184171174941659,0,-0.16206559359928185,4,-0.16206559359928185,2.9975406596774099,-0.12144955158715058,1
side,0,1.7250000000000001,4,1,0.12588142242434019,0,-0.12588142242434019,0,-0.14473668469976664,0,-0.27061810712410683,4,-0.27061810712410683,2.993157776904467,-0.20250067297742164,1
side,0,1.75,0,1,0.11108996538242306,0,-0.11108996538242306,0,0,0,-0.11108996538242306,4,-0.11108996538242306,2.9988437019430068,-0.083285360759036517,1
side,0,1.75,1,1,0.11108996538242306,0,-0.11108996538242306,0,-0.033689734995427337,0,-0.1447797003778504,4,-0.1447797003778504,2.9980368198170892,-0.10851371812372042,1
side,0,1.75,4,1,0.11108996538242306,0,-0.11108996538242306,0,-0.13475893998170935,0,-0.2458489053641324,4,-0.2458489053641324,2.9943495958171913,-0.18403939260229718,1
side,0,1.7750000000000001,0,1,0.098036550358218108,0,-0.098036550358218108,0,0,0,-0.098036550358218108,4,-0.098036550358218108,2.9990993590014359,-0.073505338834510978,1
side,0,1.7750000000000001,1,1,0.098036550358218108,0,-0.098036550358218108,0,-0.031367258312334403,0,-0.12940380867055251,4,-0.12940380867055251,2.9984313550226154,-0.097002109344283008,1
side,0,1.7750000000000001,4,1,0.098036550358218108,0,-0.098036550358218108,0,-0.12546903324933767,0,-0.22350558360755579,4,-0.22350558360755579,2.995327680566708,-0.16736811533523213,1
side,0,1.8,0,1,0.086516952031206032,0,-0.086516952031206032,0,0,0,-0.086516952031206032,4,-0.086516952031206032,2.9992985102154939,-0.064872541333895403,1
side,0,1.8,1,1,0.086516952031206032,0,-0.086516952031206032,0,-0.02920488671597618,0,-0.11572183874718221,4,-0.11572183874718221,2.9987453302906459,-0.086755080888939948,1
side,0,1.8,4,1,0.086516952031206032,0,-0.086516952031206032,0,-0.11681954686390471,0,-0.20333649889511074,4,-0.20333649889511074,2.9961313338219431,-0.15230571391232306,1
side,0,1.825,0,1,0.076350942188599891,0,-0.076350942188599891,0,0,0,-0.076350942188599891,4,-0.076350942188599891,2.999453636820137,-0.057252777805559991,1
side,0,1.825,1,1,0.076350942188599891,0,-0.076350942188599891,0,-0.027191583006717979,0,-0.10354252519531787,4,-0.10354252519531787,2.998995405968369,-0.077630889345780593,1
side,0,1.825,4,1,0.076350942188599891,0,-0.076350942188599891,0,-0.10876633202687191,0,-0.18511727421547181,4,-0.18511727421547181,2.9967924884195445,-0.13868951421140674,1
side,0,1.8500000000000001,0,1,0.067379469990854785,0,-0.067379469990854785,0,0,0,-0.067379469990854785,4,-0.067379469990854785,2.9995744662151043,-0.050527434432918718,1
side,0,1.8500000000000001,1,1,0.067379469990854785,0,-0.067379469990854785,0,-0.025317070858787497,0,-0.092696540849642281,4,-0.092696540849642281,2.9991947635047076,-0.069503744977811838,1
side,0,1.8500000000000001,4,1,0.067379469990854785,0,-0.067379469990854785,0,-0.10126828343514996,0,-0.16864775342600474,4,-0.16864775342600474,2.9973371061336977,-0.12637354230246262,1
side,0,1.875,0,1,0.059462173564720992,0,-0.059462173564720992,0,0,0,-0.059462173564720992,4,-0.059462173564720992,2.9996685783577703,-0.044591703410737406,1
side,0,1.875,1,1,0.059462173564720992,0,-0.059462173564720992,0,-0.023571782367746354,0,-0.083033955932467346,4,-0.083033955932467346,2.9993538365262937,-0.062262053572000292,1
side,0,1.875,4,1,0.059462173564720992,0,-0.059462173564720992,0,-0.094287129470985415,0,-0.15374930303570641,4,-0.15374930303570641,2.9977863106060143,-0.1152268889764141,1
side,0,1.9000000000000001,0,1,0.052475183991813792,0,-0.052475183991813792,0,0,0,-0.052475183991813792,4,-0.052475183991813792,2.9997418791043668,-0.039353001758487723,1
side,0,1.9000000000000001,1,1,0.052475183991813792,0,-0.052475183991813792,0,-0.021946809213892179,0,-0.074421993205705972,4,-0.074421993205705972,2.9994808879192032,-0.055806836565341966,1
side,0,1.9000000000000001,4,1,0.052475183991813792,0,-0.052475183991813792,0,-0.087787236855568704,0,-0.1402624208473825,4,-0.1402624208473825,2.9981573041521803,-0.10513220039041173,1
side,0,1.925,0,1,0.046309187335332333,0,-0.046309187335332333,0,0,0,-0.046309187335332333,4,-0.046309187335332333,2.9997989695054676,-0.034729563111791394,1
side,0,1.925,1,1,0.046309187335332333,0,-0.046309187335332333,0,-0.020433857192320284,0,-0.066743044527652617,4,-0.066743044527652617,2.9995824652469865,-0.050050316510586404,1
side,0,1.925,4,1,0.046309187335332333,0,-0.046309187335332333,0,-0.081735428769281124,0,-0.12804461610461346,4,-0.12804461610461346,2.9984641093126223,-0.095984296445099107,1
side,0,1.9500000000000002,0,1,0.040867714384640846,0,-0.040867714384640846,0,0,0,-0.040867714384640846,4,-0.040867714384640846,2.9998434338124298,-0.030649186162921657,1
side,0,1.9500000000000002,1,1,0.040867714384640846,0,-0.040867714384640846,0,-0.019025203877556851,0,-0.059892918262197697,4,-0.059892918262197697,2.9996637601316394,-0.044914654099910217,1
side,0,1.9500000000000002,4,1,0.040867714384640846,0,-0.040867714384640846,0,-0.07610081551022739,0,-0.11696852989486824,4,-0.11696852989486824,2.9987181685468092,-0.087688913935987989,1
side,0,1.9750000000000001,0,1,0.036065631360157398,0,-0.036065631360157398,0,0,0,-0.036065631360157398,4,-0.036065631360157398,2.9998780640190876,-0.027048124095583766,1
side,0,1.9750000000000001,1,1,0.036065631360157398,0,-0.036065631360157398,0,-0.017713659206673803,0,-0.0537792905668312,4,-0.0537792905668312,2.9997288918704372,-0.040330822924404701,1
side,0,1.9750000000000001,4,1,0.036065631360157398,0,-0.036065631360157398,0,-0.070854636826695211,0,-0.1069202681868526,4,-0.1069202681868526,2.9989288292501532,-0.080161568674177563,1
side,0,2,0,1,0.031827807965096697,0,-0.031827807965096697,0,0,0,-0.031827807965096697,4,-0.031827807965096697,2.9999050348818899,-0.023870100340936874,1
side,0,2,1,1,0.031827807965096697,0,-0.031827807965096697,0,-0.016492528779695453,0,-0.04832033674479215,4,-0.04832033674479215,2.9997811313031648,-0.036237608606310617,1
side,0,2,4,1,0.031827807965096697,0,-0.031827807965096697,0,-0.065970115118781827,0,-0.097797923083878524,4,-0.097797923083878524,2.9991037361395492,-0.073326529126887086,1
side,0.80000000000000004,0.75,0,1,16.487212707001284,0,-16.487212707001284,0,0,0,-16.487212707001284,0.80000000000002292,-16.487212707001284,0.14539629637366769,-2.9964745814040894,1
side,0.80000000000000004,0.75,1,1,16.487212707001284,0,-16.487212707001284,0.11808725423752334,-0.24327269784055972,0.11808725423752334,-16.730485404841843,0.91808725423747628,-16.730485404841843,0.16437802697433224,-2.9954932589221461,1
side,0.80000000000000004,0.75,4,1,16.487212707001284,0,-16.487212707001284,0.47234901695009335,-0.97309079136224597,0.47234901695009335,-17.46030349836353,1.2723490169500584,-17.46030349836353,0.2180347345849265,-2.9920663185354828,1
side,0.80000000000000004,0.77500000000000002,0,1,14.549914146181989,0,-14.549914146181989,0,0,0,-14.549914146181989,0.80000000000002292,-14.549914146181989,0.16470065772222764,-2.9954755370968869,1
side,0.80000000000000004,0.77500000000000002,1,1,14.549914146181989,0,-14.549914146181989,0.11370037816727392,-0.23423525189779149,0.11370037816727392,-14.78414939807978,0.91370037816729255,-14.78414939807978,0.18505502686494424,-2.9942869997767425,1
side,0.80000000000000004,0.77500000000000002,4,1,14.549914146181989,0,-14.549914146181989,0.45480151266909569,-0.93694100759116594,0.45480151266909569,-15.486855153773154,1.2548015126691014,-15.486855153773154,0.24227699340839681,-2.9902009729222199,1
side,0.80000000000000004,0.80000000000000004,0,1,12.840254166877369,0,-12.840254166877369,0,0,0,-12.840254166877369,0.80000000000002292,-12.840254166877369,0.1865504631909376,-2.9941942029005473,1
side,0.80000000000000004,0.80000000000000004,1,1,12.840254166877369,0,-12.840254166877369,0.10947647211254381,-0.22553354206471887,0.10947647211254381,-13.065787708942088,0.90947647211259142,-13.065787708942088,0.20831835833245993,-2.9927585037188806,1
side,0.80000000000000004,0.80000000000000004,4,1,12.840254166877369,0,-12.840254166877369,0.43790588845017525,-0.90213416825887194,0.43790588845017525,-13.742388335136241,1.2379058884501859,-13.742388335136241,0.26914838616454162,-2.9879021312996534,1
side,0.80000000000000004,0.82499999999999996,0,1,11.331484530668304,0,-11.331484530668304,0,0,0,-11.331484530668304,0.80000000000002292,-11.331484530668304,0.21127338348170266,-2.9925513458305457,1
side,0.80000000000000004,0.82499999999999996,1,1,11.331484530668304,0,-11.331484530668304,0.10540948182754821,-0.21715509593087745,0.10540948182754821,-11.548639626599181,0.9054094818276015,-11.548639626599181,0.23447948497901105,-2.9908225241769157,1
side,0.80000000000000004,0.82499999999999996,4,1,11.331484530668304,0,-11.331484530668304,0.42163792731019284,-0.8686203837235098,0.42163792731019284,-12.200104914391813,1.2216379273102262,-12.200104914391813,0.29890540633970009,-2.9850721194069791,1
side,0.80000000000000004,0.84999999999999998,0,1,10.000000000000018,0,-10.000000000000018,0,0,0,-10.000000000000018,0.80000000000002292,-10.000000000000018,0.23923566684869169,-2.9904458356083747,1
side,0.80000000000000004,0.84999999999999998,1,1,10.000000000000018,0,-10.000000000000018,0.10149357797837799,-0.20908790442894087,0.10149357797837799,-10.209087904428959,0.90149357797841834,-10.209087904428959,0.26388233953789086,-2.9883718160362895,1
side,0.80000000000000004,0.84999999999999998,4,1,10.000000000000018,0,-10.000000000000018,0.40597431191351196,-0.83635161771576705,0.40597431191351196,-10.836351617715785,1.2059743119134936,-10.836351617715785,0.33182055638036889,-2.9815927150372903,1
side,0.80000000000000004,0.875,0,1,8.8249690258459541,0,-8.8249690258459541,0,0,0,-8.8249690258459541,0.80000000000002292,-8.8249690258459541,0.27084503560437234,-2.9877488125156173,1
side,0.80000000000000004,0.875,1,1,8.8249690258459541,0,-8.8249690258459541,0.097723147787649844,-0.20132040462178225,0.097723147787649844,-9.0262894304677364,0.89772314778768791,-9.0262894304677364,0.29690468065668441,-2.9852717816983017,1
side,0.80000000000000004,0.875,4,1,8.8249690258459541,0,-8.8249690258459541,0.39089259115059938,-0.80528161848712898,0.39089259115059938,-9.6302506443330831,1.1908925911505719,-9.6302506443330831,0.36818045699116286,-2.9773214725806461,1
side,0.80000000000000004,0.90000000000000002,0,1,7.7880078307140357,0,-7.7880078307140357,0,0,0,-7.7880078307140357,0.80000000000002292,-7.7880078307140357,0.306552998687315,-2.9842964428816123,1
side,0.80000000000000004,0.90000000000000002,1,1,7.7880078307140357,0,-7.7880078307140357,0.094092786989550536,-0.19384146312897865,0.094092786989550536,-7.9818492938430143,0.8940927869895976,-7.9818492938430152,0.33395858617990548,-2.9813539982224015,1
side,0.80000000000000004,0.90000000000000002,4,1,7.7880078307140357,0,-7.7880078307140357,0.37637114795820215,-0.7753658525159155,0.37637114795820215,-8.5633736832299512,1.1763711479582106,-8.5633736832299512,0.40828280076665724,-2.9720876761290471,1
side,0.80000000000000004,0.92500000000000004,0,1,6.8728927879096977,0,-6.8728927879096977,0,0,0,-6.8728927879096977,0.80000000000002292,-6.8728927879096977,0.34685610308593517,-2.9798810116768206,1
side,0.80000000000000004,0.92500000000000004,1,1,6.8728927879096977,0,-6.8728927879096977,0.090597292083747435,-0.18664036016902497,0.090597292083747435,-7.0595331480787227,0.89059729208373906,-7.0595331480787227,0.37548961010736015,-2.976408498963381,1
side,0.80000000000000004,0.92500000000000004,4,1,6.8728927879096977,0,-6.8728927879096977,0.36238916833498974,-0.74656144067609986,0.36238916833498974,-7.6194542285857976,1.1623891683349985,-7.6194542285857976,0.45243183157572808,-2.9656880209787788,1
side,0.80000000000000004,0.94999999999999996,0,1,6.0653065971263569,0,-6.0653065971263569,0,0,0,-6.0653065971263569,0.80000000000002292,-6.0653065971263569,0.39229543598962024,-2.9742401199132673,1
side,0.80000000000000004,0.94999999999999996,1,1,6.0653065971263569,0,-6.0653065971263569,0.087231652877062651,-0.17970677419435876,0.087231652877062651,-6.2450133713207157,0.88723165287707406,-6.2450133713207157,0.42197396313958802,-2.9701747380301113,1
side,0.80000000000000004,0.94999999999999996,4,1,6.0653065971263569,0,-6.0653065971263569,0.34892661150825061,-0.71882709677743417,0.34892661150825061,-6.7841336939037911,1.1489266115082275,-6.7841336939037911,0.50093198825895691,-2.9578822057578482,1
side,0.80000000000000004,0.97499999999999998,0,1,5.3526142851899126,0,-5.3526142851899126,0,0,0,-5.3526142851899126,0.80000000000002292,-5.3526142851899126,0.44345341085216816,-2.9670438271794319,1
side,0.80000000000000004,0.97499999999999998,1,1,5.3526142851899126,0,-5.3526142851899126,0.083991045302218278,-0.17303076709718912,0.083991045302218278,-5.5256450522871017,0.88399104530223482,-5.5256450522871017,0.47391287287656958,-2.962331276026005,1
side,0.80000000000000004,0.97499999999999998,4,1,5.3526142851899126,0,-5.3526142851899126,0.33596418120887311,-0.69212306838875648,0.33596418120887311,-6.044737353578669,1.1359641812088705,-6.044737353578669,0.55407932445383778,-2.9483887298341149,1
side,0.80000000000000004,1,0,1,4.7236655274101471,0,-4.7236655274101471,0,0,0,-4.7236655274101471,0.80000000000002292,-4.7236655274101471,0.50094651756316111,-2.9578797451115793,1
side,0.80000000000000004,1,1,1,4.7236655274101471,0,-4.7236655274101471,0.080870824503363803,-0.16660276996492662,0.080870824503363803,-4.8902682973750737,0.88087082450338805,-4.8902682973750737,0.53182304665833069,-2.9524844194412072,1
side,0.80000000000000004,1,4,1,4.7236655274101471,0,-4.7236655274101471,0.32348329801345521,-0.66641107985970649,0.32348329801345521,-5.3900766072698536,1.1234832980134835,-5.3900766072698536,0.61215032178507656,-2.9368813363053041,1
side,0.80000000000000004,1.0249999999999999,0,1,4.1686201967850769,0,-4.1686201967850769,0,0,0,-4.1686201967850769,0.80000000000002292,-4.1686201967850769,0.56541229712359087,-2.9462364016251974,1
side,0.80000000000000004,1.0249999999999999,1,1,4.1686201967850769,0,-4.1686201967850769,0.077866518178469887,-0.16041356936478124,0.077866518178469887,-4.3290337661498581,0.87786651817844952,-4.3290337661498581,0.59622192066199897,-2.9401563600125287,1
side,0.80000000000000004,1.0249999999999999,4,1,4.1686201967850769,0,-4.1686201967850769,0.31146607271387955,-0.64165427745912407,0.31146607271387955,-4.810274474244201,1.1114660727138403,-4.810274474244201,0.67538777375841796,-2.9229867182485947,1
side,0.80000000000000004,1.05,0,1,3.67879441171441,0,-3.67879441171441,0,0,0,-3.67879441171441,0.80000000000002292,-3.67879441171441,0.63748835181698382,-2.9314857327467339,1
side,0.80000000000000004,1.05,1,1,3.67879441171441,0,-3.67879441171441,0.074973820169049729,-0.15445429413788681,0.074973820169049729,-3.8332487058522968,0.87497382016910041,-3.8332487058522968,0.66760618258221438,-2.9247738348422683,1
side,0.80000000000000004,1.05,4,1,3.67879441171441,0,-3.67879441171441,0.29989528067619892,-0.61781717655154633,0.29989528067619892,-4.2966115882659563,1.0998952806762219,-4.2966115882659563,0.74398356134974808,-2.9062843048197147,1
side,0.80000000000000004,1.075,0,1,3.2465246735835089,0,-3.2465246735835089,0,0,0,-3.2465246735835089,0.80000000000002292,-3.2465246735835089,0.71778081471229882,-2.9128664064853669,1
side,0.80000000000000004,1.075,1,1,3.2465246735835089,0,-3.2465246735835089,0.072188584288018817,-0.14871640268401443,0.072188584288018817,-3.3952410762675234,0.87218858428805834,-3.3952410762675234,0.74642199200036785,-2.9056589975181519,1
side,0.80000000000000004,1.075,4,1,3.2465246735835089,0,-3.2465246735835089,0.28875433715207527,-0.5948656107360577,0.28875433715207527,-3.8413902843195666,1.0887543371520536,-3.8413902843195666,0.81805840126514262,-2.8863091400817766,1
side,0.80000000000000004,1.1000000000000001,0,1,2.8650479686019059,0,-2.8650479686019059,0,0,0,-2.8650479686019059,0.80000000000002292,-2.8650479686019059,0.80000000000002292,-2.8650479686019059,0
side,0.80000000000000004,1.1000000000000001,1,1,2.8650479686019059,0,-2.8650479686019059,0.069506818376845109,-0.14319167071865069,0.069506818376845109,-3.0082396393205566,0.86950681837683064,-3.0082396393205566,0.83302553720732142,-2.8820250613692417,1
side,0.80000000000000004,1.1000000000000001,4,1,2.8650479686019059,0,-2.8650479686019059,0.27802727350738043,-0.57276668287460275,0.27802727350738043,-3.4378146514765087,1.0780272735073648,-3.4378146514765087,0.89763905435036317,-2.8625590174012276,1
side,0.80000000000000004,1.125,0,1,2.5283959580474646,0,-2.5283959580474646,0,0,0,-2.5283959580474646,0.80000000000002292,-2.5283959580474646,0.80000000000002292,-2.5283959580474646,0
side,0.80000000000000004,1.125,1,1,2.5283959580474646,0,-2.5283959580474646,0.066924678583474714,-0.13787217948489561,0.066924678583474714,-2.6662681375323602,0.86692467858351385,-2.6662681375323602,0.86692467858351385,-2.6662681375323602,0
side,0.80000000000000004,1.125,4,1,2.5283959580474646,0,-2.5283959580474646,0.26769871433389886,-0.55148871793958332,0.26769871433389886,-3.079884675987048,1.0676987143338756,-3.079884675987048,0.98263405016307814,-2.8345070688675613,1
side,0.80000000000000004,1.1499999999999999,0,1,2.2313016014842941,0,-2.2313016014842941,0,0,0,-2.2313016014842941,0.80000000000002292,-2.2313016014842941,0.80000000000002292,-2.2313016014842941,0
side,0.80000000000000004,1.1499999999999999,1,1,2.2313016014842941,0,-2.2313016014842941,0.064438463852827782,-0.13275030440328139,0.064438463852827782,-2.3640519058875755,0.86443846385286793,-2.3640519058875755,0.86443846385286793,-2.3640519058875755,0
side,0.80000000000000004,1.1499999999999999,4,1,2.2313016014842941,0,-2.2313016014842941,0.25775385541131113,-0.53100121761312602,0.25775385541131113,-2.7623028190974201,1.057753855411292,-2.7623028190974201,1.057753855411292,-2.7623028190974201,0
side,0.80000000000000004,1.175,0,1,1.9691167520419333,0,-1.9691167520419333,0,0,0,-1.9691167520419333,0.80000000000002292,-1.9691167520419335,0.80000000000002292,-1.9691167520419335,0
side,0.80000000000000004,1.175,1,1,1.9691167520419333,0,-1.9691167520419333,0.062044610621970135,-0.12781870414324237,0.062044610621970135,-2.0969354561851756,0.86204461062200366,-2.0969354561851756,0.86204461062200366,-2.0969354561851756,0
side,0.80000000000000004,1.175,4,1,1.9691167520419333,0,-1.9691167520419333,0.24817844248788054,-0.51127481657296947,0.24817844248788054,-2.4803915686149027,1.0481784424878349,-2.4803915686149027,1.0481784424878349,-2.4803915686149027,0
side,0.80000000000000004,1.2,0,1,1.7377394345044574,0,-1.7377394345044574,0,0,0,-1.7377394345044574,0.80000000000002292,-1.7377394345044574,0.80000000000002292,-1.7377394345044574,0
side,0.80000000000000004,1.2,1,1,1.7377394345044574,0,-1.7377394345044574,0.05973968771235641,-0.12307031010057634,0.05973968771235641,-1.8608097446050338,0.85973968771235754,-1.8608097446050338,0.85973968771235754,-1.8608097446050338,0
side,0.80000000000000004,1.2,4,1,1.7377394345044574,0,-1.7377394345044574,0.23895875084942564,-0.49228124040230514,0.23895875084942564,-2.2300206749067626,1.0389587508494724,-2.2300206749067626,1.0389587508494724,-2.2300206749067626,0
side,0.80000000000000004,1.2250000000000001,0,1,1.5335496684492875,0,-1.5335496684492875,0,0,0,-1.5335496684492875,0.80000000000002292,-1.5335496684492875,0.80000000000002292,-1.5335496684492875,0
side,0.80000000000000004,1.2250000000000001,1,1,1.5335496684492875,0,-1.5335496684492875,0.057520391411822781,-0.1184983162658102,0.057520391411822781,-1.6520479847150977,0.85752039141184788,-1.6520479847150977,0.85752039141184788,-1.6520479847150977,0
side,0.80000000000000004,1.2250000000000001,4,1,1.5335496684492875,0,-1.5335496684492875,0.23008156564729113,-0.47399326506324102,0.23008156564729113,-2.0075429335125285,1.0300815656473228,-2.0075429335125285,1.0300815656473228,-2.0075429335125285,0
side,0.80000000000000004,1.25,0,1,1.353352832366127,0,-1.353352832366127,0,0,0,-1.353352832366127,0.80000000000002292,-1.353352832366127,0.80000000000002292,-1.353352832366127,0
side,0.80000000000000004,1.25,1,1,1.353352832366127,0,-1.353352832366127,0.055383540739282304,-0.11409616946895351,0.055383540739282304,-1.4674490018350805,0.85538354073932954,-1.4674490018350805,0.85538354073932954,-1.4674490018350805,0
side,0.80000000000000004,1.25,4,1,1.353352832366127,0,-1.353352832366127,0.22153416295712922,-0.45638467787581383,0.22153416295712922,-1.8097375102419408,1.0215341629571384,-1.8097375102419408,1.0215341629571384,-1.8097375102419408,0
side,0.80000000000000004,1.2749999999999999,0,1,1.1943296826671941,0,-1.1943296826671941,0,0,0,-1.1943296826671941,0.80000000000002292,-1.1943296826671941,0.80000000000002292,-1.1943296826671941,0
side,0.80000000000000004,1.2749999999999999,1,1,1.1943296826671941,0,-1.1943296826671941,0.05332607288533301,-0.10985755998664892,0.05332607288533301,-1.304187242653843,0.853326072885352,-1.304187242653843,0.853326072885352,-1.304187242653843,0
side,0.80000000000000004,1.2749999999999999,4,1,1.1943296826671941,0,-1.1943296826671941,0.21330429154133204,-0.43943023994659547,0.21330429154133204,-1.6337599226137896,1.0133042915413393,-1.6337599226137896,1.0133042915413393,-1.6337599226137896,0
side,0.80000000000000004,1.3,0,1,1.0539922456186397,0,-1.0539922456186397,0,0,0,-1.0539922456186397,0.80000000000002292,-1.0539922456186397,0.80000000000002292,-1.0539922456186397,0
side,0.80000000000000004,1.3,1,1,1.0539922456186397,0,-1.0539922456186397,0.051345038822245198,-0.10577641249826675,0.051345038822245198,-1.1597686581169064,0.85134503882222656,-1.1597686581169064,0.85134503882222656,-1.1597686581169064,0
side,0.80000000000000004,1.3,4,1,1.0539922456186397,0,-1.0539922456186397,0.20538015528898079,-0.42310564999306655,0.20538015528898079,-1.4770978956117062,1.0053801552889485,-1.4770978956117062,1.0053801552889485,-1.4770978956117062,0
side,0.80000000000000004,1.3250000000000002,0,1,0.93014489210663809,0,-0.93014489210663809,0,0,0,-0.93014489210663809,0.80000000000002292,-0.93014489210663809,0.80000000000002292,-0.93014489210663809,0
side,0.80000000000000004,1.3250000000000002,1,1,0.93014489210663809,0,-0.93014489210663809,0.049437599077035627,-0.10184687737797249,0.049437599077035627,-1.0319917694846106,0.84943759907707417,-1.0319917694846106,0.84943759907707417,-1.0319917694846106,0
side,0.80000000000000004,1.3250000000000002,4,1,0.93014489210663809,0,-0.93014489210663809,0.19775039630814251,-0.40738750951189007,0.19775039630814251,-1.3375324016185282,0.9977503963081169,-1.3375324016185282,0.9977503963081169,-1.3375324016185282,0
side,0.80000000000000004,1.3500000000000001,0,1,0.82084998623898942,0,-0.82084998623898942,0,0,0,-0.82084998623898942,0.80000000000002292,-0.82084998623898942,0.80000000000002292,-0.82084998623898942,0
side,0.80000000000000004,1.3500000000000001,1,1,0.82084998623898942,0,-0.82084998623898942,0.04760101966156878,-0.098063322310290357,0.04760101966156878,-0.91891330854927977,0.84760101966152579,-0.91891330854927977,0.84760101966152579,-0.91891330854927977,0
side,0.80000000000000004,1.3500000000000001,4,1,0.82084998623898942,0,-0.82084998623898942,0.19040407864627512,-0.39225328924116132,0.19040407864627512,-1.2131032754801507,0.99040407864625646,-1.2131032754801507,0.99040407864625646,-1.2131032754801507,0
side,0.80000000000000004,1.375,0,1,0.72439757034251451,0,-0.72439757034251451,0,0,0,-0.72439757034251451,0.80000000000002292,-0.72439757034251451,0.80000000000002292,-0.72439757034251451,0
side,0.80000000000000004,1.375,1,1,0.72439757034251451,0,-0.72439757034251451,0.045832668153854131,-0.09442032421714408,0.045832668153854131,-0.81881789455965859,0.84583266815385638,-0.81881789455965859,0.84583266815385638,-0.81881789455965859,0
side,0.80000000000000004,1.375,4,1,0.72439757034251451,0,-0.72439757034251451,0.18333067261541652,-0.37768129686857632,0.18333067261541652,-1.1020788672110908,0.9833306726154678,-1.1020788672110908,0.9833306726154678,-1.1020788672110908,0
side,0.80000000000000004,1.3999999999999999,0,1,0.63927861206707459,0,-0.63927861206707459,0,0,0,-0.63927861206707459,0.80000000000002292,-0.63927861206707459,0.80000000000002292,-0.63927861206707459,0
side,0.80000000000000004,1.3999999999999999,1,1,0.63927861206707459,0,-0.63927861206707459,0.044130009924919396,-0.090912661484803592,0.044130009924919396,-0.73019127355187818,0.84413000992489273,-0.73019127355187818,0.84413000992489273,-0.73019127355187818,0
side,0.80000000000000004,1.3999999999999999,4,1,0.63927861206707459,0,-0.63927861206707459,0.17652003969967758,-0.36365064593921415,0.17652003969967758,-1.0029292580062887,0.97652003969972423,-1.0029292580062887,0.97652003969972423,-1.0029292580062887,0
side,0.80000000000000004,1.425,0,1,0.56416139503777152,0,-0.56416139503777152,0,0,0,-0.56416139503777152,0.80000000000002292,-0.56416139503777152,0.80000000000002292,-0.56416139503777152,0
side,0.80000000000000004,1.425,1,1,0.56416139503777152,0,-0.56416139503777152,0.042490604505854401,-0.087535306479595509,0.042490604505854401,-0.65169670151736703,0.84249060450580782,-0.65169670151736703,0.84249060450580782,-0.65169670151736703,0
side,0.80000000000000004,1.425,4,1,0.56416139503777152,0,-0.56416139503777152,0.16996241802341761,-0.35014122591838204,0.16996241802341761,-0.91430262095615356,0.96996241802338456,-0.91430262095615356,0.96996241802338456,-0.91430262095615356,0
side,0.80000000000000004,1.4500000000000002,0,1,0.49787068367864118,0,-0.49787068367864118,0,0,0,-0.49787068367864118,0.80000000000002292,-0.49787068367864123,0.80000000000002292,-0.49787068367864123,0
side,0.80000000000000004,1.4500000000000002,1,1,0.49787068367864118,0,-0.49787068367864118,0.040912102089817014,-0.084283418341652538,0.040912102089817014,-0.58215410202029372,0.84091210208980804,-0.58215410202029372,0.84091210208980804,-0.58215410202029372,0
side,0.80000000000000004,1.4500000000000002,4,1,0.49787068367864118,0,-0.49787068367864118,0.16364840835926805,-0.33713367336661015,0.16364840835926805,-0.83500435704525133,0.96364840835927446,-0.83500435704525133,0.96364840835927446,-0.83500435704525133,0
side,0.80000000000000004,1.4750000000000001,0,1,0.43936933623407498,0,-0.43936933623407498,0,0,0,-0.43936933623407498,0.80000000000002292,-0.43936933623407498,0.80000000000002292,-0.43936933623407498,0
side,0.80000000000000004,1.4750000000000001,1,1,0.43936933623407498,0,-0.43936933623407498,0.039392240163987007,-0.081152336046368456,0.039392240163987007,-0.52052167228044344,0.83939224016393865,-0.52052167228044344,0.83939224016393865,-0.52052167228044344,0
side,0.80000000000000004,1.4750000000000001,4,1,0.43936933623407498,0,-0.43936933623407498,0.15756896065594803,-0.32460934418547377,0.15756896065594803,-0.76397868041954875,0.95756896065590791,-0.76397868041954875,0.95756896065590791,-0.76397868041954875,0
side,0.80000000000000004,1.5,0,1,0.38774207831722007,0,-0.38774207831722007,0,0,0,-0.38774207831722007,0.80000000000002292,-0.38774207831722007,0.80000000000002292,-0.38774207831722007,0
side,0.80000000000000004,1.5,1,1,0.38774207831722007,0,-0.38774207831722007,0.037928840266642283,-0.078137571723619625,0.037928840266642283,-0.4658796500408397,0.83792884026667735,-0.4658796500408397,0.83792884026667735,-0.4658796500408397,0
side,0.80000000000000004,1.5,4,1,0.38774207831722007,0,-0.38774207831722007,0.15171536106656913,-0.3125502868944785,0.15171536106656913,-0.70029236521169858,0.95171536106652965,-0.70029236521169858,0.95171536106652965,-0.70029236521169858,0
side,0.80000000000000004,1.5249999999999999,0,1,0.34218118311665979,0,-0.34218118311665979,0,0,0,-0.34218118311665979,0.80000000000002292,-0.34218118311665979,0.80000000000002292,-0.34218118311665979,0
side,0.80000000000000004,1.5249999999999999,1,1,0.34218118311665979,0,-0.34218118311665979,0.036519804864706629,-0.075234804225170815,0.036519804864706629,-0.41741598734183061,0.83651980486465494,-0.41741598734183061,0.83651980486465494,-0.41741598734183061,0
side,0.80000000000000004,1.5249999999999999,4,1,0.34218118311665979,0,-0.34218118311665979,0.14607921945882651,-0.30093921690068326,0.14607921945882651,-0.64312040001734305,0.94607921945877305,-0.64312040001734305,0.94607921945877305,-0.64312040001734305,0
side,0.80000000000000004,1.55,0,1,0.30197383422318391,0,-0.30197383422318391,0,0,0,-0.30197383422318391,0.80000000000002292,-0.30197383422318391,0.80000000000002292,-0.30197383422318391,0
side,0.80000000000000004,1.55,1,1,0.30197383422318391,0,-0.30197383422318391,0.035163114347295535,-0.072439872931049587,0.035163114347295535,-0.3744137071542335,0.83516311434728152,-0.3744137071542335,0.83516311434728152,-0.3744137071542335,0
side,0.80000000000000004,1.55,4,1,0.30197383422318391,0,-0.30197383422318391,0.14065245738918214,-0.28975949172419835,0.14065245738918214,-0.59173332594738226,0.94065245738916836,-0.59173332594738226,0.94065245738916836,-0.59173332594738226,0
side,0.80000000000000004,1.5750000000000002,0,1,0.26649097336355582,0,-0.26649097336355582,0,0,0,-0.26649097336355582,0.80000000000002292,-0.26649097336355582,0.80000000000002292,-0.26649097336355582,0
side,0.80000000000000004,1.5750000000000002,1,1,0.26649097336355582,0,-0.26649097336355582,0.033856824130949967,-0.069748771786010577,0.033856824130949967,-0.33623974514956639,0.83385682413095186,-0.33623974514956639,0.83385682413095186,-0.33623974514956639,0
side,0.80000000000000004,1.5750000000000002,4,1,0.26649097336355582,0,-0.26649097336355582,0.13542729652379987,-0.27899508714404225,0.13542729652379987,-0.54548606050759807,0.93542729652384971,-0.54548606050759807,0.93542729652384971,-0.54548606050759807,0
side,0.80000000000000004,1.6000000000000001,0,1,0.23517745856009148,0,-0.23517745856009148,0,0,0,-0.23517745856009148,0.80000000000002292,-0.23517745856009148,0.80000000000002292,-0.23517745856009148,0
side,0.80000000000000004,1.6000000000000001,1,1,0.23517745856009148,0,-0.23517745856009148,0.032599061872408838,-0.067157643557540725,0.032599061872408838,-0.3023351021176322,0.83259906187238553,-0.3023351021176322,0.83259906187238553,-0.3023351021176322,0
side,0.80000000000000004,1.6000000000000001,4,1,0.23517745856009148,0,-0.23517745856009148,0.13039624748963535,-0.26863057423016296,0.13039624748963535,-0.50380803279025443,0.93039624748958438,-0.50380803279025443,0.93039624748958438,-0.50380803279025443,0
side,0.80000000000000004,1.625,0,1,0.20754337873699741,0,-0.20754337873699741,0,0,0,-0.20754337873699741,0.80000000000002292,-0.20754337873699741,0.80000000000002292,-0.20754337873699741,0
side,0.80000000000000004,1.625,1,1,0.20754337873699741,0,-0.20754337873699741,0.031388024784926041,-0.064662774307178428,0.031388024784926041,-0.27220615304417584,0.83138802478488483,-0.27220615304417584,0.83138802478488483,-0.27220615304417584,0
side,0.80000000000000004,1.625,4,1,0.20754337873699741,0,-0.20754337873699741,0.12555209913970417,-0.2586510972287136,0.12555209913970417,-0.46619447596571101,0.92555209913969261,-0.46619447596571101,0.92555209913969261,-0.46619447596571101,0
side,0.80000000000000004,1.6499999999999999,0,1,0.18315638888734148,0,-0.18315638888734148,0,0,0,-0.18315638888734148,0.80000000000002292,-0.18315638888734148,0.80000000000002292,-0.18315638888734148,0
side,0.80000000000000004,1.6499999999999999,1,1,0.18315638888734148,0,-0.18315638888734148,0.030221977054284217,-0.062260588067217848,0.030221977054284217,-0.24541697695455933,0.83022197705429068,-0.24541697695455933,0.83022197705429068,-0.24541697695455933,0
side,0.80000000000000004,1.6499999999999999,4,1,0.18315638888734148,0,-0.18315638888734148,0.12088790821713687,-0.24904235226887145,0.12088790821713687,-0.43219874115621293,0.92088790821709399,-0.43219874115621293,0.92088790821709399,-0.43219874115621293,0
side,0.80000000000000004,1.675,0,1,0.16163494588165819,0,-0.16163494588165819,0,0,0,-0.16163494588165819,0.80000000000002292,-0.16163494588165819,0.80000000000002292,-0.16163494588165819,0
side,0.80000000000000004,1.675,1,1,0.16163494588165819,0,-0.16163494588165819,0.029099247350802486,-0.059947641715172473,0.029099247350802486,-0.22158258759683067,0.8290992473507508,-0.22158258759683067,0.8290992473507508,-0.22158258759683067,0
side,0.80000000000000004,1.675,4,1,0.16163494588165819,0,-0.16163494588165819,0.11639698940320994,-0.23979056686068992,0.11639698940320994,-0.40142551274234811,0.9163969894031565,-0.40142551274234811,0.9163969894031565,-0.40142551274234811,0
side,0.80000000000000004,1.7000000000000002,0,1,0.14264233908999305,0,-0.14264233908999305,0,0,0,-0.14264233908999305,0.80000000000002292,-0.14264233908999305,0.80000000000002292,-0.14264233908999305,0
side,0.80000000000000004,1.7000000000000002,1,1,0.14264233908999305,0,-0.14264233908999305,0.028018226433771665,-0.057720620038648501,0.028018226433771665,-0.20036295912864155,0.82801822643374656,-0.20036295912864155,0.82801822643374656,-0.20036295912864155,0
side,0.80000000000000004,1.7000000000000002,4,1,0.14264233908999305,0,-0.14264233908999305,0.11207290573508666,-0.23088248015459398,0.11207290573508666,-0.37352481924458703,0.91207290573513955,-0.37352481924458703,0.91207290573513955,-0.37352481924458703,0
side,0.80000000000000004,1.7250000000000001,0,1,0.12588142242434019,0,-0.12588142242434019,0,0,0,-0.12588142242434019,0.80000000000002292,-0.12588142242434019,0.80000000000002292,-0.12588142242434019,0
side,0.80000000000000004,1.7250000000000001,1,1,0.12588142242434019,0,-0.12588142242434019,0.026977364844883209,-0.055576330983555466,0.026977364844883209,-0.18145775340789566,0.82697736484482753,-0.18145775340789566,0.82697736484482753,-0.18145775340789566,0
side,0.80000000000000004,1.7250000000000001,4,1,0.12588142242434019,0,-0.12588142242434019,0.10790945937953283,-0.22230532393422192,0.10790945937953283,-0.34818674635856212,0.90790945937957446,-0.34818674635856212,0.90790945937957446,-0.34818674635856212,0
side,0.80000000000000004,1.75,0,1,0.11108996538242306,0,-0.11108996538242306,0,0,0,-0.11108996538242306,0.80000000000002292,-0.11108996538242306,0.80000000000002292,-0.11108996538242306,0
side,0.80000000000000004,1.75,1,1,0.11108996538242306,0,-0.11108996538242306,0.025975170687346432,-0.053511701078844301,0.025975170687346432,-0.16460166646126737,0.82597517068738746,-0.16460166646126737,0.82597517068738746,-0.16460166646126737,0
side,0.80000000000000004,1.75,4,1,0.11108996538242306,0,-0.11108996538242306,0.10390068274938573,-0.2140468043153772,0.10390068274938573,-0.32513676969780025,0.90390068274937008,-0.32513676969780025,0.90390068274937008,-0.32513676969780025,0
side,0.80000000000000004,1.7750000000000001,0,1,0.098036550358218108,0,-0.098036550358218108,0,0,0,-0.098036550358218108,0.80000000000002292,-0.098036550358218108,0.80000000000002292,-0.098036550358218108,0
side,0.80000000000000004,1.7750000000000001,1,1,0.098036550358218108,0,-0.098036550358218108,0.025010207487509782,-0.051523771031212376,0.025010207487509782,-0.14956032138943048,0.82501020748748655,-0.14956032138943048,0.82501020748748655,-0.14956032138943048,0
side,0.80000000000000004,1.7750000000000001,4,1,0.098036550358218108,0,-0.098036550358218108,0.10004082995003913,-0.20609508412484956,0.10004082995003913,-0.30413163448306768,0.90004082994998846,-0.30413163448306768,0.90004082994998846,-0.30413163448306768,0
side,0.80000000000000004,1.8,0,1,0.086516952031206032,0,-0.086516952031206032,0,0,0,-0.086516952031206032,0.80000000000002292,-0.086516952031206032,0.80000000000002292,-0.086516952031206032,0
side,0.80000000000000004,1.8,1,1,0.086516952031206032,0,-0.086516952031206032,0.024081092135922029,-0.049609691483463766,0.024081092135922029,-0.1361266435146698,0.82408109213594205,-0.1361266435146698,0.82408109213594205,-0.1361266435146698,0
side,0.80000000000000004,1.8,4,1,0.086516952031206032,0,-0.086516952031206032,0.096324368543688116,-0.19843876593385501,0.096324368543688116,-0.28495571796506103,0.89632436854369946,-0.28495571796506103,0.89632436854369946,-0.28495571796506103,0
side,0.80000000000000004,1.825,0,1,0.076350942188599891,0,-0.076350942188599891,0,0,0,-0.076350942188599891,0.80000000000002292,-0.076350942188599891,0.80000000000002292,-0.076350942188599891,0
side,0.80000000000000004,1.825,1,1,0.076350942188599891,0,-0.076350942188599891,0.023186492904881763,-0.047766718930443722,0.023186492904881763,-0.12411766111904361,0.82318649290491486,-0.1241176611190436,0.82318649290491486,-0.1241176611190436,0
side,0.80000000000000004,1.825,4,1,0.076350942188599891,0,-0.076350942188599891,0.092745971619527051,-0.19106687572177489,0.092745971619527051,-0.26741781791037478,0.89274597161947966,-0.26741781791037478,0.89274597161947966,-0.26741781791037478,0
side,0.80000000000000004,1.8500000000000001,0,1,0.067379469990854785,0,-0.067379469990854785,0,0,0,-0.067379469990854785,0.80000000000002292,-0.067379469990854785,0.80000000000002292,-0.067379469990854785,0
side,0.80000000000000004,1.8500000000000001,1,1,0.067379469990854785,0,-0.067379469990854785,0.022325127539633803,-0.045992211786693854,0.022325127539633803,-0.11337168177754864,0.82232512753965814,-0.11337168177754864,0.82232512753965814,-0.11337168177754864,0
side,0.80000000000000004,1.8500000000000001,4,1,0.067379469990854785,0,-0.067379469990854785,0.089300510158535212,-0.18396884714677539,0.089300510158535212,-0.25134831713763017,0.88930051015856382,-0.25134831713763017,0.88930051015856382,-0.25134831713763017,0
side,0.80000000000000004,1.875,0,1,0.059462173564720992,0,-0.059462173564720992,0,0,0,-0.059462173564720992,0.80000000000002292,-0.059462173564720992,0.80000000000002292,-0.059462173564720992,0
side,0.80000000000000004,1.875,1,1,0.059462173564720992,0,-0.059462173564720992,0.021495761420476756,-0.044283626600192146,0.021495761420476756,-0.10374580016491314,0.82149576142043212,-0.10374580016491314,0.82149576142043212,-0.10374580016491314,0
side,0.80000000000000004,1.875,4,1,0.059462173564720992,0,-0.059462173564720992,0.085983045681907025,-0.17713450640076858,0.085983045681907025,-0.23659667996548958,0.8859830456818818,-0.23659667996548958,0.8859830456818818,-0.23659667996548958,0
side,0.80000000000000004,1.9000000000000001,0,1,0.052475183991813792,0,-0.052475183991813792,0,0,0,-0.052475183991813792,0.80000000000002292,-0.052475183991813792,0.80000000000002292,-0.052475183991813792,0
side,0.80000000000000004,1.9000000000000001,1,1,0.052475183991813792,0,-0.052475183991813792,0.020697205793147117,-0.04263851440675008,0.020697205793147117,-0.095113698398563873,0.82069720579314165,-0.095113698398563873,0.82069720579314165,-0.095113698398563873,0
side,0.80000000000000004,1.9000000000000001,4,1,0.052475183991813792,0,-0.052475183991813792,0.082788823172588469,-0.17055405762700032,0.082788823172588469,-0.2230292416188141,0.88278882317260887,-0.2230292416188141,0.88278882317260887,-0.2230292416188141,0
side,0.80000000000000004,1.925,0,1,0.046309187335332333,0,-0.046309187335332333,0,0,0,-0.046309187335332333,0.80000000000002292,-0.046309187335332333,0.80000000000002292,-0.046309187335332333,0
side,0.80000000000000004,1.925,1,1,0.046309187335332333,0,-0.046309187335332333,0.019928316064943628,-0.04105451721984181,0.019928316064943628,-0.087363704555174143,0.81992831606492178,-0.087363704555174143,0.81992831606492178,-0.087363704555174143,0
side,0.80000000000000004,1.925,4,1,0.046309187335332333,0,-0.046309187335332333,0.079713264259774513,-0.16421806887936724,0.079713264259774513,-0.21052725621469959,0.8797132642597294,-0.21052725621469959,0.8797132642597294,-0.21052725621469959,0
side,0.80000000000000004,1.9500000000000002,0,1,0.040867714384640846,0,-0.040867714384640846,0,0,0,-0.040867714384640846,0.80000000000002292,-0.040867714384640846,0.80000000000002292,-0.040867714384640846,0
side,0.80000000000000004,1.9500000000000002,1,1,0.040867714384640846,0,-0.040867714384640846,0.019187990164149821,-0.039529364650834703,0.019187990164149821,-0.080397079035475549,0.81918799016411636,-0.080397079035475549,0.81918799016411636,-0.080397079035475549,0
side,0.80000000000000004,1.9500000000000002,4,1,0.040867714384640846,0,-0.040867714384640846,0.076751960656599283,-0.15811745860333878,0.076751960656599283,-0.19898517298797963,0.87675196065661876,-0.19898517298797963,0.87675196065661876,-0.19898517298797963,0
side,0.80000000000000004,1.9750000000000001,0,1,0.036065631360157398,0,-0.036065631360157398,0,0,0,-0.036065631360157398,0.80000000000002292,-0.036065631360157398,0.80000000000002292,-0.036065631360157398,0
side,0.80000000000000004,1.9750000000000001,1,1,0.036065631360157398,0,-0.036065631360157398,0.018475166960402713,-0.038060870654775585,0.018475166960402713,-0.074126502014932982,0.81847516696043066,-0.074126502014932982,0.81847516696043066,-0.074126502014932982,0
side,0.80000000000000004,1.9750000000000001,4,1,0.036065631360157398,0,-0.036065631360157398,0.073900667841610854,-0.15224348261910231,0.073900667841610854,-0.1883091139792597,0.87390066784165388,-0.1883091139792597,0.87390066784165388,-0.1883091139792597,0
side,0.80000000000000004,2,0,1,0.031827807965096697,0,-0.031827807965096697,0,0,0,-0.031827807965096697,0.80000000000002292,-0.031827807965096697,0.80000000000002292,-0.031827807965096697,0
side,0.80000000000000004,2,1,1,0.031827807965096697,0,-0.031827807965096697,0.017788824743744568,-0.036646930397070426,0.017788824743744568,-0.068474738362167123,0.81778882474370374,-0.068474738362167123,0.81778882474370374,-0.068474738362167123,0
side,0.80000000000000004,2,4,1,0.031827807965096697,0,-0.031827807965096697,0.07115529897497827,-0.14658772158828171,0.07115529897497827,-0.17841552955337842,0.87115529897496824,-0.17841552955337842,0.87115529897496824,-0.17841552955337842,0
edge,0,0.75,0,1,16.487212707001216,1.4369552693173364,-16.424473885025467,0,0,1.4369552693173364,-16.424473885025467,5.4369552693173366,-16.424473885025467,0.94277133986286232,-2.8480137290282115,1
edge,0,0.75,1,1,16.487212707001216,1.4369552693173364,-16.424473885025467,0.025562597648700613,-0.29218182811908733,1.462517866966037,-16.716655713144554,5.4625178669660368,-16.716655713144554,0.93182470214076396,-2.8516140560181484,1
edge,0,0.75,4,1,16.487212707001216,1.4369552693173364,-16.424473885025467,0.10225039059480268,-1.1687273124763564,1.5392056599121391,-17.593201197501823,5.5392056599121391,-17.593201197501823,0.90094719673755375,-2.8615195523865884,1
edge,0,0.77500000000000002,0,1,14.549914146182054,1.2681085743251443,-14.494547330116649,0,0,1.2681085743251443,-14.494547330116649,5.2681085743251446,-14.494547330116649,1.0247763101194749,-2.8195449126087553,1
edge,0,0.77500000000000002,1,1,14.549914146182054,1.2681085743251443,-14.494547330116649,0.023800383223254951,-0.27203962506757051,1.2919089575483993,-14.76658695518422,5.2919089575483991,-14.76658695518422,1.0120833821173532,-2.824125922766529,1
edge,0,0.77500000000000002,4,1,14.549914146182054,1.2681085743251443,-14.494547330116649,0.095201532893019802,-1.0881585002702785,1.3633101072181641,-15.582705830386928,5.3633101072181644,-15.582705830386928,0.97633896239155349,-2.8366815525391957,1
edge,0,0.80000000000000004,0,1,12.840254166877404,1.1191018889829065,-12.791393123193714,0,0,1.1191018889829065,-12.791393123193714,5.1191018889829065,-12.791393123193714,1.1146496661390941,-2.7852389703176286,1
edge,0,0.80000000000000004,1,1,12.840254166877404,1.1191018889829065,-12.791393123193714,0.022159650961864674,-0.25328596950505045,1.1412615399447712,-13.044679092698765,5.1412615399447716,-13.044679092698765,1.1000270563837178,-2.7910464838880369,1
edge,0,0.80000000000000004,4,1,12.840254166877404,1.1191018889829065,-12.791393123193714,0.088638603847458475,-1.0131438780201982,1.207740492830365,-13.804537001213912,5.2077404928303652,-13.804537001213912,1.0589014341531759,-2.806907150717378,1
edge,0,0.82499999999999996,0,1,11.331484530668222,0.9876039507039851,-11.288364810960314,0,0,0.9876039507039851,-11.288364810960314,4.9876039507039849,-11.288364810960314,1.2124349690833303,-2.7440848102316195,1
edge,0,0.82499999999999996,1,1,11.331484530668222,0.9876039507039851,-11.288364810960314,0.020632026221824473,-0.23582513882739775,1.0082359769258096,-11.524189949787711,5.0082359769258096,-11.524189949787711,1.1957202286888475,-2.7514092997415505,1
edge,0,0.82499999999999996,4,1,11.331484530668222,0.9876039507039851,-11.288364810960314,0.082528104887298115,-0.94330055530959278,1.0701320555912832,-12.231665366269906,5.0701320555912837,-12.231665366269906,1.1487484739990985,-2.7713493001577305,1
edge,0,0.84999999999999998,0,1,10.000000000000018,0.87155742747658538,-9.9619469809174728,0,0,0.87155742747658538,-9.9619469809174728,4.8715574274765849,-9.9619469809174728,1.3179081745638752,-2.6950172621743476,1
edge,0,0.84999999999999998,1,1,10.000000000000018,0.87155742747658538,-9.9619469809174728,0.019209711685018283,-0.2195680092807244,0.89076713916160366,-10.181514990198197,4.8907671391616034,-10.181514990198197,1.2989788782088756,-2.7041919077549235,1
edge,0,0.84999999999999998,4,1,10.000000000000018,0.87155742747658538,-9.9619469809174728,0.07683884674007313,-0.87827203712289581,0.94839627421665851,-10.840219018040369,4.948396274216659,-10.840219018040369,1.245793845751878,-2.729101994042499,1
edge,0,0.875,0,1,8.8249690258459399,0.76914673017268409,-8.7913873543716008,0,0,0.76914673017268409,-8.7913873543716008,4.7691467301726842,-8.7913873543716008,1.4305062017965819,-2.6369778168618554,1
edge,0,0.875,1,1,8.8249690258459399,0.76914673017268409,-8.7913873543716008,0.017885447558765866,-0.20443160105498848,0.78703217773144996,-8.9958189554265893,4.78703217773145,-8.9958189554265893,1.4093029159701898,-2.6483703085176584,1
edge,0,0.875,4,1,8.8249690258459399,0.76914673017268409,-8.7913873543716008,0.071541790235063685,-0.81772640421995391,0.84068852040774777,-9.6091137585915547,4.8406885204077481,-9.6091137585915547,1.3496941941522793,-2.6792397396036862,1
edge,0,0.90000000000000002,0,1,7.7880078307140144,0.67876960701046318,-7.7583721096542968,0,0,0.67876960701046318,-7.7583721096542968,4.6787696070104632,-7.7583721096542968,1.5492650187014101,-2.5690032895712926,1
edge,0,0.90000000000000002,1,1,7.7880078307140144,0.67876960701046318,-7.7583721096542968,0.016652474520315153,-0.1903386547376007,0.69542208153077834,-7.9487107643918975,4.6954220815307783,-7.9487107643918984,1.5258161886491868,-2.5829992176646259,1
edge,0,0.90000000000000002,4,1,7.7880078307140144,0.67876960701046318,-7.7583721096542968,0.066609898081260499,-0.76135461895040546,0.74537950509172368,-8.5197267286047023,4.7453795050917238,-8.5197267286047023,1.4597953235367294,-2.6208772602661683,1
edge,0,0.92500000000000004,0,1,6.8728927879097279,0.59901207575530258,-6.8467393558686664,0,0,0.59901207575530258,-6.8467393558686664,4.5990120757553026,-6.8467393558686664,1.672782795400148,-2.4903408841789645,1
edge,0,0.92500000000000004,1,1,6.8728927879097279,0.59901207575530258,-6.8467393558686664,0.015504499215835077,-0.17721723696511571,0.61451657497113765,-7.0239565928337822,4.6145165749711374,-7.0239565928337822,1.6472279157003262,-2.5073173300836014,1
edge,0,0.92500000000000004,4,1,6.8728927879097279,0.59901207575530258,-6.8467393558686664,0.062017996863340419,-0.70886894786046106,0.66103007261864299,-7.5556083037291275,4.6610300726186429,-7.5556083037291275,1.5750916644586201,-2.553250134348958,1
edge,0,0.94999999999999996,0,1,6.0653065971263267,0.52862630146481238,-6.0422262743581339,0,0,0.52862630146481238,-6.0422262743581339,4.5286263014648123,-6.0422262743581339,1.7992260527163746,-2.4005802655247028,1
edge,0,0.94999999999999996,1,1,6.0653065971263267,0.52862630146481238,-6.0422262743581339,0.01443566213781422,-0.16500037326020944,0.5430619636026266,-6.2072266476183433,4.5430619636026268,-6.2072266476183433,1.7718319401102107,-2.4208700039459545,1
edge,0,0.94999999999999996,4,1,6.0653065971263267,0.52862630146481238,-6.0422262743581339,0.057742648551256881,-0.66000149304083688,0.58636895001606926,-6.7022277673989707,4.5863689500160696,-6.7022277673989707,1.6942113054501864,-2.4758126044765136,1
edge,0,0.97499999999999998,0,1,5.3526142851899241,0.46651107366745198,-5.3322459718363406,0,0,0.46651107366745198,-5.3322459718363406,4.4665110736674523,-5.3322459718363406,1.9263944160284292,-2.2997835884914228,1
edge,0,0.97499999999999998,1,1,5.3526142851899241,0.46651107366745198,-5.3322459718363406,0.013440507716901418,-0.15362570617985138,0.4799515813843534,-5.485871678016192,4.4799515813843538,-5.485871678016192,1.8975587482000091,-2.3236331029509829,1
edge,0,0.97499999999999998,4,1,5.3526142851899241,0.46651107366745198,-5.3322459718363406,0.053762030867605726,-0.61450282471940554,0.52027310453505771,-5.9467487965557462,4.5202731045350575,-5.9467487965557462,1.8154392074814569,-2.388342622811706,1
edge,0,1,0,1,4.7236655274101533,0.41169457753294031,-4.705690553964744,0,0,0.41169457753294031,-4.705690553964744,4.4116945775329404,-4.705690553964744,2.0518505368246664,-2.1885861588094557,1
edge,0,1,1,1,4.7236655274101533,0.41169457753294031,-4.705690553964744,0.012513956475531662,-0.14303517702980528,0.42420853400847197,-4.8487257309945493,4.4242085340084722,-4.8487257309945493,2.0220879118262052,-2.2161138230800184,1
edge,0,1,4,1,4.7236655274101533,0.41169457753294031,-4.705690553964744,0.050055825902126538,-0.57214070811922291,0.46175040343506685,-5.2778312620839669,4.461750403435067,-5.2778312620839669,1.9367876317496211,-2.2910376839986055,1
edge,0,1.0249999999999999,0,1,4.1686201967850778,0.36331918948369318,-4.152757338395463,0,0,0.36331918948369318,-4.152757338395463,4.3633191894836933,-4.152757338395463,2.1731063040833716,-2.0682381369545211,1
edge,0,1.0249999999999999,1,1,4.1686201967850778,0.36331918948369318,-4.152757338395463,0.011651279101203615,-0.13317472952082721,0.3749704685848968,-4.2859320679162902,4.3749704685848965,-4.2859320679162902,2.1430153322079009,-2.099401173173403,1
edge,0,1.0249999999999999,4,1,4.1686201967850778,0.36331918948369318,-4.152757338395463,0.046605116404814351,-0.53269891808330794,0.40992430588850753,-4.685456256478771,4.4099243058885076,-4.685456256478771,2.0561146482767918,-2.1845806355320478,1
edge,0,1.05,0,1,3.678794411714402,0.32062805936890432,-3.6647954883194291,0,0,0.32062805936890432,-3.6647954883194291,4.3206280593689046,-3.6647954883194291,2.2878387439430559,-1.9405653510544445,1
edge,0,1.05,1,1,3.678794411714402,0.32062805936890432,-3.6647954883194291,-0.11314596154691808,-0.13484210616106607,0.20748209782198623,-3.7996375944804952,4.2074820978219858,-3.7996375944804952,2.2264839666850991,-2.0106638570616893,1
edge,0,1.05,4,1,3.678794411714402,0.32062805936890432,-3.6647954883194291,-0.45258384618767239,-0.53936842464426427,-0.13195578681876807,-4.2041639129636934,3.868044213181232,-4.2041639129636934,2.031230288150772,-2.2077371937119086,1
edge,0,1.075,0,1,3.2465246735834974,0.2829532692747706,-3.2341706670479149,0,0,0.2829532692747706,-3.2341706670479149,4.2829532692747705,-3.2341706670479149,2.3940961731373536,-1.8078449916320469,1
edge,0,1.075,1,1,3.2465246735834974,0.2829532692747706,-3.2341706670479149,0.010100236356654579,-0.11544622982681263,0.29305350563142518,-3.3496168968747275,4.2930535056314252,-3.3496168968747275,2.365230314391237,-1.8454499613602995,1
edge,0,1.075,4,1,3.2465246735834974,0.2829532692747706,-3.2341706670479149,0.040400945426618318,-0.46178491930725052,0.32335421470138892,-3.6959555863551654,4.3233542147013893,-3.6959555863551654,2.2803158255285507,-1.9493998399107462,1
edge,0,1.1000000000000001,0,1,2.865047968601897,0.24970538371116552,-2.8541455960997357,0,0,0.24970538371116552,-2.8541455960997357,4.2497053837111656,-2.8541455960997357,2.4904540034300475,-1.6726143777928149,1
edge,0,1.1000000000000001,1,1,2.865047968601897,0.24970538371116552,-2.8541455960997357,0.0094039541378944103,-0.10748768764890304,0.25910933784905993,-2.9616332837486388,4.2591093378490603,-2.9616332837486388,2.4630477632738659,-1.7127158888244149,1
edge,0,1.1000000000000001,4,1,2.865047968601897,0.24970538371116552,-2.8541455960997357,0.037615816551577697,-0.42995075059561261,0.28732120026274321,-3.2840963466953483,4.2873212002627437,-3.2840963466953483,2.3815832867135693,-1.8242974122786535,1
edge,0,1.125,0,1,2.5283959580474731,0.22036422768380332,-2.5187746480834923,0,0,0.22036422768380332,-2.5187746480834923,4.2203642276838034,-2.5187746480834923,2.5760920351117611,-1.5374491297710453,1
edge,0,1.125,1,1,2.5283959580474731,0.22036422768380332,-2.5187746480834923,0.0087556716798371514,-0.10007778524634547,0.22911989936364047,-2.6188524333298377,4.2291198993636403,-2.6188524333298377,2.5505725143776679,-1.5794238977871589,1
edge,0,1.125,4,1,2.5283959580474731,0.22036422768380332,-2.5187746480834923,0.035022686719348661,-0.4003111409853819,0.25538691440315198,-2.9190857890688742,4.255386914403152,-2.9190857890688742,2.4738865755683728,-1.6970224545428352,1
edge,0,1.1499999999999999,0,1,2.2313016014842995,0.19447074837140288,-2.2228108252422802,0,0,0.19447074837140288,-2.2228108252422802,4.194470748371403,-2.2228108252422802,2.6507863373037921,-1.4047532857991631,1
edge,0,1.1499999999999999,1,1,2.2313016014842995,0.19447074837140288,-2.2228108252422802,0.0081520800124049719,-0.093178700918084445,0.20262282838380785,-2.3159895261603647,4.2026228283838076,-2.3159895261603647,2.6274464349920605,-1.4479382691425462,1
edge,0,1.1499999999999999,4,1,2.2313016014842995,0.19447074837140288,-2.2228108252422802,0.032608320049619832,-0.37271480367233689,0.22707906842102271,-2.5955256289146171,4.2270790684210224,-2.5955256289146171,2.5565269557283181,-1.5697674747027011,1
edge,0,1.175,0,1,1.9691167520419355,0.17161983308107115,-1.9616236683078145,0,0,0.17161983308107115,-1.9616236683078145,4.1716198330810714,-1.9616236683078145,2.71482996231371,-1.2765963636654065,1
edge,0,1.175,1,1,1.9691167520419355,0.17161983308107115,-1.9616236683078145,0.0075900982767193592,-0.086755220286001355,0.17920993135779051,-2.0483788885938159,4.1792099313577902,-2.0483788885938159,2.6938267274871199,-1.3203399419376949,1
edge,0,1.175,4,1,1.9691167520419355,0.17161983308107115,-1.9616236683078145,0.030360393106877492,-0.34702088114400476,0.20198022618794864,-2.3086445494518193,4.2019802261879491,-2.3086445494518193,2.6292933757003301,-1.4445817195639592,1
edge,0,1.2,0,1,1.7377394345044554,0.15145397111613182,-1.7311268113182865,0,0,0.15145397111613182,-1.7311268113182865,4.1514539711161316,-1.7311268113182865,2.768909964810045,-1.1546157831831481,1
edge,0,1.2,1,1,1.7377394345044554,0.15145397111613182,-1.7311268113182865,0.0070668579997490433,-0.080774556553318888,0.15852082911588086,-1.8119013678716054,4.1585208291158811,-1.8119013678716054,2.7502785621418551,-1.1983187516779219,1
edge,0,1.2,4,1,1.7377394345044554,0.15145397111613182,-1.7311268113182865,0.028267431998996201,-0.32309822621327511,0.17972140311512802,-2.0542250375315616,4.1797214031151277,-2.0542250375315616,2.6924007303524014,-1.3232453692334822,1
edge,0,1.2250000000000001,0,1,1.5335496684492835,0.13365766039412297,-1.5277140489695304,0,0,0.13365766039412297,-1.5277140489695304,4.1336576603941229,-1.5277140489695304,2.8139706675550693,-1.0399851355378484,1
edge,0,1.2250000000000001,1,1,1.5335496684492835,0.13365766039412297,-1.5277140489695304,0.0065796884530199551,-0.075206183153892381,0.14023734884714292,-1.6029202321234228,4.1402373488471431,-1.6029202321234228,2.7976479412836692,-1.0831278763983727,1
edge,0,1.2250000000000001,4,1,1.5335496684492835,0.13365766039412297,-1.5277140489695304,0.026318753812079793,-0.30082473261556975,0.15997641420620276,-1.8285387815851002,4.159976414206203,-1.8285387815851002,2.7463953445060745,-1.2071920359559043,1
edge,0,1.25,0,1,1.3533528323661226,0.11795247130451719,-1.3482029162505782,0,0,0.11795247130451719,-1.3482029162505782,4.117952471304517,-1.3482029162505782,2.8510871156924029,-0.93343572822812704,1
edge,0,1.25,1,1,1.3533528323661226,0.11795247130451719,-1.3482029162505782,0.0061261030206552214,-0.070021677938192806,0.12407857432517241,-1.418224594188771,4.1240785743251722,-1.418224594188771,2.8369386884649601,-0.97559155279794807,1
edge,0,1.25,4,1,1.3533528323661226,0.11795247130451719,-1.3482029162505782,0.024504412082620858,-0.28008671175277144,0.14245688338713805,-1.6282896280033496,4.1424568833871378,-1.6282896280033496,2.7920489352082107,-1.0974801790477562,1
edge,0,1.2749999999999999,0,1,1.1943296826671994,0.10409269057843407,-1.189784897646661,0,0,0.10409269057843407,-1.189784897646661,4.1040926905784341,-1.189784897646661,2.881362899322172,-0.83531302061546353,1
edge,0,1.2749999999999999,1,1,1.1943296826671994,0.10409269057843407,-1.189784897646661,0.0057037865071644656,-0.065194578100674638,0.10979647708559853,-1.2549794757473356,4.1097964770855988,-1.2549794757473356,2.8692091269847699,-0.87615009309323988,1
edge,0,1.2749999999999999,4,1,1.1943296826671994,0.10409269057843407,-1.189784897646661,0.022815146028657862,-0.26077831240269855,0.12690783660709193,-1.4505632100493595,4.1269078366070922,-1.4505632100493595,2.8302584509872912,-0.99480505658898721,1
edge,0,1.3,0,1,1.0539922456186432,0.091861477017164683,-1.0499814869151052,0,0,0.091861477017164683,-1.0499814869151052,4.0918614770171651,-1.0499814869151052,2.9058572162447307,-0.7456499438734131,1
edge,0,1.3,1,1,1.0539922456186432,0.091861477017164683,-1.0499814869151052,0.0053105833201988473,-0.060700245108044948,0.097172060337363531,-1.1106817320231501,4.0971720603373631,-1.1106817320231501,2.8954951947943943,-0.78492520466766569,1
edge,0,1.3,4,1,1.0539922456186432,0.091861477017164683,-1.0499814869151052,0.021242333280795389,-0.24280098043218024,0.11310381029796007,-1.2927824673472854,4.11310381029796,-1.2927824673472854,2.8619627007041517,-0.89953849266065267,1
edge,0,1.3250000000000002,0,1,0.93014489210663198,0.08106746893449375,-0.92660540997374552,0,0,0.08106746893449375,-0.92660540997374552,4.0810674689344939,-0.92660540997374552,2.9255394668987833,-0.66424304860313299,1
edge,0,1.3250000000000002,1,1,0.93014489210663198,0.08106746893449375,-0.92660540997374552,0.0049444864679541456,-0.056515738939011628,0.086011955402447896,-0.98312114891275715,4.0860119554024479,-0.98312114891275715,2.9167599673860929,-0.70179148801754232,1
edge,0,1.3250000000000002,4,1,0.93014489210663198,0.08106746893449375,-0.92660540997374552,0.019777945871816582,-0.22606295575604674,0.10084541480631033,-1.1526683657297923,4.1008454148063107,-1.1526683657297923,2.888080246768455,-0.81178352300712697,1
edge,0,1.3500000000000001,0,1,0.82084998623899064,0.071541790235064323,-0.81772640421996479,0,0,0.071541790235064323,-0.81772640421996479,4.0715417902350639,-0.81772640421996479,2.9412662260056002,-0.59072242869115388,1
edge,0,1.3500000000000001,1,1,0.82084998623899064,0.071541790235064323,-0.81772640421996479,0.0046036273150623364,-0.052619700993583263,0.076145417550126659,-0.87034610521354805,4.0761454175501264,-0.87034610521354805,2.933865607548114,-0.62644440842451354,1
edge,0,1.3500000000000001,4,1,0.82084998623899064,0.071541790235064323,-0.81772640421996479,0.018414509260249373,-0.21047880397433305,0.089956299495313696,-1.0282052081942978,4.0899562994953138,-1.0282052081942978,2.9094682124026798,-0.73143333326992599,1
edge,0,1.375,0,1,0.72439757034251395,0.063135408287800968,-0.72164101888575471,0,0,0.063135408287800968,-0.72164101888575471,4.0631354082878008,-0.72164101888575471,2.9537744474870258,-0.52461082086887245,1
edge,0,1.375,1,1,0.72439757034251395,0.063135408287800968,-0.72164101888575471,0.0042862660446832818,-0.048992245074279794,0.067421674332484249,-0.77063326396003451,4.0674216743324845,-0.77063326396003451,2.9475622462555475,-0.55845931315446018,1
edge,0,1.375,4,1,0.72439757034251395,0.063135408287800968,-0.72164101888575471,0.017145064178733127,-0.19596898029711896,0.080280472466534095,-0.91760999918287367,4.0802804724665345,-0.91760999918287367,2.9268988590162142,-0.65822721691645913,1
edge,0,1.3999999999999999,0,1,0.63927861206707903,0.05571680225739864,-0.63684596394467385,0,0,0.05571680225739864,-0.63684596394467385,4.0557168022573986,-0.63684596394467385,2.9636852547615318,-0.46537050906678129,1
edge,0,1.3999999999999999,1,1,0.63927861206707903,0.05571680225739864,-0.63684596394467385,0.0039907827781138008,-0.045614855882799676,0.059707585035512441,-0.68246081982747353,4.0597075850355129,-0.68246081982747353,2.9584883895790921,-0.49733936977250226,1
edge,0,1.3999999999999999,4,1,0.63927861206707903,0.05571680225739864,-0.63684596394467385,0.015963131112455203,-0.18245942353119882,0.071679933369853843,-0.81930538747587267,4.0716799333698539,-0.81930538747587267,2.9410497157974591,-0.5917994332606995,1
edge,0,1.425,0,1,0.56416139503777396,0.049169905414072554,-0.56201459060467318,0,0,0.049169905414072554,-0.56201459060467318,4.0491699054140726,-0.56201459060467318,2.9715138178513891,-0.41243863824605265,1
edge,0,1.425,1,1,0.56416139503777396,0.049169905414072554,-0.56201459060467318,0.0037156693065855742,-0.042470294514037721,0.052885574720658128,-0.6044848851187109,4.0528855747206585,-0.6044848851187109,2.9671783439317578,-0.44255245485975475,1
edge,0,1.425,4,1,0.56416139503777396,0.049169905414072554,-0.56201459060467318,0.014862677226342283,-0.16988117805615088,0.064032582640414837,-0.73189576866082406,4.0640325826404151,-0.73189576866082406,2.9525031064691629,-0.5317192927569393,1
edge,0,1.4500000000000002,0,1,0.49787068367863896,0.043392289228295952,-0.49597613541597269,0,0,0.043392289228295952,-0.49597613541597269,4.0433922892282963,-0.49597613541597269,2.9776820836565578,-0.36525252726126839,1
edge,0,1.4500000000000002,1,1,0.49787068367863896,0.043392289228295952,-0.49597613541597269,0.0034595213930504812,-0.039542510465088887,0.046851810621346433,-0.53551864588106157,4.0468518106213462,-0.53551864588106157,2.9740732918996269,-0.39355819697894584,1
edge,0,1.4500000000000002,4,1,0.49787068367863896,0.043392289228295952,-0.49597613541597269,0.013838085572201918,-0.15817004186035571,0.05723037480049787,-0.6541461772763284,4.0572303748004979,-0.6541461772763284,2.9617515660321767,-0.47752241947991286,1
edge,0,1.4750000000000001,0,1,0.43936933623407198,0.038293560840025991,-0.43769740326047196,0,0,0.038293560840025991,-0.43769740326047196,4.0382935608400263,-0.43769740326047196,2.9825322321436212,-0.32326689317711949,1
edge,0,1.4750000000000001,1,1,0.43936933623407198,0.038293560840025991,-0.43769740326047196,0.0032210316046590998,-0.036816559710100893,0.04151459244468509,-0.47451396297057286,4.0415145924446847,-0.47451396297057286,2.97953371676974,-0.34982685807739056,1
edge,0,1.4750000000000001,4,1,0.43936933623407198,0.038293560840025991,-0.43769740326047196,0.012884126418636392,-0.14726623884040352,0.051177687258662383,-0.58496364210087548,4.0511776872586625,-0.58496364210087548,2.9692064782442218,-0.4287340545752657,1
edge,0,1.5,0,1,0.38774207831722102,0.033793948830258033,-0.38626660264668994,0,0,0.033793948830258033,-0.38626660264668994,4.0337939488302581,-0.38626660264668994,2.986339583785997,-0.2859648410432199,1
edge,0,1.5,1,1,0.38774207831722102,0.033793948830258033,-0.38626660264668994,0.0029989826393484326,-0.034278528422825805,0.036792931469606466,-0.42054513106951574,4.0367929314696065,-0.42054513106951574,2.9838517327774507,-0.31085179234003091,1
edge,0,1.5,4,1,0.38774207831722102,0.033793948830258033,-0.38626660264668994,0.011995930557393723,-0.13711411369130339,0.045789879387651757,-0.52338071633799332,4.0457898793876517,-0.52338071633799332,2.9752080641422487,-0.38488566492262538,1
edge,0,1.5249999999999999,0,1,0.34218118311665979,0.029823055168804954,-0.3408790804075772,0,0,0.029823055168804954,-0.3408790804075772,4.029823055168805,-0.3408790804075772,2.9893242848525929,-0.25286423232741806,1
edge,0,1.5249999999999999,1,1,0.34218118311665979,0.029823055168804954,-0.3408790804075772,0.0027922411124758524,-0.031915461957519486,0.032615296281280806,-0.37279454236509668,4.0326152962812811,-0.37279454236509668,2.987262506323455,-0.27615705371058197,1
edge,0,1.5249999999999999,4,1,0.34218118311665979,0.029823055168804954,-0.3408790804075772,0.011168964449903413,-0.12766184783007795,0.040992019618708367,-0.46854092823765514,4.0409920196187086,-0.46854092823765514,2.9800355110645365,-0.34552619697256892,1
edge,0,1.55,0,1,0.30197383422318641,0.026318753812080112,-0.30082473261557396,0,0,0.026318753812080112,-0.30082473261557396,4.0263187538120802,-0.30082473261557396,2.9916614909585295,-0.22352074515755366,1
edge,0,1.55,1,1,0.30197383422318641,0.026318753812080112,-0.30082473261557396,0.0025997517717856224,-0.029715298725706052,0.028918505583865734,-0.33054003134128002,4.0289185055838654,-0.33054003134128002,2.9899543794120165,-0.24530146561915192,1
edge,0,1.55,4,1,0.30197383422318641,0.026318753812080112,-0.30082473261557396,0.010399007087142496,-0.11886119490282415,0.036717760899222608,-0.41968592751839812,4.0367177608992222,-0.41968592751839812,2.9839165261897853,-0.31022921321417118,1
edge,0,1.5750000000000002,0,1,0.26649097336355521,0.023226218719047176,-0.26547689475408226,0,0,0.023226218719047176,-0.26547689475408226,4.0232262187190475,-0.26547689475408226,2.9934900089304226,-0.19752864712172297,1
edge,0,1.5750000000000002,1,1,0.26649097336355521,0.023226218719047176,-0.26547689475408226,0.0024205321111791731,-0.027666808631291118,0.025646750830226349,-0.29314370338537338,4.0256467508302265,-0.29314370338537338,2.9920775759281675,-0.217880195584231,1
edge,0,1.5750000000000002,4,1,0.26649097336355521,0.023226218719047176,-0.26547689475408226,0.0096821284447166991,-0.11066723452516458,0.032908347163763875,-0.37614412927924684,4.0329083471637635,-0.37614412927924684,2.9870359438591576,-0.27859696712891652,1
edge,0,1.6000000000000001,0,1,0.23517745856009073,0.020497066078311196,-0.2342825373282536,0,0,0.020497066078311196,-0.2342825373282536,4.0204970660783115,-0.2342825373282536,2.9949194902644392,-0.17452004708398058,1
edge,0,1.6000000000000001,1,1,0.23517745856009073,0.020497066078311196,-0.2342825373282536,0.00225366735579733,-0.025759535749789508,0.022750733434108526,-0.26004207307804311,4.0227507334341084,-0.26004207307804311,2.9937515289263845,-0.19352463163880743,1
edge,0,1.6000000000000001,4,1,0.23517745856009073,0.020497066078311196,-0.2342825373282536,0.0090146694231893199,-0.10303814299915792,0.029511735501500515,-0.33732068032741153,4.0295117355015009,-0.33732068032741153,2.9895432419400234,-0.25026227156872083,1
edge,0,1.625,0,1,0.20754337873699835,0.018088597326181566,-0.20675361352184488,0,0,0.018088597326181566,-0.20675361352184488,4.018088597326182,-0.20675361352184488,2.9960363335920444,-0.15416318560648437,1
edge,0,1.625,1,1,0.20754337873699835,0.018088597326181566,-0.20675361352184488,0.0020983057928168798,-0.023983744959084091,0.020186903118998446,-0.23073735848092897,4.0201869031189981,-0.23073735848092897,2.9950709497411614,-0.17190115187681534,1
edge,0,1.625,4,1,0.20754337873699835,0.018088597326181566,-0.20675361352184488,0.0083932231712675123,-0.095934979836336393,0.026481820497449078,-0.30268859335818127,4.0264818204974491,-0.30268859335818127,2.9915589607203112,-0.22488882705463772,1
edge,0,1.6499999999999999,0,1,0.18315638888734218,0.015963131112455207,-0.18245942353120018,0,0,0.015963131112455207,-0.18245942353120018,4.0159631311124553,-0.18245942353120018,2.9969084754341719,-0.13616016256902611,1
edge,0,1.6499999999999999,1,1,0.18315638888734218,0.015963131112455207,-0.18245942353120018,0.0019536544241291372,-0.022330372249317165,0.017916785536584344,-0.20478979578051734,4.0179167855365847,-0.20478979578051734,2.996110794961679,-0.15270921489581429,1
edge,0,1.6499999999999999,4,1,0.18315638888734218,0.015963131112455207,-0.18245942353120018,0.0078146176965165452,-0.089321488997268633,0.023777748808971752,-0.27178091252846881,4.0237777488089721,-0.27178091252846881,2.9931800953285146,-0.20217051449007681,1
edge,0,1.675,0,1,0.16163494588165833,0.014087413762293463,-0.16101987611365426,0,0,0.014087413762293463,-0.16101987611365426,4.0140874137622937,-0.16101987611365426,2.9975892462567035,-0.12024437918741833,1
edge,0,1.675,1,1,0.16163494588165833,0.014087413762293463,-0.16101987611365426,0.0018189749187107352,-0.020790978458274739,0.015906388681004198,-0.181810854571929,4.015906388681004,-0.181810854571929,2.9969302943221847,-0.13567907345623642,1
edge,0,1.675,4,1,0.16163494588165833,0.014087413762293463,-0.16101987611365426,0.0072758996748429356,-0.083163913833098985,0.021363313437136398,-0.24418378994675324,4.0213633134371367,-0.24418378994675322,2.9944845703481198,-0.18183002487773339,1
edge,0,1.7000000000000002,0,1,0.14264233908999305,0.01243209901065169,-0.14209954192485602,0,0,0.01243209901065169,-0.14209954192485602,4.0124320990106517,-0.14209954192485602,2.9981204541027586,-0.10617788230449812,1
edge,0,1.7000000000000002,1,1,0.14264233908999305,0.01243209901065169,-0.14209954192485602,0.0016935798440267155,-0.0193577061961277,0.014125678854678405,-0.16145724812098372,4.0141256788546782,-0.16145724812098372,2.9975761940416157,-0.12056931995737159,1
edge,0,1.7000000000000002,4,1,0.14264233908999305,0.01243209901065169,-0.14209954192485602,0.0067743193761068618,-0.077430824784510827,0.019206418386758552,-0.21953036670936685,4.0192064183867586,-0.21953036670936685,2.99553491820186,-0.16361709517460449,1
edge,0,1.7250000000000001,0,1,0.12588142242433997,0.010971288869525104,-0.12540240560737484,0,0,0.010971288869525104,-0.12540240560737484,4.0109712888695253,-0.12540240560737484,2.9985348380169388,-0.093748734384689336,1
edge,0,1.7250000000000001,1,1,0.12588142242433997,0.010971288869525104,-0.12540240560737484,0.0015768291572302168,-0.018023239739660385,0.012548118026755321,-0.14342564534703522,4.0125481180267553,-0.14342564534703522,2.9980853541154904,-0.10716440378314276,1
edge,0,1.7250000000000001,4,1,0.12588142242433997,0.010971288869525104,-0.12540240560737484,0.0063073166289208636,-0.072092958958641568,0.017278605498445967,-0.19749536456601641,4.0172786054984462,-0.19749536456601641,2.9963812813343149,-0.14730654048388647,1
edge,0,1.75,0,1,0.11108996538242266,0.0096821284447167304,-0.110667234525165,0,0,0.0096821284447167304,-0.110667234525165,4.0096821284447168,-0.110667234525165,2.9988580122384794,-0.082768486956544443,1
edge,0,1.75,1,1,0.11108996538242266,0.0096821284447167304,-0.110667234525165,0.0014681269382491122,-0.016780767691280146,0.011150255382965843,-0.12744800221644514,4.0111502553829661,-0.12744800221644514,2.9984868193388432,-0.095272211327469311,1
edge,0,1.75,4,1,0.11108996538242266,0.0096821284447167304,-0.110667234525165,0.0058725077529964472,-0.067123070765120557,0.015554636197713178,-0.17779030529028556,4.015554636197713,-0.17779030529028556,2.9970638489750288,-0.13269621383817048,1
edge,0,1.7750000000000001,0,1,0.098036550358218622,0.0085444483628887031,-0.09766349168606181,0,0,0.0085444483628887031,-0.09766349168606181,4.0085444483628887,-0.09766349168606181,2.9991100019558852,-0.073069803394902308,1
edge,0,1.7750000000000001,1,1,0.098036550358218622,0.0085444483628887031,-0.09766349168606181,0.0013669183480845837,-0.015623948212210997,0.0099113667109732868,-0.11328743989827281,4.0099113667109734,-0.11328743989827281,2.9988034651480846,-0.084721764711559705,1
edge,0,1.7750000000000001,4,1,0.098036550358218622,0.0085444483628887031,-0.09766349168606181,0.0054676733923383364,-0.062495792848843962,0.01401212175522704,-0.16015928453490577,4.0140121217552274,-0.16015928453490577,2.9976148265543392,-0.11960498159189283,1
edge,0,1.8,0,1,0.086516952031206337,0.0075404492145432819,-0.086187728908545633,0,0,0.0075404492145432819,-0.086187728908545633,4.0075404492145434,-0.086187728908545633,2.9993064533442113,-0.064504255113668946,1
edge,0,1.8,1,1,0.086516952031206337,0.0075404492145432819,-0.086187728908545633,0.0012726867967960583,-0.014546876652412791,0.0088131360113393401,-0.10073460556095842,4.008813136011339,-0.10073460556095842,2.9990533021229941,-0.075361071019199324,1
edge,0,1.8,4,1,0.086516952031206337,0.0075404492145432819,-0.086187728908545633,0.0050907471871842348,-0.058187506609651149,0.012631196401727517,-0.14437523551819678,4.0126311964017276,-0.14437523551819678,2.9980600222001947,-0.10787077122636932,1
edge,0,1.825,0,1,0.076350942188599419,0.0066544230759308836,-0.076060403802592116,0,0,0.0066544230759308836,-0.076060403802592116,4.0066544230759309,-0.076060403802592116,2.9994595850199857,-0.056940300593988101,1
edge,0,1.825,1,1,0.076350942188599419,0.0066544230759308836,-0.076060403802592116,0.0011849513067175464,-0.013544055412006983,0.00783937438264843,-0.0896044592145991,4.0078393743826481,-0.0896044592145991,2.9992505078023193,-0.067055137368656439,1
edge,0,1.825,4,1,0.076350942188599419,0.0066544230759308836,-0.076060403802592116,0.0047398052268701881,-0.05417622164802792,0.011394228302801072,-0.13023662545062004,4.0113942283028008,-0.13023662545062004,2.998420121582658,-0.097348726176779532,1
edge,0,1.8500000000000001,0,1,0.067379469990854868,0.0058725077529965053,-0.067123070765121487,0,0,0.0058725077529965053,-0.067123070765121487,4.0058725077529962,-0.067123070765121487,2.9995789349400312,-0.05026144709445212,1
edge,0,1.8500000000000001,1,1,0.067379469990854868,0.0058725077529965053,-0.067123070765121487,0.0011032640574463589,-0.012610365880368568,0.0069757718104428643,-0.079733436645490055,4.0069757718104428,-0.079733436645490055,2.9994062414931975,-0.059684156119099899,1
edge,0,1.8500000000000001,4,1,0.067379469990854868,0.0058725077529965053,-0.067123070765121487,0.0044130562297854366,-0.050441463521474272,0.010285563982781942,-0.11756453428659576,4.0102855639827819,-0.11756453428659576,2.9987117104078975,-0.087909486760773509,1
edge,0,1.875,0,1,0.059462173564720937,0.0051824699024234297,-0.059235902042186143,0,0,0.0051824699024234297,-0.059235902042186143,4.0051824699024232,-0.059235902042186143,2.9996719459394439,-0.044364588850477948,1
edge,0,1.875,1,1,0.059462173564720937,0.0051824699024234297,-0.059235902042186143,0.0010272081000735388,-0.011741042309660631,0.0062096780024969685,-0.070976944351846774,4.0062096780024969,-0.070976944351846774,2.9995292869041825,-0.053141857363912068,1
edge,0,1.875,4,1,0.059462173564720937,0.0051824699024234297,-0.059235902042186143,0.0041088324002941552,-0.046964169238642516,0.0092913023027175849,-0.10620007128082866,4.0092913023027172,-0.10620007128082866,2.998948093384326,-0.079437605619227081,1
edge,0,1.9000000000000001,0,1,0.052475183991813647,0.0045735136366265566,-0.052275500074033594,0,0,0.0045735136366265566,-0.052275500074033594,4.0045735136366263,-0.052275500074033594,2.9997444242702094,-0.039158511971132307,1
edge,0,1.9000000000000001,1,1,0.052475183991813647,0.0045735136366265566,-0.052275500074033594,0.00095639522898895591,-0.010931647489455139,0.0055299088656155125,-0.063207147563488733,4.0055299088656158,-0.063207147563488733,2.999626558492889,-0.047334021423326454,1
edge,0,1.9000000000000001,4,1,0.052475183991813647,0.0045735136366265566,-0.052275500074033594,0.0038255809159558236,-0.043726589957820548,0.0083990945525823802,-0.096002090031854143,4.0083990945525825,-0.096002090031854143,2.9991399495338382,-0.071830098915192001,1
edge,0,1.925,0,1,0.04630918733533259,0.00403611161825138,-0.046132966896395733,0,0,0.00403611161825138,-0.046132966896395733,4.0040361116182517,-0.046132966896395733,2.9998008983664288,-0.034562554303284171,1
edge,0,1.925,1,1,0.04630918733533259,0.00403611161825138,-0.046132966896395733,0.00089046400039812564,-0.01017805009827661,0.0049265756186495056,-0.056311016994672343,4.0049265756186498,-0.056311016994672343,2.9997035001374774,-0.042177141474591631,1
edge,0,1.925,4,1,0.04630918733533259,0.00403611161825138,-0.046132966896395733,0.0035618560015925017,-0.04071220039310644,0.0075979676198438817,-0.086845167289502173,4.0075979676198443,-0.086845167289502173,2.9992958562123899,-0.064995129872813612,1
edge,0,1.9500000000000002,0,1,0.040867714384640666,0.0035618560015924987,-0.040712200393106794,0,0,0.0035618560015924987,-0.040712200393106794,4.0035618560015926,-0.040712200393106794,2.9998448993407538,-0.03050540770517109,1
edge,0,1.9500000000000002,1,1,0.040867714384640666,0.0035618560015924987,-0.040712200393106794,0.00082907788743704367,-0.0094764036164683291,0.0043909338890295423,-0.050188604009575123,4.0043909338890291,-0.050188604009575123,2.9997643988588343,-0.037597225151573925,1
edge,0,1.9500000000000002,4,1,0.040867714384640666,0.0035618560015924987,-0.040712200393106794,0.0033163115497481751,-0.037905614465873309,0.0068781675513406738,-0.078617814858980103,4.0068781675513403,-0.078617814858980103,2.9994227079858167,-0.058850818337797206,1
edge,0,1.9750000000000001,0,1,0.036065631360157203,0.0031433268888577275,-0.035928390744319999,0,0,0.0031433268888577275,-0.035928390744319999,4.0031433268888579,-0.035928390744319999,2.9998791801550659,-0.026924050069954922,1
edge,0,1.9750000000000001,1,1,0.036065631360157203,0.0031433268888577275,-0.035928390744319999,0.00077192356246827019,-0.0088231266927462151,0.0039152504513259977,-0.044751517437066214,4.0039152504513256,-0.044751517437066214,2.9998126315990876,-0.033528723485294974,1
edge,0,1.9750000000000001,4,1,0.036065631360157203,0.0031433268888577275,-0.035928390744319999,0.0030876942498730821,-0.035292506770984861,0.0062310211387308096,-0.07122089751530486,4.0062310211387304,-0.07122089751530486,2.9995260514067237,-0.053324168370351116,1
edge,0,2,0,1,0.031827807965096752,0.0027739762432278377,-0.031706693546711615,0,0,0.0027739762432278377,-0.031706693546711615,4.0027739762432279,-0.031706693546711615,2.9999058867876798,-0.0237627947982775,1
edge,0,2,1,1,0.031827807965096752,0.0027739762432278377,-0.031706693546711615,0.00071870929779074355,-0.0082148848642290759,0.0034926855410185812,-0.03992157841094069,4.0034926855410182,-0.03992157841094069,2.9998508592915121,-0.029913575646798043,1
edge,0,2,4,1,0.031827807965096752,0.0027739762432278377,-0.031706693546711615,0.0028748371911629738,-0.032859539456916317,0.0056488134343908114,-0.064566233003627932,4.0056488134343908,-0.064566233003627932,2.9996103525860018,-0.048350105055542596,1
edge,0.80000000000000004,0.75,0,1,16.487212707001216,1.4369552693173364,-16.424473885025467,0,0,1.4369552693173364,-16.424473885025467,2.2369552693173311,-16.424473885025467,0.40485175164939324,-2.9725569900653532,1
edge,0.80000000000000004,0.75,1,1,16.487212707001216,1.4369552693173364,-16.424473885025467,0.055812552982987595,-0.10593296126094032,1.492767822300324,-16.530406846286407,2.2927678223003678,-16.530406846286407,0.41215450511888907,-2.9715532409684706,1
edge,0.80000000000000004,0.75,4,1,16.487212707001216,1.4369552693173364,-16.424473885025467,0.22325021193195083,-0.42373184504375416,1.6602054812492872,-16.848205730069221,2.4602054812492558,-16.848205730069221,0.43346851464687308,-2.9685189988965606,1
edge,0.80000000000000004,0.77500000000000002,0,1,14.549914146182054,1.2681085743251443,-14.494547330116649,0,0,1.2681085743251443,-14.494547330116649,2.0681085743251559,-14.494547330116649,0.42375381764192532,-2.9699213292668096,1
edge,0.80000000000000004,0.77500000000000002,1,1,14.549914146182054,1.2681085743251443,-14.494547330116649,0.053654513742864118,-0.10183697433675576,1.3217630880680085,-14.596384304453405,2.1217630880679961,-14.596384304453405,0.43155117072679605,-2.9687983405823193,1
edge,0.80000000000000004,0.77500000000000002,4,1,14.549914146182054,1.2681085743251443,-14.494547330116649,0.21461805497145647,-0.40734789734702304,1.4827266292966008,-14.901895227463672,2.2827266292966275,-14.901895227463672,0.4542522717250197,-2.9654097311556487,1
edge,0.80000000000000004,0.80000000000000004,0,1,12.840254166877404,1.1191018889829065,-12.791393123193714,0,0,1.1191018889829065,-12.791393123193714,1.9191018889829214,-12.791393123193714,0.44511048597573044,-2.9667956881582667,1
edge,0.80000000000000004,0.80000000000000004,1,1,12.840254166877404,1.1191018889829065,-12.791393123193714,0.05157991690257524,-0.097899362187364503,1.1706818058854818,-12.889292485381079,1.9706818058854436,-12.889292485381079,0.45340991804376785,-2.9655386435215414,1
edge,0.80000000000000004,0.80000000000000004,4,1,12.840254166877404,1.1191018889829065,-12.791393123193714,0.20631966761030118,-0.39159744874945623,1.3254215565932077,-13.18299057194317,2.1254215565932322,-13.18299057194317,0.47750741613927783,-2.9617539849778112,1
edge,0.80000000000000004,0.82499999999999996,0,1,11.331484530668222,0.9876039507039851,-11.288364810960314,0,0,0.9876039507039851,-11.288364810960314,1.7876039507039865,-11.288364810960314,0.46922724299702789,-2.9630770820937875,1
edge,0.80000000000000004,0.82499999999999996,1,1,11.331484530668222,0.9876039507039851,-11.288364810960314,0.049585536091647286,-0.094114001119075752,1.0371894867956324,-11.382478812079389,1.8371894867956762,-11.382478812079389,0.47802846398636856,-2.9616699322542321,1
edge,0.80000000000000004,0.82499999999999996,4,1,11.331484530668222,0.9876039507039851,-11.288364810960314,0.19834214436658937,-0.37645600447630301,1.1859460950705745,-11.664820815436617,1.9859460950705232,-11.664820815436617,0.5035076113988346,-2.9574448575186412,1
edge,0.80000000000000004,0.84999999999999998,0,1,10.000000000000018,0.87155742747658538,-9.9619469809174728,0,0,0.87155742747658538,-9.9619469809174728,1.6715574274765999,-9.9619469809174728,0.49644261356684982,-2.9586389998502458,1
edge,0.80000000000000004,0.84999999999999998,1,1,10.000000000000018,0.87155742747658538,-9.9619469809174728,0.047668269689928655,-0.090475004215958776,0.91922569716651403,-10.052421985133432,1.7192256971665376,-10.052421985133432,0.50573501201756077,-2.957064777379689,1
edge,0.80000000000000004,0.84999999999999998,4,1,10.000000000000018,0.87155742747658538,-9.9619469809174728,0.19067307875971462,-0.36190001686383333,1.0622305062363,-10.323846997781306,1.8622305062363509,-10.323846997781306,0.53254979513150946,-2.9523534198509145,1
edge,0.80000000000000004,0.875,0,1,8.8249690258459399,0.76914673017268409,-8.7913873543716008,0,0,0.76914673017268409,-8.7913873543716008,1.5691467301727213,-8.7913873543716008,0.52712974505908505,-2.953325960992776,1
edge,0.80000000000000004,0.875,1,1,8.8249690258459399,0.76914673017268409,-8.7913873543716008,0.045825136004015721,-0.086976712184627658,0.81497186617669981,-8.8783640665562285,1.614971866176651,-8.8783640665562285,0.53688925403394538,-2.9515673681796351,1
edge,0.80000000000000004,0.875,4,1,8.8249690258459399,0.76914673017268409,-8.7913873543716008,0.18330054401606288,-0.34790684873851419,0.95244727418874697,-9.139294203110115,1.7524472741887731,-9.139294203110115,0.56495370450282412,-2.9463243731416555,1
edge,0.80000000000000004,0.90000000000000002,0,1,7.7880078307140144,0.67876960701046318,-7.7583721096542968,0,0,0.67876960701046318,-7.7583721096542968,1.4787696070104328,-7.7583721096542968,0.56169715956178035,-2.94694694572879,1
edge,0.80000000000000004,0.90000000000000002,1,1,7.7880078307140144,0.67876960701046318,-7.7583721096542968,0.044053268630185216,-0.083613684553036194,0.7228228756406484,-7.841985794207333,1.5228228756406503,-7.841985794207333,0.57188245600714449,-2.9449873440324299,1
edge,0.80000000000000004,0.90000000000000002,4,1,7.7880078307140144,0.67876960701046318,-7.7583721096542968,0.17621307452074064,-0.33445473821214389,0.85498268153120383,-8.0928268478664407,1.6549826815311919,-8.0928268478664407,0.60106033180484797,-2.939171052785241,1
edge,0.80000000000000004,0.92500000000000004,0,1,6.8728927879097279,0.59901207575530258,-6.8467393558686664,0,0,0.59901207575530258,-6.8467393558686664,1.3990120757553237,-6.8467393558686664,0.60058819307351463,-2.9392675656259457,1
edge,0.80000000000000004,0.92500000000000004,1,1,6.8728927879097279,0.59901207575530258,-6.8467393558686664,0.042349911996621192,-0.080380691209550825,0.64136198775192377,-6.9271200470782173,1.4413619877519102,-6.9271200470782173,0.61113615966301715,-2.9370925409922584,1
edge,0.80000000000000004,0.92500000000000004,4,1,6.8728927879097279,0.59901207575530258,-6.8467393558686664,0.16939964798648466,-0.32152276483820419,0.76841172374178723,-7.1682621207068706,1.5684117237417805,-7.1682621207068706,0.64122890583495629,-2.9306698023355824,1
edge,0.80000000000000004,0.94999999999999996,0,1,6.0653065971263267,0.52862630146481238,-6.0422262743581339,0,0,0.52862630146481238,-6.0422262743581339,1.328626301464797,-6.0422262743581339,0.64427846287673507,-2.9300008979987107,1
edge,0.80000000000000004,0.94999999999999996,1,1,6.0653065971263267,0.52862630146481238,-6.0422262743581339,0.040712417078007102,-0.077272704269204517,0.56933871854281948,-6.1194989786273384,1.3693387185428341,-6.1194989786273384,0.65509887533943267,-2.9276006325195767,1
edge,0.80000000000000004,0.94999999999999996,4,1,6.0653065971263267,0.52862630146481238,-6.0422262743581339,0.16284966831202852,-0.30909081707681807,0.69147596977684089,-6.3513170914349519,1.4914759697768343,-6.3513170914349519,0.68583189551574275,-2.9205538192427229,1
edge,0.80000000000000004,0.97499999999999998,0,1,5.3526142851899241,0.46651107366745198,-5.3322459718363406,0,0,0.46651107366745198,-5.3322459718363406,1.2665110736674867,-5.3322459718363406,0.69327048403400315,-2.9187970186306678,1
edge,0.80000000000000004,0.97499999999999998,1,1,5.3526142851899241,0.46651107366745198,-5.3322459718363406,0.039138237275813392,-0.074284890254419089,0.50564931094326537,-5.4065308620907597,1.3056493109432354,-5.4065308620907597,0.70423995332891121,-2.9161697632571482,1
edge,0.80000000000000004,0.97499999999999998,4,1,5.3526142851899241,0.46651107366745198,-5.3322459718363406,0.1565529491032534,-0.29713956101767547,0.62306402277070538,-5.6293855328540161,1.4230640227707037,-5.6293855328540161,0.73524742957753464,-2.9085066988576171,1
edge,0.80000000000000004,1,0,1,4.7236655274101533,0.41169457753294031,-4.705690553964744,0,0,0.41169457753294031,-4.705690553964744,1.2116945775328958,-4.705690553964744,0.74808429833383983,-2.9052314679877713,1
edge,0.80000000000000004,1,1,1,4.7236655274101533,0.41169457753294031,-4.705690553964744,0.037624924457883624,-0.071412602578091011,0.44931950199082393,-4.777103156542835,1.2493195019908088,-4.777103156542835,0.75903961187873126,-2.9023884763413501,1
edge,0.80000000000000004,1,4,1,4.7236655274101533,0.41169457753294031,-4.705690553964744,0.15049969783153455,-0.28565041031236316,0.56219427536447486,-4.9913409642771072,1.3621942753644367,-4.9913409642771072,0.78984843557428075,-2.8941560857736817,1
edge,0.80000000000000004,1.0249999999999999,0,1,4.1686201967850778,0.36331918948369318,-4.152757338395463,0,0,0.36331918948369318,-4.152757338395463,1.163319189483647,-4.152757338395463,0.80924270518090147,-2.8887932158795153,1
edge,0.80000000000000004,1.0249999999999999,1,1,4.1686201967850778,0.36331918948369318,-4.152757338395463,0.036170125151146648,-0.068651374317308722,0.39948931463483983,-4.2214087127127717,1.1994893146348717,-4.2214087127127717,0.81997389447874269,-2.8857655504862749,1
edge,0.80000000000000004,1.0249999999999999,4,1,4.1686201967850778,0.36331918948369318,-4.152757338395463,0.14468050060458676,-0.27460549726923578,0.50799969008827994,-4.4273628356646988,1.307999690088324,-4.4273628356646988,0.84998775038691576,-2.8770680951608032,1
edge,0.80000000000000004,1.05,0,1,3.678794411714402,0.32062805936890432,-3.6647954883194291,0,0,0.32062805936890432,-3.6647954883194291,1.1206280593688556,-3.6647954883194291,0.87724944334377497,-2.8688731958999378,1
edge,0.80000000000000004,1.05,1,1,3.678794411714402,0.32062805936890432,-3.6647954883194291,0.034771576881544919,-0.0659969112664891,0.35539963625044924,-3.7307923995859182,1.1553996362504426,-3.7307923995859182,0.88749317753189505,-2.8657208272674497,1
edge,0.80000000000000004,1.05,4,1,3.678794411714402,0.32062805936890432,-3.6647954883194291,0.13908630752617956,-0.26398764506595596,0.45971436689508388,-3.9287831333853851,1.2597143668950928,-3.9287831333853851,0.91597848613489408,-2.8567434979252311,1
edge,0.80000000000000004,1.075,0,1,3.2465246735834974,0.2829532692747706,-3.2341706670479149,0,0,0.2829532692747706,-3.2341706670479149,1.0829532692747668,-3.2341706670479149,0.95255855963682912,-2.8447552074761515,1
edge,0.80000000000000004,1.075,1,1,3.2465246735834974,0.2829532692747706,-3.2341706670479149,0.033427104655479933,-0.063445085259111078,0.31638037393025054,-3.297615752307026,1.116380373930248,-3.297615752307026,0.96199284038456234,-2.841578746937842,1
edge,0.80000000000000004,1.075,4,1,3.2465246735834974,0.2829532692747706,-3.2341706670479149,0.13370841862191973,-0.25378034103644387,0.41666168789669034,-3.4879510080843588,1.2166616878966918,-3.4879510080843588,0.9880691126910035,-2.8326170635202468,1
edge,0.80000000000000004,1.1000000000000001,0,1,2.865047968601897,0.24970538371116552,-2.8541455960997357,0,0,0.24970538371116552,-2.8541455960997357,1.0497053837111858,-2.8541455960997357,1.0355333737852579,-2.8156119462342271,1
edge,0.80000000000000004,1.1000000000000001,1,1,2.865047968601897,0.24970538371116552,-2.8541455960997357,0.032134617577308511,-0.060991927747682695,0.28184000128847403,-2.9151375238474184,1.0818400012885254,-2.9151375238474184,1.0437749810554564,-2.8125671172298614,1
edge,0.80000000000000004,1.1000000000000001,4,1,2.865047968601897,0.24970538371116552,-2.8541455960997357,0.12853847030923399,-0.24396771099073167,0.37824385402039951,-3.0981133070904674,1.1782438540204332,-3.0981133070904674,1.0664131213842243,-2.8040618849339913,1
edge,0.80000000000000004,1.125,0,1,2.5283959580474731,0.22036422768380332,-2.5187746480834923,0,0,0.22036422768380332,-2.5187746480834923,1.0203642276838121,-2.5187746480834923,1.0203642276838121,-2.5187746480834923,0
edge,0.80000000000000004,1.125,1,1,2.5283959580474731,0.22036422768380332,-2.5187746480834923,0.03089210559762201,-0.058633623631931364,0.25125633328142533,-2.5774082717154236,1.0512563332814029,-2.5774082717154236,1.0512563332814029,-2.5774082717154236,0
edge,0.80000000000000004,1.125,4,1,2.5283959580474731,0.22036422768380332,-2.5187746480834923,0.12356842239048799,-0.23453449452772546,0.3439326500742913,-2.7533091426112177,1.1439326500742864,-2.7533091426112177,1.1439326500742864,-2.7533091426112177,0
edge,0.80000000000000004,1.1499999999999999,0,1,2.2313016014842995,0.19447074837140288,-2.2228108252422802,0,0,0.19447074837140288,-2.2228108252422802,0.99447074837144545,-2.2228108252422802,0.99447074837144545,-2.2228108252422802,0
edge,0.80000000000000004,1.1499999999999999,1,1,2.2313016014842995,0.19447074837140288,-2.2228108252422802,0.029697636387262,-0.056366505325642358,0.22416838475866488,-2.2791773305679226,1.0241683847587169,-2.2791773305679226,1.0241683847587169,-2.2791773305679226,0
edge,0.80000000000000004,1.1499999999999999,4,1,2.2313016014842995,0.19447074837140288,-2.2228108252422802,0.118790545549048,-0.22546602130256987,0.31326129392045088,-2.4482768465448501,1.1132612939204201,-2.4482768465448501,1.1132612939204201,-2.4482768465448501,0
edge,0.80000000000000004,1.175,0,1,1.9691167520419355,0.17161983308107115,-1.9616236683078145,0,0,0.17161983308107115,-1.9616236683078145,0.97161983308102773,-1.9616236683078145,0.97161983308102773,-1.9616236683078145,0
edge,0.80000000000000004,1.175,1,1,1.9691167520419355,0.17161983308107115,-1.9616236683078145,0.02854935233219974,-0.054187047052903337,0.20016918541327089,-2.0158107153607179,1.0001691854132355,-2.0158107153607179,1.0001691854132355,-2.0158107153607179,0
edge,0.80000000000000004,1.175,4,1,1.9691167520419355,0.17161983308107115,-1.9616236683078145,0.11419740932879902,-0.21674818821161312,0.28581724240987016,-2.1783718565194277,1.0858172424098589,-2.1783718565194277,1.0858172424098589,-2.1783718565194277,0
edge,0.80000000000000004,1.2,0,1,1.7377394345044554,0.15145397111613182,-1.7311268113182865,0,0,0.15145397111613182,-1.7311268113182865,0.95145397111617847,-1.7311268113182865,0.95145397111617847,-1.7311268113182865,0
edge,0.80000000000000004,1.2,1,1,1.7377394345044554,0.15145397111613182,-1.7311268113182865,0.027445467644612864,-0.052091859364887583,0.17889943876074468,-1.7832186706831741,0.97889943876072749,-1.7832186706831741,0.97889943876072749,-1.7832186706831741,0
edge,0.80000000000000004,1.2,4,1,1.7377394345044554,0.15145397111613182,-1.7311268113182865,0.10978187057845143,-0.20836743745954989,0.26123584169458325,-1.9394942487778364,1.0612358416945966,-1.9394942487778364,1.0612358416945966,-1.9394942487778364,0
edge,0.80000000000000004,1.2250000000000001,0,1,1.5335496684492835,0.13365766039412297,-1.5277140489695304,0,0,0.13365766039412297,-1.5277140489695304,0.93365766039410492,-1.5277140489695304,0.93365766039410492,-1.5277140489695304,0
edge,0.80000000000000004,1.2250000000000001,1,1,1.5335496684492835,0.13365766039412297,-1.5277140489695304,0.026384265585665312,-0.050077683868654743,0.16004192597978828,-1.5777917328381852,0.9600419259797599,-1.5777917328381852,0.9600419259797599,-1.5777917328381852,0
edge,0.80000000000000004,1.2250000000000001,4,1,1.5335496684492835,0.13365766039412297,-1.5277140489695304,0.10553706234266125,-0.20031073547461942,0.23919472273678422,-1.7280247844441499,1.0391947227368359,-1.7280247844441499,1.0391947227368359,-1.7280247844441499,0
edge,0.80000000000000004,1.25,0,1,1.3533528323661226,0.11795247130451719,-1.3482029162505782,0,0,0.11795247130451719,-1.3482029162505782,0.9179524713045506,-1.3482029162505782,0.9179524713045506,-1.3482029162505782,0
edge,0.80000000000000004,1.25,1,1,1.3533528323661226,0.11795247130451719,-1.3482029162505782,0.025364095795670061,-0.048141388159764986,0.14331656710018725,-1.3963443044103432,0.94331656710022749,-1.3963443044103432,0.94331656710022749,-1.3963443044103432,0
edge,0.80000000000000004,1.25,4,1,1.3533528323661226,0.11795247130451719,-1.3482029162505782,0.1014563831826803,-0.19256555263905994,0.21940885448719749,-1.5407684688896381,1.0194088544871471,-1.5407684688896381,1.0194088544871471,-1.5407684688896381,0
edge,0.80000000000000004,1.2749999999999999,0,1,1.1943296826671994,0.10409269057843407,-1.189784897646661,0,0,0.10409269057843407,-1.189784897646661,0.90409269057845076,-1.189784897646661,0.90409269057845076,-1.189784897646661,0
edge,0.80000000000000004,1.2749999999999999,1,1,1.1943296826671994,0.10409269057843407,-1.189784897646661,0.024383371727483949,-0.046279960950827093,0.12847606230591802,-1.236064858597488,0.92847606230594959,-1.236064858597488,0.92847606230594959,-1.236064858597488,0
edge,0.80000000000000004,1.2749999999999999,4,1,1.1943296826671994,0.10409269057843407,-1.189784897646661,0.097533486909935796,-0.18511984380330793,0.20162617748836986,-1.3749047414499689,1.001626177488335,-1.3749047414499689,1.001626177488335,-1.3749047414499689,0
edge,0.80000000000000004,1.3,0,1,1.0539922456186432,0.091861477017164683,-1.0499814869151052,0,0,0.091861477017164683,-1.0499814869151052,0.8918614770171418,-1.0499814869151052,0.8918614770171418,-1.0499814869151052,0
edge,0.80000000000000004,1.3,1,1,1.0539922456186432,0.091861477017164683,-1.0499814869151052,0.023440568179140447,-0.044490507388403655,0.11530204519630513,-1.0944719943035088,0.91530204519629788,-1.0944719943035088,0.91530204519629788,-1.0944719943035088,0
edge,0.80000000000000004,1.3,4,1,1.0539922456186432,0.091861477017164683,-1.0499814869151052,0.093762272716561817,-0.17796202955361462,0.1856237497337265,-1.2279435164687198,0.9856237497337661,-1.2279435164687198,0.9856237497337661,-1.2279435164687198,0
edge,0.80000000000000004,1.3250000000000002,0,1,0.93014489210663198,0.08106746893449375,-0.92660540997374552,0,0,0.08106746893449375,-0.92660540997374552,0.88106746893445997,-0.92660540997374552,0.88106746893445997,-0.92660540997374552,0
edge,0.80000000000000004,1.3250000000000002,1,1,0.93014489210663198,0.08106746893449375,-0.92660540997374552,0.022534218921889351,-0.04277024455099987,0.1036016878563831,-0.96937565452474539,0.90360168785641459,-0.96937565452474539,0.90360168785641459,-0.96937565452474539,0
edge,0.80000000000000004,1.3250000000000002,4,1,0.93014489210663198,0.08106746893449375,-0.92660540997374552,0.090136875687557391,-0.17108097820399948,0.17120434462205114,-1.097686388177745,0.9712043446220564,-1.097686388177745,0.9712043446220564,-1.097686388177745,0
edge,0.80000000000000004,1.3500000000000001,0,1,0.82084998623899064,0.071541790235064323,-0.81772640421996479,0,0,0.071541790235064323,-0.81772640421996479,0.87154179023507528,-0.81772640421996479,0.87154179023507528,-0.81772640421996479,0
edge,0.80000000000000004,1.3500000000000001,1,1,0.82084998623899064,0.071541790235064323,-0.81772640421996479,0.021662914419946416,-0.041116497121117312,0.093204704655010739,-0.8588429013410821,0.89320470465503732,-0.8588429013410821,0.89320470465503732,-0.8588429013410821,0
edge,0.80000000000000004,1.3500000000000001,4,1,0.82084998623899064,0.071541790235064323,-0.81772640421996479,0.086651657679785665,-0.16446598848446903,0.15819344791484999,-0.98219239270443381,0.95819344791481242,-0.98219239270443381,0.95819344791481242,-0.98219239270443381,0
edge,0.80000000000000004,1.375,0,1,0.72439757034251395,0.063135408287800968,-0.72164101888575471,0,0,0.063135408287800968,-0.72164101888575471,0.86313540828775182,-0.72164101888575471,0.86313540828775182,-0.72164101888575471,0
edge,0.80000000000000004,1.375,1,1,0.72439757034251395,0.063135408287800968,-0.72164101888575471,0.020825299638411954,-0.03952669322465463,0.083960707926212921,-0.76116771211040934,0.88396070792617909,-0.76116771211040934,0.88396070792617909,-0.76116771211040934,0
edge,0.80000000000000004,1.375,4,1,0.72439757034251395,0.063135408287800968,-0.72164101888575471,0.083301198553647801,-0.15810677289861863,0.14643660684144877,-0.87974779178437335,0.94643660684146091,-0.87974779178437335,0.94643660684146091,-0.87974779178437335,0
edge,0.80000000000000004,1.3999999999999999,0,1,0.63927861206707903,0.05571680225739864,-0.63684596394467385,0,0,0.05571680225739864,-0.63684596394467385,0.85571680225737801,-0.63684596394467385,0.85571680225737801,-0.63684596394467385,0
edge,0.80000000000000004,1.3999999999999999,1,1,0.63927861206707903,0.05571680225739864,-0.63684596394467385,0.020020071935949429,-0.037998360431184319,0.075736874193348069,-0.67484432437585817,0.87573687419340018,-0.67484432437585817,0.87573687419340018,-0.67484432437585817,0
edge,0.80000000000000004,1.3999999999999999,4,1,0.63927861206707903,0.05571680225739864,-0.63684596394467385,0.080080287743797746,-0.15199344172473739,0.13579709000119639,-0.78883940566941124,0.93579709000124467,-0.78883940566941124,0.93579709000124467,-0.78883940566941124,0
edge,0.80000000000000004,1.425,0,1,0.56416139503777396,0.049169905414072554,-0.56201459060467318,0,0,0.049169905414072554,-0.56201459060467318,0.84916990541406001,-0.56201459060467318,0.84916990541406001,-0.56201459060467318,0
edge,0.80000000000000004,1.425,1,1,0.56416139503777396,0.049169905414072554,-0.56201459060467318,0.019245979038943276,-0.036529121908877138,0.068415884453015829,-0.59854371251355032,0.86841588445296658,-0.59854371251355032,0.86841588445296658,-0.59854371251355032,0
edge,0.80000000000000004,1.425,4,1,0.56416139503777396,0.049169905414072554,-0.56201459060467318,0.076983916155773116,-0.14611648763550833,0.12615382156984567,-0.70813107824018151,0.92615382156979731,-0.70813107824018151,0.92615382156979731,-0.70813107824018151,0
edge,0.80000000000000004,1.4500000000000002,0,1,0.49787068367863896,0.043392289228295952,-0.49597613541597269,0,0,0.043392289228295952,-0.49597613541597269,0.84339228922825082,-0.49597613541597269,0.84339228922825082,-0.49597613541597269,0
edge,0.80000000000000004,1.4500000000000002,1,1,0.49787068367863896,0.043392289228295952,-0.49597613541597269,0.018501817093989542,-0.035116692728103527,0.061894106322285494,-0.53109282814407621,0.861894106322314,-0.53109282814407621,0.861894106322314,-0.53109282814407621,0
edge,0.80000000000000004,1.4500000000000002,4,1,0.49787068367863896,0.043392289228295952,-0.49597613541597269,0.074007268375958168,-0.14046677091241394,0.11739955760425412,-0.63644290632838663,0.91739955760428149,-0.63644290632838663,0.91739955760428149,-0.63644290632838663,0
edge,0.80000000000000004,1.4750000000000001,0,1,0.43936933623407198,0.038293560840025991,-0.43769740326047196,0,0,0.038293560840025991,-0.43769740326047196,0.83829356083997553,-0.43769740326047196,0.83829356083997553,-0.43769740326047196,0
edge,0.80000000000000004,1.4750000000000001,1,1,0.43936933623407198,0.038293560840025991,-0.43769740326047196,0.017786428795686426,-0.033758876307955599,0.056079989635712417,-0.47145627956842756,0.85607998963566079,-0.47145627956842756,0.85607998963566079,-0.47145627956842756,0
edge,0.80000000000000004,1.4750000000000001,4,1,0.43936933623407198,0.038293560840025991,-0.43769740326047196,0.071145715182745706,-0.13503550523182234,0.1094392760227717,-0.5727329084922943,0.90943927602271657,-0.5727329084922943,0.90943927602271657,-0.5727329084922943,0
edge,0.80000000000000004,1.5,0,1,0.38774207831722102,0.033793948830258033,-0.38626660264668994,0,0,0.033793948830258033,-0.38626660264668994,0.83379394883020819,-0.38626660264668994,0.83379394883020819,-0.38626660264668994,0
edge,0.80000000000000004,1.5,1,1,0.38774207831722102,0.033793948830258033,-0.38626660264668994,0.017098701586818546,-0.032453561000173436,0.050892650417076579,-0.41872016364686337,0.85089265041704554,-0.41872016364686337,0.85089265041704554,-0.41872016364686337,0
edge,0.80000000000000004,1.5,4,1,0.38774207831722102,0.033793948830258033,-0.38626660264668994,0.06839480634727417,-0.12981424400069369,0.1021887551775322,-0.51608084664738363,0.90218875517755759,-0.51608084664738363,0.90218875517755759,-0.51608084664738363,0
edge,0.80000000000000004,1.5249999999999999,0,1,0.34218118311665979,0.029823055168804954,-0.3408790804075772,0,0,0.029823055168804954,-0.3408790804075772,0.82982305516876576,-0.3408790804075772,0.82982305516876576,-0.3408790804075772,0
edge,0.80000000000000004,1.5249999999999999,1,1,0.34218118311665979,0.029823055168804954,-0.3408790804075772,0.01643756592812912,-0.031198716805149407,0.046260621096934074,-0.3720777972127266,0.84626062109693923,-0.3720777972127266,0.84626062109693923,-0.3720777972127266,0
edge,0.80000000000000004,1.5249999999999999,4,1,0.34218118311665979,0.029823055168804954,-0.3408790804075772,0.065750263712516493,-0.12479486722059774,0.095573318881321451,-0.46567394762817493,0.89557331888134861,-0.46567394762817493,0.89557331888134861,-0.46567394762817493,0
edge,0.80000000000000004,1.55,0,1,0.30197383422318641,0.026318753812080112,-0.30082473261557396,0,0,0.026318753812080112,-0.30082473261557396,0.82631875381211639,-0.30082473261557396,0.82631875381211639,-0.30082473261557396,0
edge,0.80000000000000004,1.55,1,1,0.30197383422318641,0.026318753812080112,-0.30082473261557396,0.015801993634995314,-0.029992392214916286,0.042120747447075425,-0.33081712483049025,0.84212074744705046,-0.33081712483049025,0.84212074744705046,-0.33081712483049025,0
edge,0.80000000000000004,1.55,4,1,0.30197383422318641,0.026318753812080112,-0.30082473261557396,0.063207974539981254,-0.11996956885966503,0.089526728352061366,-0.420794301475239,0.88952672835207469,-0.420794301475239,0.88952672835207469,-0.420794301475239,0
edge,0.80000000000000004,1.5750000000000002,0,1,0.26649097336355521,0.023226218719047176,-0.26547689475408226,0,0,0.023226218719047176,-0.26547689475408226,0.82322621871899759,-0.26547689475408226,0.82322621871899759,-0.26547689475408226,0
edge,0.80000000000000004,1.5750000000000002,1,1,0.26649097336355521,0.023226218719047176,-0.26547689475408226,0.015190996278416302,-0.028832711178201298,0.038417214997463478,-0.29430960593228356,0.83841721499744448,-0.29430960593228356,0.83841721499744448,-0.29430960593228356,0
edge,0.80000000000000004,1.5750000000000002,4,1,0.26649097336355521,0.023226218719047176,-0.26547689475408226,0.060763985113665209,-0.11533084471280508,0.083990203832712385,-0.38080773946688734,0.88399020383267413,-0.38080773946688734,0.88399020383267413,-0.38080773946688734,0
edge,0.80000000000000004,1.6000000000000001,0,1,0.23517745856009073,0.020497066078311196,-0.2342825373282536,0,0,0.020497066078311196,-0.2342825373282536,0.82049706607834061,-0.2342825373282536,0.82049706607834061,-0.2342825373282536,0
edge,0.80000000000000004,1.6000000000000001,1,1,0.23517745856009073,0.020497066078311196,-0.2342825373282536,0.014603623647829068,-0.027717870182830617,0.035100689726140263,-0.26200040751108422,0.8351006897261426,-0.26200040751108422,0.8351006897261426,-0.26200040751108422,0
edge,0.80000000000000004,1.6000000000000001,4,1,0.23517745856009073,0.020497066078311196,-0.2342825373282536,0.058414494591316257,-0.11087148073132252,0.078911560669627456,-0.34515401805957613,0.87891156066965959,-0.34515401805957613,0.87891156066965959,-0.34515401805957613,0
edge,0.80000000000000004,1.625,0,1,0.20754337873699835,0.018088597326181566,-0.20675361352184488,0,0,0.018088597326181566,-0.20675361352184488,0.8180885973261276,-0.20675361352184488,0.8180885973261276,-0.20675361352184488,0
edge,0.80000000000000004,1.625,1,1,0.20754337873699835,0.018088597326181566,-0.20675361352184488,0.014038962273359351,-0.026646135450941855,0.032127559599540917,-0.23339974897278673,0.83212755959949369,-0.23339974897278673,0.83212755959949369,-0.23339974897278673,0
edge,0.80000000000000004,1.625,4,1,0.20754337873699835,0.018088597326181566,-0.20675361352184488,0.056155849093437391,-0.10658454180376745,0.074244446419618956,-0.31333815532561232,0.87424444641959198,-0.31333815532561232,0.87424444641959198,-0.31333815532561232,0
edge,0.80000000000000004,1.6499999999999999,0,1,0.18315638888734218,0.015963131112455207,-0.18245942353120018,0,0,0.015963131112455207,-0.18245942353120018,0.81596313111242935,-0.18245942353120018,0.81596313111242935,-0.18245942353120018,0
edge,0.80000000000000004,1.6499999999999999,1,1,0.18315638888734218,0.015963131112455207,-0.18245942353120018,0.013496134005213625,-0.025615840242651511,0.029459265117668831,-0.20807526377385169,0.82945926511768242,-0.20807526377385169,0.82945926511768242,-0.20807526377385169,0
edge,0.80000000000000004,1.6499999999999999,4,1,0.18315638888734218,0.015963131112455207,-0.18245942353120018,0.053984536020854498,-0.10246336097060602,0.069947667133309702,-0.28492278450180619,0.8699476671333306,-0.28492278450180619,0.8699476671333306,-0.28492278450180619,0
edge,0.80000000000000004,1.675,0,1,0.16163494588165833,0.014087413762293463,-0.16101987611365426,0,0,0.014087413762293463,-0.16101987611365426,0.81408741376232108,-0.16101987611365426,0.81408741376232108,-0.16101987611365426,0
edge,0.80000000000000004,1.675,1,1,0.16163494588165833,0.014087413762293463,-0.16101987611365426,0.012974294647997384,-0.024625382263972928,0.027061708410290847,-0.18564525837762719,0.8270617084102927,-0.18564525837762719,0.8270617084102927,-0.18564525837762719,0
edge,0.80000000000000004,1.675,4,1,0.16163494588165833,0.014087413762293463,-0.16101987611365426,0.051897178591989522,-0.098501529055891657,0.065984592354282987,-0.25952140516954592,0.86598459235431857,-0.25952140516954592,0.86598459235431857,-0.25952140516954592,0
edge,0.80000000000000004,1.7000000000000002,0,1,0.14264233908999305,0.01243209901065169,-0.14209954192485602,0,0,0.01243209901065169,-0.14209954192485602,0.81243209901060709,-0.14209954192485602,0.81243209901060709,-0.14209954192485602,0
edge,0.80000000000000004,1.7000000000000002,1,1,0.14264233908999305,0.01243209901065169,-0.14209954192485602,0.012472632647840157,-0.023673221174962344,0.024904731658491847,-0.16577276309981837,0.82490473165852674,-0.16577276309981837,0.82490473165852674,-0.16577276309981837,0
edge,0.80000000000000004,1.7000000000000002,4,1,0.14264233908999305,0.01243209901065169,-0.14209954192485602,0.04989053059136063,-0.094692884699849433,0.062322629602012319,-0.23679242662470545,0.86232262960206363,-0.23679242662470545,0.86232262960206363,-0.23679242662470545,0
edge,0.80000000000000004,1.7250000000000001,0,1,0.12588142242433997,0.010971288869525104,-0.12540240560737484,0,0,0.010971288869525104,-0.12540240560737484,0.81097128886953307,-0.12540240560737484,0.81097128886953307,-0.12540240560737484,0
edge,0.80000000000000004,1.7250000000000001,1,1,0.12588142242433997,0.010971288869525104,-0.12540240560737484,0.011990367830283608,-0.022757876194213961,0.022961656699808711,-0.1481602818015888,0.82296165669981658,-0.1481602818015888,0.82296165669981658,-0.1481602818015888,0
edge,0.80000000000000004,1.7250000000000001,4,1,0.12588142242433997,0.010971288869525104,-0.12540240560737484,0.04796147132113443,-0.09103150477685587,0.058932760190659531,-0.21643391038423071,0.85893276019066711,-0.21643391038423071,0.85893276019066711,-0.21643391038423071,0
edge,0.80000000000000004,1.75,0,1,0.11108996538242266,0.0096821284447167304,-0.110667234525165,0,0,0.0096821284447167304,-0.110667234525165,0.80968212844467757,-0.110667234525165,0.80968212844467757,-0.110667234525165,0
edge,0.80000000000000004,1.75,1,1,0.11108996538242266,0.0096821284447167304,-0.110667234525165,0.011526750186969987,-0.021877923795978388,0.021208878631686717,-0.13254515832114339,0.82120887863168512,-0.13254515832114339,0.82120887863168512,-0.13254515832114339,0
edge,0.80000000000000004,1.75,4,1,0.11108996538242266,0.0096821284447167304,-0.110667234525165,0.046107000747879934,-0.087511695183913579,0.055789129192596668,-0.19817892970907858,0.85578912919259675,-0.19817892970907858,0.85578912919259675,-0.19817892970907858,0
edge,0.80000000000000004,1.7750000000000001,0,1,0.098036550358218622,0.0085444483628887031,-0.09766349168606181,0,0,0.0085444483628887031,-0.09766349168606181,0.80854444836286898,-0.09766349168606181,0.80854444836286898,-0.09766349168606181,0
edge,0.80000000000000004,1.7750000000000001,1,1,0.098036550358218622,0.0085444483628887031,-0.09766349168606181,0.011081058709244985,-0.021031995496325756,0.019625507072133688,-0.11869548718238757,0.81962550707215254,-0.11869548718238757,0.81962550707215254,-0.11869548718238757,0
edge,0.80000000000000004,1.7750000000000001,4,1,0.098036550358218622,0.0085444483628887031,-0.09766349168606181,0.044324234836979948,-0.084127981985302996,0.052868683199868649,-0.18179147367136481,0.85286868319989217,-0.18179147367136481,0.85286868319989217,-0.18179147367136481,0
edge,0.80000000000000004,1.8,0,1,0.086516952031206337,0.0075404492145432819,-0.086187728908545633,0,0,0.0075404492145432819,-0.086187728908545633,0.80754044921449442,-0.086187728908545633,0.80754044921449442,-0.086187728908545633,0
edge,0.80000000000000004,1.8,1,1,0.086516952031206337,0.0075404492145432819,-0.086187728908545633,0.010652600266858861,-0.020218775724905394,0.018193049481402143,-0.10640650463345103,0.81819304948138605,-0.10640650463345103,0.81819304948138605,-0.10640650463345103,0
edge,0.80000000000000004,1.8,4,1,0.086516952031206337,0.0075404492145432819,-0.086187728908545633,0.042610401067435445,-0.08087510289962159,0.050150850281978729,-0.16706283180816722,0.85015085028194992,-0.16706283180816722,0.85015085028194992,-0.16706283180816722,0
edge,0.80000000000000004,1.825,0,1,0.076350942188599419,0.0066544230759308836,-0.076060403802592116,0,0,0.0066544230759308836,-0.076060403802592116,0.80665442307592539,-0.076060403802592116,0.80665442307592539,-0.076060403802592116,0
edge,0.80000000000000004,1.825,1,1,0.076350942188599419,0.0066544230759308836,-0.076060403802592116,0.010240708530025806,-0.019436999779000597,0.016895131605956688,-0.095497403581592713,0.81689513160598803,-0.095497403581592713,0.81689513160598803,-0.095497403581592713,0
edge,0.80000000000000004,1.825,4,1,0.076350942188599419,0.0066544230759308836,-0.076060403802592116,0.040962834120103223,-0.0777479991160024,0.047617257196034109,-0.15380840291859452,0.84761725719606495,-0.15380840291859452,0.84761725719606495,-0.15380840291859452,0
edge,0.80000000000000004,1.8500000000000001,0,1,0.067379469990854868,0.0058725077529965053,-0.067123070765121487,0,0,0.0058725077529965053,-0.067123070765121487,0.80587250775299157,-0.067123070765121487,0.80587250775299157,-0.067123070765121487,0
edge,0.80000000000000004,1.8500000000000001,1,1,0.067379469990854868,0.0058725077529965053,-0.067123070765121487,0.0098447429331606079,-0.018685451856686922,0.015717250686157112,-0.085808522621808409,0.81571725068618761,-0.085808522621808409,0.81571725068618761,-0.085808522621808409,0
edge,0.80000000000000004,1.8500000000000001,4,1,0.067379469990854868,0.0058725077529965053,-0.067123070765121487,0.039378971732642425,-0.074741807426747672,0.045251479485638929,-0.14186487819186916,0.8452514794856647,-0.14186487819186916,0.8452514794856647,-0.14186487819186916,0
edge,0.80000000000000004,1.875,0,1,0.059462173564720937,0.0051824699024234297,-0.059235902042186143,0,0,0.0051824699024234297,-0.059235902042186143,0.80518246990246567,-0.059235902042186143,0.80518246990246567,-0.059235902042186143,0
edge,0.80000000000000004,1.875,1,1,0.059462173564720937,0.0051824699024234297,-0.059235902042186143,0.0094640876786843426,-0.017962963166042407,0.014646557581107772,-0.077198865208228551,0.81464655758112237,-0.077198865208228551,0.81464655758112237,-0.077198865208228551,0
edge,0.80000000000000004,1.875,4,1,0.059462173564720937,0.0051824699024234297,-0.059235902042186143,0.03785635071473737,-0.071851852664169602,0.0430388206171608,-0.13108775470635575,0.84303882061720348,-0.13108775470635575,0.84303882061720348,-0.13108775470635575,0
edge,0.80000000000000004,1.9000000000000001,0,1,0.052475183991813647,0.0045735136366265566,-0.052275500074033594,0,0,0.0045735136366265566,-0.052275500074033594,0.80457351363660834,-0.052275500074033594,0.80457351363660834,-0.052275500074033594,0
edge,0.80000000000000004,1.9000000000000001,1,1,0.052475183991813647,0.0045735136366265566,-0.052275500074033594,0.0090981507793489631,-0.017268410107466874,0.01367166441597552,-0.069543910181500468,0.81367166441592698,-0.069543910181500468,0.81367166441592698,-0.069543910181500468,0
edge,0.80000000000000004,1.9000000000000001,4,1,0.052475183991813647,0.0045735136366265566,-0.052275500074033594,0.036392603117395853,-0.069073640429867494,0.040966116754022411,-0.12134914050390108,0.84096611675399391,-0.12134914050390108,0.84096611675399391,-0.12134914050390108,0
edge,0.80000000000000004,1.925,0,1,0.04630918733533259,0.00403611161825138,-0.046132966896395733,0,0,0.00403611161825138,-0.046132966896395733,0.80403611161827815,-0.046132966896395733,0.80403611161827815,-0.046132966896395733,0
edge,0.80000000000000004,1.925,1,1,0.04630918733533259,0.00403611161825138,-0.046132966896395733,0.0087463631375903905,-0.016600712526282091,0.01278247475584177,-0.062733679422677824,0.81278247475580212,-0.062733679422677824,0.81278247475580212,-0.062733679422677824,0
edge,0.80000000000000004,1.925,4,1,0.04630918733533259,0.00403611161825138,-0.046132966896395733,0.034985452550361555,-0.066402850105128336,0.039021564168612938,-0.11253581700152407,0.83902156416859608,-0.11253581700152407,0.83902156416859608,-0.11253581700152407,0
edge,0.80000000000000004,1.9500000000000002,0,1,0.040867714384640666,0.0035618560015924987,-0.040712200393106794,0,0,0.0035618560015924987,-0.040712200393106794,0.80356185600161112,-0.040712200393106794,0.80356185600161112,-0.040712200393106794,0
edge,0.80000000000000004,1.9500000000000002,1,1,0.040867714384640666,0.0035618560015924987,-0.040712200393106794,0.0084081776604800207,-0.015958832032898031,0.01197003366207252,-0.056671032426004825,0.81197003366206832,-0.056671032426004825,0.81197003366206832,-0.056671032426004825,0
edge,0.80000000000000004,1.9500000000000002,4,1,0.040867714384640666,0.0035618560015924987,-0.040712200393106794,0.033632710641920083,-0.063835328131592123,0.037194566643512582,-0.10454752852469892,0.83719456664355096,-0.10454752852469892,0.83719456664355096,-0.10454752852469892,0
edge,0.80000000000000004,1.9750000000000001,0,1,0.036065631360157203,0.0031433268888577275,-0.035928390744319999,0,0,0.0031433268888577275,-0.035928390744319999,0.80314332688891099,-0.035928390744319999,0.80314332688891099,-0.035928390744319999,0
edge,0.80000000000000004,1.9750000000000001,1,1,0.036065631360157203,0.0031433268888577275,-0.035928390744319999,0.0080830684088965526,-0.015341770387929707,0.01122639529775428,-0.051270161132249706,0.81122639529773721,-0.051270161132249706,0.81122639529773721,-0.051270161132249706,0
edge,0.80000000000000004,1.9750000000000001,4,1,0.036065631360157203,0.0031433268888577275,-0.035928390744319999,0.03233227363558621,-0.061367081551718813,0.035475600524443936,-0.097295472296038812,0.83547560052443792,-0.097295472296038812,0.83547560052443792,-0.097295472296038812,0
edge,0.80000000000000004,2,0,1,0.031827807965096752,0.0027739762432278377,-0.031706693546711615,0,0,0.0027739762432278377,-0.031706693546711615,0.80277397624317626,-0.031706693546711615,0.80277397624317626,-0.031706693546711615,0
edge,0.80000000000000004,2,1,1,0.031827807965096752,0.0027739762432278377,-0.031706693546711615,0.0077705297795969616,-0.014748567949757187,0.0105445060228248,-0.046455261496468801,0.81054450602280337,-0.046455261496468801,0.81054450602280337,-0.046455261496468801,0
edge,0.80000000000000004,2,4,1,0.031827807965096752,0.0027739762432278377,-0.031706693546711615,0.031082119118387846,-0.058994271799028747,0.033856095361615685,-0.090700965345740361,0.83385609536157368,-0.090700965345740361,0.83385609536157368,-0.090700965345740361,0
blind,0,0.75,0,1,16.487212707001309,5.6389588530893864,-15.492912118096786,0,0,5.6389588530893864,-15.492912118096786,9.6389588530893864,-15.492912118096786,1.584778201597671,-2.5472491145824065,1
blind,0,0.75,1,1,16.487212707001309,5.6389588530893864,-15.492912118096786,0,0,5.6389588530893864,-15.492912118096786,9.6389588530893864,-15.492912118096786,1.584778201597671,-2.5472491145824065,1
blind,0,0.75,4,1,16.487212707001309,5.6389588530893864,-15.492912118096786,0,0,5.6389588530893864,-15.492912118096786,9.6389588530893864,-15.492912118096786,1.584778201597671,-2.5472491145824065,1
blind,0,0.77500000000000002,0,1,14.549914146181989,4.9763637216533319,-13.672446956235717,0,0,4.9763637216533319,-13.672446956235717,8.9763637216533319,-13.672446956235717,1.6464590971853166,-2.5078222507378216,1
blind,0,0.77500000000000002,1,1,14.549914146181989,4.9763637216533319,-13.672446956235717,0,0,4.9763637216533319,-13.672446956235717,8.9763637216533319,-13.672446956235717,1.6464590971853166,-2.5078222507378216,1
blind,0,0.77500000000000002,4,1,14.549914146181989,4.9763637216533319,-13.672446956235717,0,0,4.9763637216533319,-13.672446956235717,8.9763637216533319,-13.672446956235717,1.6464590971853166,-2.5078222507378216,1
blind,0,0.80000000000000004,0,1,12.840254166877411,4.3916255704934404,-12.065892089630211,0,0,4.3916255704934404,-12.065892089630211,8.3916255704934404,-12.065892089630211,1.7129130494830023,-2.4629106530507436,1
blind,0,0.80000000000000004,1,1,12.840254166877411,4.3916255704934404,-12.065892089630211,0,0,4.3916255704934404,-12.065892089630211,8.3916255704934404,-12.065892089630211,1.7129130494830023,-2.4629106530507436,1
blind,0,0.80000000000000004,4,1,12.840254166877411,4.3916255704934404,-12.065892089630211,0,0,4.3916255704934404,-12.065892089630211,8.3916255704934404,-12.065892089630211,1.7129130494830023,-2.4629106530507436,1
blind,0,0.82499999999999996,0,1,11.33148453066822,3.8755959632717412,-10.648112396018599,0,0,3.8755959632717412,-10.648112396018599,7.8755959632717412,-10.648112396018599,1.7839424462283771,-2.4119596490291277,1
blind,0,0.82499999999999996,1,1,11.33148453066822,3.8755959632717412,-10.648112396018599,0,0,3.8755959632717412,-10.648112396018599,7.8755959632717412,-10.648112396018599,1.7839424462283771,-2.4119596490291277,1
blind,0,0.82499999999999996,4,1,11.33148453066822,3.8755959632717412,-10.648112396018599,0,0,3.8755959632717412,-10.648112396018599,7.8755959632717412,-10.648112396018599,1.7839424462283771,-2.4119596490291277,1
blind,0,0.84999999999999998,0,1,10.000000000000018,3.4202014332566884,-9.3969262078591029,0,0,3.4202014332566884,-9.3969262078591029,7.4202014332566879,-9.3969262078591029,1.8591760354631104,-2.3544563001167957,1
blind,0,0.84999999999999998,1,1,10.000000000000018,3.4202014332566884,-9.3969262078591029,0,0,3.4202014332566884,-9.3969262078591029,7.4202014332566879,-9.3969262078591029,1.8591760354631104,-2.3544563001167957,1
blind,0,0.84999999999999998,4,1,10.000000000000018,3.4202014332566884,-9.3969262078591029,0,0,3.4202014332566884,-9.3969262078591029,7.4202014332566879,-9.3969262078591029,1.8591760354631104,-2.3544563001167957,1
blind,0,0.875,0,1,8.8249690258459097,3.0183171710644068,-8.2927582722516071,0,0,3.0183171710644068,-8.2927582722516071,7.0183171710644068,-8.2927582722516071,1.9380468371343347,-2.2899725887166418,1
blind,0,0.875,1,1,8.8249690258459097,3.0183171710644068,-8.2927582722516071,0,0,3.0183171710644068,-8.2927582722516071,7.0183171710644068,-8.2927582722516071,1.9380468371343347,-2.2899725887166418,1
blind,0,0.875,4,1,8.8249690258459097,3.0183171710644068,-8.2927582722516071,0,0,3.0183171710644068,-8.2927582722516071,7.0183171710644068,-8.2927582722516071,1.9380468371343347,-2.2899725887166418,1
blind,0,0.90000000000000002,0,1,7.788007830714049,2.663655554482248,-7.3183334891448624,0,0,2.663655554482248,-7.3183334891448624,6.663655554482248,-7.3183334891448624,2.0197810131131693,-2.2182165491825949,1
blind,0,0.90000000000000002,1,1,7.788007830714049,2.663655554482248,-7.3183334891448624,0,0,2.663655554482248,-7.3183334891448624,6.663655554482248,-7.3183334891448624,2.0197810131131693,-2.2182165491825949,1
blind,0,0.90000000000000002,4,1,7.788007830714049,2.663655554482248,-7.3183334891448624,0,0,2.663655554482248,-7.3183334891448624,6.663655554482248,-7.3183334891448624,2.0197810131131693,-2.2182165491825949,1
blind,0,0.92500000000000004,0,1,6.8728927879097546,2.3506677763828456,-6.4584066362514871,0,0,2.3506677763828456,-6.4584066362514871,6.3506677763828456,-6.4584066362514871,2.1034032271899892,-2.1390873904183394,1
blind,0,0.92500000000000004,1,1,6.8728927879097546,2.3506677763828456,-6.4584066362514871,0,0,2.3506677763828456,-6.4584066362514871,6.3506677763828456,-6.4584066362514871,2.1034032271899892,-2.1390873904183394,1
blind,0,0.92500000000000004,4,1,6.8728927879097546,2.3506677763828456,-6.4584066362514871,0,0,2.3506677763828456,-6.4584066362514871,6.3506677763828456,-6.4584066362514871,2.1034032271899892,-2.1390873904183394,1
blind,0,0.94999999999999996,0,1,6.0653065971263267,2.0744570316632709,-5.6995238521236979,0,0,2.0744570316632709,-5.6995238521236979,6.0744570316632709,-5.6995238521236979,2.1877631508653566,-2.0527280374457031,1
blind,0,0.94999999999999996,1,1,6.0653065971263267,2.0744570316632709,-5.6995238521236979,0,0,2.0744570316632709,-5.6995238521236979,6.0744570316632709,-5.6995238521236979,2.1877631508653566,-2.0527280374457031,1
blind,0,0.94999999999999996,4,1,6.0653065971263267,2.0744570316632709,-5.6995238521236979,0,0,2.0744570316632709,-5.6995238521236979,6.0744570316632709,-5.6995238521236979,2.1877631508653566,-2.0527280374457031,1
blind,0,0.97499999999999998,0,1,5.3526142851899214,1.8307019049876776,-5.0298121457062095,0,0,1.8307019049876776,-5.0298121457062095,5.8307019049876772,-5.0298121457062095,2.2715852860700507,-1.9595663520559969,1
blind,0,0.97499999999999998,1,1,5.3526142851899214,1.8307019049876776,-5.0298121457062095,0,0,1.8307019049876776,-5.0298121457062095,5.8307019049876772,-5.0298121457062095,2.2715852860700507,-1.9595663520559969,1
blind,0,0.97499999999999998,4,1,5.3526142851899214,1.8307019049876776,-5.0298121457062095,0,0,1.8307019049876776,-5.0298121457062095,5.8307019049876772,-5.0298121457062095,2.2715852860700507,-1.9595663520559969,1
blind,0,1,0,1,4.723665527410132,1.6155887607073356,-4.4387936391680762,0,0,1.6155887607073356,-4.4387936391680762,5.615588760707336,-4.4387936391680762,2.3535402338371929,-1.8603355524500331,1
blind,0,1,1,1,4.723665527410132,1.6155887607073356,-4.4387936391680762,0,0,1.6155887607073356,-4.4387936391680762,5.615588760707336,-4.4387936391680762,2.3535402338371929,-1.8603355524500331,1
blind,0,1,4,1,4.723665527410132,1.6155887607073356,-4.4387936391680762,0,0,1.6155887607073356,-4.4387936391680762,5.615588760707336,-4.4387936391680762,2.3535402338371929,-1.8603355524500331,1
blind,0,1.0249999999999999,0,1,4.1686201967850911,1.4257520771747141,-3.9172216377780518,0,0,1.4257520771747141,-3.9172216377780518,5.4257520771747139,-3.9172216377780518,2.4323306679677601,-1.7560659217875361,1
blind,0,1.0249999999999999,1,1,4.1686201967850911,1.4257520771747141,-3.9172216377780518,0,0,1.4257520771747141,-3.9172216377780518,5.4257520771747139,-3.9172216377780518,2.4323306679677601,-1.7560659217875361,1
blind,0,1.0249999999999999,4,1,4.1686201967850911,1.4257520771747141,-3.9172216377780518,0,0,1.4257520771747141,-3.9172216377780518,5.4257520771747139,-3.9172216377780518,2.4323306679677601,-1.7560659217875361,1
blind,0,1.05,0,1,3.6787944117144185,1.2582217919602314,-3.4569359620764772,0,0,1.2582217919602314,-3.4569359620764772,5.2582217919602314,-3.4569359620764772,2.5067809541128425,-1.6480440674014476,1
blind,0,1.05,1,1,3.6787944117144185,1.2582217919602314,-3.4569359620764772,0,0,1.2582217919602314,-3.4569359620764772,5.2582217919602314,-3.4569359620764772,2.5067809541128425,-1.6480440674014476,1
blind,0,1.05,4,1,3.6787944117144185,1.2582217919602314,-3.4569359620764772,0,0,1.2582217919602314,-3.4569359620764772,5.2582217919602314,-3.4569359620764772,2.5067809541128425,-1.6480440674014476,1
blind,0,1.075,0,1,3.2465246735834978,1.1103768341693487,-3.0507352789657927,0,0,1.1103768341693487,-3.0507352789657927,5.1103768341693492,-3.0507352789657927,2.5759171841267934,-1.5377420656665055,1
blind,0,1.075,1,1,3.2465246735834978,1.1103768341693487,-3.0507352789657927,0,0,1.1103768341693487,-3.0507352789657927,5.1103768341693492,-3.0507352789657927,2.5759171841267934,-1.5377420656665055,1
blind,0,1.075,4,1,3.2465246735834978,1.1103768341693487,-3.0507352789657927,0,0,1.1103768341693487,-3.0507352789657927,5.1103768341693492,-3.0507352789657927,2.5759171841267934,-1.5377420656665055,1
blind,0,1.1000000000000001,0,1,2.8650479686018904,0.97990411685613277,-2.6922644342928539,0,0,0.97990411685613277,-2.6922644342928539,4.9799041168561331,-2.6922644342928539,2.6390254604041425,-1.4267251379781247,1
blind,0,1.1000000000000001,1,1,2.8650479686018904,0.97990411685613277,-2.6922644342928539,0,0,0.97990411685613277,-2.6922644342928539,4.9799041168561331,-2.6922644342928539,2.6390254604041425,-1.4267251379781247,1
blind,0,1.1000000000000001,4,1,2.8650479686018904,0.97990411685613277,-2.6922644342928539,0,0,0.97990411685613277,-2.6922644342928539,4.9799041168561331,-2.6922644342928539,2.6390254604041425,-1.4267251379781247,1
blind,0,1.125,0,1,2.5283959580474624,0.86476234795543583,-2.3759150242021172,0,0,0.86476234795543583,-2.3759150242021172,4.8647623479554358,-2.3759150242021172,2.6956805105370867,-1.3165510188027316,1
blind,0,1.125,1,1,2.5283959580474624,0.86476234795543583,-2.3759150242021172,0,0,0.86476234795543583,-2.3759150242021172,4.8647623479554358,-2.3759150242021172,2.6956805105370867,-1.3165510188027316,1
blind,0,1.125,4,1,2.5283959580474624,0.86476234795543583,-2.3759150242021172,0,0,0.86476234795543583,-2.3759150242021172,4.8647623479554358,-2.3759150242021172,2.6956805105370867,-1.3165510188027316,1
blind,0,1.1499999999999999,0,1,2.231301601484307,0.76315009354245733,-2.0967376496625829,0,0,0.76315009354245733,-2.0967376496625829,4.7631500935424569,-2.0967376496625829,2.7457428417568157,-1.2086754100837847,1
blind,0,1.1499999999999999,1,1,2.231301601484307,0.76315009354245733,-2.0967376496625829,0,0,0.76315009354245733,-2.0967376496625829,4.7631500935424569,-2.0967376496625829,2.7457428417568157,-1.2086754100837847,1
blind,0,1.1499999999999999,4,1,2.231301601484307,0.76315009354245733,-2.0967376496625829,0,0,0.76315009354245733,-2.0967376496625829,4.7631500935424569,-2.0967376496625829,2.7457428417568157,-1.2086754100837847,1
blind,0,1.175,0,1,1.9691167520419401,0.67347759375835836,-1.8503644813597269,0,0,0.67347759375835836,-1.8503644813597269,4.6734775937583581,-1.8503644813597269,2.7893286806720701,-1.1043756205115229,1
blind,0,1.175,1,1,1.9691167520419401,0.67347759375835836,-1.8503644813597269,0,0,0.67347759375835836,-1.8503644813597269,4.6734775937583581,-1.8503644813597269,2.7893286806720701,-1.1043756205115229,1
blind,0,1.175,4,1,1.9691167520419401,0.67347759375835836,-1.8503644813597269,0,0,0.67347759375835836,-1.8503644813597269,4.6734775937583581,-1.8503644813597269,2.7893286806720701,-1.1043756205115229,1
blind,0,1.2,0,1,1.7377394345044535,0.59434189045188046,-1.6329409234525121,0,0,0.59434189045188046,-1.6329409234525121,4.5943418904518802,-1.6329409234525121,2.8267611334461793,-1.004699703612016,1
blind,0,1.2,1,1,1.7377394345044535,0.59434189045188046,-1.6329409234525121,0,0,0.59434189045188046,-1.6329409234525121,4.5943418904518802,-1.6329409234525121,2.8267611334461793,-1.004699703612016,1
blind,0,1.2,4,1,1.7377394345044535,0.59434189045188046,-1.6329409234525121,0,0,0.59434189045188046,-1.6329409234525121,4.5943418904518802,-1.6329409234525121,2.8267611334461793,-1.004699703612016,1
blind,0,1.2250000000000001,0,1,1.5335496684492822,0.52450487740005469,-1.4410653070504671,0,0,0.52450487740005469,-1.4410653070504671,4.5245048774000551,-1.4410653070504671,2.8585125115604386,-0.91044287094382503,1
blind,0,1.2250000000000001,1,1,1.5335496684492822,0.52450487740005469,-1.4410653070504671,0,0,0.52450487740005469,-1.4410653070504671,4.5245048774000551,-1.4410653070504671,2.8585125115604386,-0.91044287094382503,1
blind,0,1.2250000000000001,4,1,1.5335496684492822,0.52450487740005469,-1.4410653070504671,0,0,0.52450487740005469,-1.4410653070504671,4.5245048774000551,-1.4410653070504671,2.8585125115604386,-0.91044287094382503,1
blind,0,1.25,0,1,1.353352832366127,0.46287392969606328,-1.2717356698941578,0,0,0.46287392969606328,-1.2717356698941578,4.4628739296960633,-1.2717356698941578,2.8851468253229053,-0.82214828122982819,1
blind,0,1.25,1,1,1.353352832366127,0.46287392969606328,-1.2717356698941578,0,0,0.46287392969606328,-1.2717356698941578,4.4628739296960633,-1.2717356698941578,2.8851468253229053,-0.82214828122982819,1
blind,0,1.25,4,1,1.353352832366127,0.46287392969606328,-1.2717356698941578,0,0,0.46287392969606328,-1.2717356698941578,4.4628739296960633,-1.2717356698941578,2.8851468253229053,-0.82214828122982819,1
blind,0,1.2749999999999999,0,1,1.194329682667193,0.40848480924393366,-1.1223027895879369,0,0,0.40848480924393366,-1.1223027895879369,4.4084848092439337,-1.1223027895879369,2.907268973224272,-0.74012641982805027,1
blind,0,1.2749999999999999,1,1,1.194329682667193,0.40848480924393366,-1.1223027895879369,0,0,0.40848480924393366,-1.1223027895879369,4.4084848092439337,-1.1223027895879369,2.907268973224272,-0.74012641982805027,1
blind,0,1.2749999999999999,4,1,1.194329682667193,0.40848480924393366,-1.1223027895879369,0,0,0.40848480924393366,-1.1223027895879369,4.4084848092439337,-1.1223027895879369,2.907268973224272,-0.74012641982805027,1
blind,0,1.3,0,1,1.0539922456186457,0.36048657891063218,-0.99042873557341027,0,0,0.36048657891063218,-0.99042873557341027,4.3604865789106322,-0.99042873557341038,2.9254842236167256,-0.66448631089710708,1
blind,0,1.3,1,1,1.0539922456186457,0.36048657891063218,-0.99042873557341027,0,0,0.36048657891063218,-0.99042873557341027,4.3604865789106322,-0.99042873557341038,2.9254842236167256,-0.66448631089710708,1
blind,0,1.3,4,1,1.0539922456186457,0.36048657891063218,-0.99042873557341027,0,0,0.36048657891063218,-0.99042873557341027,4.3604865789106322,-0.99042873557341038,2.9254842236167256,-0.66448631089710708,1
blind,0,1.3250000000000002,0,1,0.93014489210662987,0.31812828931194831,-0.87405029137430501,0,0,0.31812828931194831,-0.87405029137430501,4.3181282893119484,-0.87405029137430501,2.9403690110020535,-0.59517231046042662,1
blind,0,1.3250000000000002,1,1,0.93014489210662987,0.31812828931194831,-0.87405029137430501,0,0,0.31812828931194831,-0.87405029137430501,4.3181282893119484,-0.87405029137430501,2.9403690110020535,-0.59517231046042662,1
blind,0,1.3250000000000002,4,1,0.93014489210662987,0.31812828931194831,-0.87405029137430501,0,0,0.31812828931194831,-0.87405029137430501,4.3181282893119484,-0.87405029137430501,2.9403690110020535,-0.59517231046042662,1
blind,0,1.3500000000000001,0,1,0.82084998623898753,0.28074722994233153,-0.77134667484099106,0,0,0.28074722994233153,-0.77134667484099106,4.2807472299423317,-0.77134667484099106,2.9524522575969954,-0.53200156636085694,1
blind,0,1.3500000000000001,1,1,0.82084998623898753,0.28074722994233153,-0.77134667484099106,0,0,0.28074722994233153,-0.77134667484099106,4.2807472299423317,-0.77134667484099106,2.9524522575969954,-0.53200156636085694,1
blind,0,1.3500000000000001,4,1,0.82084998623898753,0.28074722994233153,-0.77134667484099106,0,0,0.28074722994233153,-0.77134667484099106,4.2807472299423317,-0.77134667484099106,2.9524522575969954,-0.53200156636085694,1
blind,0,1.375,0,1,0.72439757034251639,0.24775856083331413,-0.68071105136610344,0,0,0.24775856083331413,-0.68071105136610344,4.2477585608333142,-0.68071105136610344,2.9622054335596975,-0.47469881966295951,1
blind,0,1.375,1,1,0.72439757034251639,0.24775856083331413,-0.68071105136610344,0,0,0.24775856083331413,-0.68071105136610344,4.2477585608333142,-0.68071105136610344,2.9622054335596975,-0.47469881966295951,1
blind,0,1.375,4,1,0.72439757034251639,0.24775856083331413,-0.68071105136610344,0,0,0.24775856083331413,-0.68071105136610344,4.2477585608333142,-0.68071105136610344,2.9622054335596975,-0.47469881966295951,1
blind,0,1.3999999999999999,0,1,0.63927861206707459,0.21864616252421543,-0.60072539438568739,0,0,0.21864616252421543,-0.60072539438568739,4.2186461625242151,-0.60072539438568739,2.970039230195507,-0.42292667343131746,1
blind,0,1.3999999999999999,1,1,0.63927861206707459,0.21864616252421543,-0.60072539438568739,0,0,0.21864616252421543,-0.60072539438568739,4.2186461625242151,-0.60072539438568739,2.970039230195507,-0.42292667343131746,1
blind,0,1.3999999999999999,4,1,0.63927861206707459,0.21864616252421543,-0.60072539438568739,0,0,0.21864616252421543,-0.60072539438568739,4.2186461625242151,-0.60072539438568739,2.970039230195507,-0.42292667343131746,1
blind,0,1.425,0,1,0.56416139503777529,0.19295456118962898,-0.53013829984928129,0,0,0.19295456118962898,-0.53013829984928129,4.1929545611896293,-0.53013829984928129,2.9763048139255042,-0.37631058263603701,1
blind,0,1.425,1,1,0.56416139503777529,0.19295456118962898,-0.53013829984928129,0,0,0.19295456118962898,-0.53013829984928129,4.1929545611896293,-0.53013829984928129,2.9763048139255042,-0.37631058263603701,1
blind,0,1.425,4,1,0.56416139503777529,0.19295456118962898,-0.53013829984928129,0,0,0.19295456118962898,-0.53013829984928129,4.1929545611896293,-0.53013829984928129,2.9763048139255042,-0.37631058263603701,1
blind,0,1.4500000000000002,0,1,0.49787068367863785,0.1702818025894165,-0.46784540755845117,0,0,0.1702818025894165,-0.46784540755845117,4.1702818025894164,-0.46784540755845117,2.9812979479541672,-0.33445858566386066,1
blind,0,1.4500000000000002,1,1,0.49787068367863785,0.1702818025894165,-0.46784540755845117,0,0,0.1702818025894165,-0.46784540755845117,4.1702818025894164,-0.46784540755845117,2.9812979479541672,-0.33445858566386066,1
blind,0,1.4500000000000002,4,1,0.49787068367863785,0.1702818025894165,-0.46784540755845117,0,0,0.1702818025894165,-0.46784540755845117,4.1702818025894164,-0.46784540755845117,2.9812979479541672,-0.33445858566386066,1
blind,0,1.4750000000000001,0,1,0.43936933623407498,0.15027316335168223,-0.41287212305876292,0,0,0.15027316335168223,-0.41287212305876292,4.1502731633516818,-0.41287212305876292,2.9852646628265922,-0.29697624968814035,1
blind,0,1.4750000000000001,1,1,0.43936933623407498,0.15027316335168223,-0.41287212305876292,0,0,0.15027316335168223,-0.41287212305876292,4.1502731633516818,-0.41287212305876292,2.9852646628265922,-0.29697624968814035,1
blind,0,1.4750000000000001,4,1,0.43936933623407498,0.15027316335168223,-0.41287212305876292,0,0,0.15027316335168223,-0.41287212305876292,4.1502731633516818,-0.41287212305876292,2.9852646628265922,-0.29697624968814035,1
blind,0,1.5,0,1,0.38774207831721835,0.13261560119944785,-0.36435836976288183,0,0,0.13261560119944785,-0.36435836976288183,4.1326156011994479,-0.36435836976288183,2.9884075354565467,-0.26347751711773804,1
blind,0,1.5,1,1,0.38774207831721835,0.13261560119944785,-0.36435836976288183,0,0,0.13261560119944785,-0.36435836976288183,4.1326156011994479,-0.36435836976288183,2.9884075354565467,-0.26347751711773804,1
blind,0,1.5,4,1,0.38774207831721835,0.13261560119944785,-0.36435836976288183,0,0,0.13261560119944785,-0.36435836976288183,4.1326156011994479,-0.36435836976288183,2.9884075354565467,-0.26347751711773804,1
blind,0,1.5249999999999999,0,1,0.34218118311666057,0.11703285729290717,-0.32154513274651758,0,0,0.11703285729290717,-0.32154513274651758,4.1170328572929069,-0.32154513274651758,2.9908919548282773,-0.23359219709460996,1
blind,0,1.5249999999999999,1,1,0.34218118311666057,0.11703285729290717,-0.32154513274651758,0,0,0.11703285729290717,-0.32154513274651758,4.1170328572929069,-0.32154513274651758,2.9908919548282773,-0.23359219709460996,1
blind,0,1.5249999999999999,4,1,0.34218118311666057,0.11703285729290717,-0.32154513274651758,0,0,0.11703285729290717,-0.32154513274651758,4.1170328572929069,-0.32154513274651758,2.9908919548282773,-0.23359219709460996,1
blind,0,1.55,0,1,0.30197383422318391,0.10328113406161495,-0.28376258368995316,0,0,0.10328113406161495,-0.28376258368995316,4.1032811340616151,-0.28376258368995316,2.9928519983859578,-0.20697080894942319,1
blind,0,1.55,1,1,0.30197383422318391,0.10328113406161495,-0.28376258368995316,0,0,0.10328113406161495,-0.28376258368995316,4.1032811340616151,-0.28376258368995316,2.9928519983859578,-0.20697080894942319,1
blind,0,1.55,4,1,0.30197383422318391,0.10328113406161495,-0.28376258368995316,0,0,0.10328113406161495,-0.28376258368995316,4.1032811340616151,-0.28376258368995316,2.9928519983859578,-0.20697080894942319,1
blind,0,1.5750000000000002,0,1,0.26649097336355465,0.091145280904799994,-0.25041960117578632,0,0,0.091145280904799994,-0.25041960117578632,4.0911452809047999,-0.25041960117578632,2.9943957201681157,-0.18328740010942426,1
blind,0,1.5750000000000002,1,1,0.26649097336355465,0.091145280904799994,-0.25041960117578632,0,0,0.091145280904799994,-0.25041960117578632,4.0911452809047999,-0.25041960117578632,2.9943957201681157,-0.18328740010942426,1
blind,0,1.5750000000000002,4,1,0.26649097336355465,0.091145280904799994,-0.25041960117578632,0,0,0.091145280904799994,-0.25041960117578632,4.0911452809047999,-0.25041960117578632,2.9943957201681157,-0.18328740010942426,1
blind,0,1.6000000000000001,0,1,0.23517745856009181,0.080435428083689128,-0.22099452238410203,0,0,0.080435428083689128,-0.22099452238410203,4.080435428083689,-0.22099452238410203,2.9956097715707402,-0.1622408594340454,1
blind,0,1.6000000000000001,1,1,0.23517745856009181,0.080435428083689128,-0.22099452238410203,0,0,0.080435428083689128,-0.22099452238410203,4.080435428083689,-0.22099452238410203,2.9956097715707402,-0.1622408594340454,1
blind,0,1.6000000000000001,4,1,0.23517745856009181,0.080435428083689128,-0.22099452238410203,0,0,0.080435428083689128,-0.22099452238410203,4.080435428083689,-0.22099452238410203,2.9956097715707402,-0.1622408594340454,1
blind,0,1.625,0,1,0.20754337873699741,0.070984016141921291,-0.19502698149213152,0,0,0.070984016141921291,-0.19502698149213152,4.0709840161419208,-0.19502698149213152,2.9965633515781276,-0.1435551461246154,1
blind,0,1.625,1,1,0.20754337873699741,0.070984016141921291,-0.19502698149213152,0,0,0.070984016141921291,-0.19502698149213152,4.0709840161419208,-0.19502698149213152,2.9965633515781276,-0.1435551461246154,1
blind,0,1.625,4,1,0.20754337873699741,0.070984016141921291,-0.19502698149213152,0,0,0.070984016141921291,-0.19502698149213152,4.0709840161419208,-0.19502698149213152,2.9965633515781276,-0.1435551461246154,1
blind,0,1.6499999999999999,0,1,0.18315638888734215,0.062643174378260724,-0.17211070708722956,0,0,0.062643174378260724,-0.17211070708722956,4.0626431743782607,-0.17211070708722956,2.9973115276273408,-0.12697876339080491,1
blind,0,1.6499999999999999,1,1,0.18315638888734215,0.062643174378260724,-0.17211070708722956,0,0,0.062643174378260724,-0.17211070708722956,4.0626431743782607,-0.17211070708722956,2.9973115276273408,-0.12697876339080491,1
blind,0,1.6499999999999999,4,1,0.18315638888734215,0.062643174378260724,-0.17211070708722956,0,0,0.062643174378260724,-0.17211070708722956,4.0626431743782607,-0.17211070708722956,2.9973115276273408,-0.12697876339080491,1
blind,0,1.675,0,1,0.16163494588165861,0.055282407356881537,-0.15188716590612428,0,0,0.055282407356881537,-0.15188716590612428,4.0552824073568816,-0.15188716590612428,2.9978979909721821,-0.11228372867407961,1
blind,0,1.675,1,1,0.16163494588165861,0.055282407356881537,-0.15188716590612428,0,0,0.055282407356881537,-0.15188716590612428,4.0552824073568816,-0.15188716590612428,2.9978979909721821,-0.11228372867407961,1
blind,0,1.675,4,1,0.16163494588165861,0.055282407356881537,-0.15188716590612428,0,0,0.055282407356881537,-0.15188716590612428,4.0552824073568816,-0.15188716590612428,2.9978979909721821,-0.11228372867407961,1
blind,0,1.7000000000000002,0,1,0.14264233908999255,0.048786553259867943,-0.13403995345450731,0,0,0.048786553259867943,-0.13403995345450731,4.0487865532598679,-0.13403995345450731,2.9983573190742701,-0.099264228973767021,1
blind,0,1.7000000000000002,1,1,0.14264233908999255,0.048786553259867943,-0.13403995345450731,0,0,0.048786553259867943,-0.13403995345450731,4.0487865532598679,-0.13403995345450731,2.9983573190742701,-0.099264228973767021,1
blind,0,1.7000000000000002,4,1,0.14264233908999255,0.048786553259867943,-0.13403995345450731,0,0,0.048786553259867943,-0.13403995345450731,4.0487865532598679,-0.13403995345450731,2.9983573190742701,-0.099264228973767021,1
blind,0,1.7250000000000001,0,1,0.12588142242433967,0.043053982139611674,-0.11828984374618576,0,0,0.043053982139611674,-0.11828984374618576,4.0430539821396119,-0.11828984374618576,2.9987168176236398,-0.08773509959618217,1
blind,0,1.7250000000000001,1,1,0.12588142242433967,0.043053982139611674,-0.11828984374618576,0,0,0.043053982139611674,-0.11828984374618576,4.0430539821396119,-0.11828984374618576,2.9987168176236398,-0.08773509959618217,1
blind,0,1.7250000000000001,4,1,0.12588142242433967,0.043053982139611674,-0.11828984374618576,0,0,0.043053982139611674,-0.11828984374618576,4.0430539821396119,-0.11828984374618576,2.9987168176236398,-0.08773509959618217,1
blind,0,1.75,0,1,0.11108996538242316,0.037995005882139901,-0.10439042071322507,0,0,0.037995005882139901,-0.10439042071322507,4.0379950058821397,-0.10439042071322507,2.998998010021094,-0.07753022565114201,1
blind,0,1.75,1,1,0.11108996538242316,0.037995005882139901,-0.10439042071322507,0,0,0.037995005882139901,-0.10439042071322507,4.0379950058821397,-0.10439042071322507,2.998998010021094,-0.07753022565114201,1
blind,0,1.75,4,1,0.11108996538242316,0.037995005882139901,-0.10439042071322507,0,0,0.037995005882139901,-0.10439042071322507,4.0379950058821397,-0.10439042071322507,2.998998010021094,-0.07753022565114201,1
blind,0,1.7750000000000001,0,1,0.098036550358217761,0.033530475004671774,-0.092124222938923334,0,0,0.033530475004671774,-0.092124222938923334,4.0335304750046719,-0.092124222938923334,2.9992178350000449,-0.068500935888830522,1
blind,0,1.7750000000000001,1,1,0.098036550358217761,0.033530475004671774,-0.092124222938923334,0,0,0.033530475004671774,-0.092124222938923334,4.0335304750046719,-0.092124222938923334,2.9992178350000449,-0.068500935888830522,1
blind,0,1.7750000000000001,4,1,0.098036550358217761,0.033530475004671774,-0.092124222938923334,0,0,0.033530475004671774,-0.092124222938923334,4.0335304750046719,-0.092124222938923334,2.9992178350000449,-0.068500935888830522,1
blind,0,1.8,0,1,0.086516952031206337,0.02959054033381318,-0.081299341396613004,0,0,0.02959054033381318,-0.081299341396613004,4.029590540333813,-0.081299341396613004,2.9993896050724769,-0.060514436155103504,1
blind,0,1.8,1,1,0.086516952031206337,0.02959054033381318,-0.081299341396613004,0,0,0.02959054033381318,-0.081299341396613004,4.029590540333813,-0.081299341396613004,2.9993896050724769,-0.060514436155103504,1
blind,0,1.8,4,1,0.086516952031206337,0.02959054033381318,-0.081299341396613004,0,0,0.02959054033381318,-0.081299341396613004,4.029590540333813,-0.081299341396613004,2.9993896050724769,-0.060514436155103504,1
blind,0,1.825,0,1,0.076350942188599835,0.026113560190394795,-0.071746416964678747,0,0,0.026113560190394795,-0.071746416964678747,4.026113560190395,-0.071746416964678747,2.999523770569227,-0.053452313234937196,1
blind,0,1.825,1,1,0.076350942188599835,0.026113560190394795,-0.071746416964678747,0,0,0.026113560190394795,-0.071746416964678747,4.026113560190395,-0.071746416964678747,2.999523770569227,-0.053452313234937196,1
blind,0,1.825,4,1,0.076350942188599835,0.026113560190394795,-0.071746416964678747,0,0,0.026113560190394795,-0.071746416964678747,4.026113560190395,-0.071746416964678747,2.999523770569227,-0.053452313234937196,1
blind,0,1.8500000000000001,0,1,0.067379469990854549,0.023045135983479664,-0.063315990742871572,0,0,0.023045135983479664,-0.063315990742871572,4.0230451359834793,-0.063315990742871572,2.9996285267097602,-0.047209127814763996,1
blind,0,1.8500000000000001,1,1,0.067379469990854549,0.023045135983479664,-0.063315990742871572,0,0,0.023045135983479664,-0.063315990742871572,4.0230451359834793,-0.063315990742871572,2.9996285267097602,-0.047209127814763996,1
blind,0,1.8500000000000001,4,1,0.067379469990854549,0.023045135983479664,-0.063315990742871572,0,0,0.023045135983479664,-0.063315990742871572,4.0230451359834793,-0.063315990742871572,2.9996285267097602,-0.047209127814763996,1
blind,0,1.875,0,1,0.059462173564721214,0.020337261125061724,-0.055876165714659441,0,0,0.020337261125061724,-0.055876165714659441,4.0203372611250616,-0.055876165714659441,2.9997102946161975,-0.041691106648858479,1
blind,0,1.875,1,1,0.059462173564721214,0.020337261125061724,-0.055876165714659441,0,0,0.020337261125061724,-0.055876165714659441,4.0203372611250616,-0.055876165714659441,2.9997102946161975,-0.041691106648858479,1
blind,0,1.875,4,1,0.059462173564721214,0.020337261125061724,-0.055876165714659441,0,0,0.020337261125061724,-0.055876165714659441,4.0203372611250616,-0.055876165714659441,2.9997102946161975,-0.041691106648858479,1
blind,0,1.9000000000000001,0,1,0.052475183991813751,0.017947569949920982,-0.049310543171490209,0,0,0.017947569949920982,-0.049310543171490209,4.0179475699499214,-0.049310543171490209,2.9997741015526826,-0.036814937916468497,1
blind,0,1.9000000000000001,1,1,0.052475183991813751,0.017947569949920982,-0.049310543171490209,0,0,0.017947569949920982,-0.049310543171490209,4.0179475699499214,-0.049310543171490209,2.9997741015526826,-0.036814937916468497,1
blind,0,1.9000000000000001,4,1,0.052475183991813751,0.017947569949920982,-0.049310543171490209,0,0,0.017947569949920982,-0.049310543171490209,4.0179475699499214,-0.049310543171490209,2.9997741015526826,-0.036814937916468497,1
blind,0,1.925,0,1,0.046309187335332541,0.015838674889725672,-0.043516401613604233,0,0,0.015838674889725672,-0.043516401613604233,4.0158386748897259,-0.043516401613604233,2.9998238809028028,-0.032506669550173575,1
blind,0,1.925,1,1,0.046309187335332541,0.015838674889725672,-0.043516401613604233,0,0,0.015838674889725672,-0.043516401613604233,4.0158386748897259,-0.043516401613604233,2.9998238809028028,-0.032506669550173575,1
blind,0,1.925,4,1,0.046309187335332541,0.015838674889725672,-0.043516401613604233,0,0,0.015838674889725672,-0.043516401613604233,4.0158386748897259,-0.043516401613604233,2.9998238809028028,-0.032506669550173575,1
blind,0,1.9500000000000002,0,1,0.040867714384640492,0.013977581531227244,-0.038403089635632791,0,0,0.013977581531227244,-0.038403089635632791,4.0139775815312273,-0.038403089635632791,2.9998627084233203,-0.02870070750176577,1
blind,0,1.9500000000000002,1,1,0.040867714384640492,0.013977581531227244,-0.038403089635632791,0,0,0.013977581531227244,-0.038403089635632791,4.0139775815312273,-0.038403089635632791,2.9998627084233203,-0.02870070750176577,1
blind,0,1.9500000000000002,4,1,0.040867714384640492,0.013977581531227244,-0.038403089635632791,0,0,0.013977581531227244,-0.038403089635632791,4.0139775815312273,-0.038403089635632791,2.9998627084233203,-0.02870070750176577,1
blind,0,1.9750000000000001,0,1,0.036065631360157301,0.012335172406931737,-0.033890607653124662,0,0,0.012335172406931737,-0.033890607653124662,4.0123351724069316,-0.033890607653124662,2.9998929880389129,-0.025338909111622787,1
blind,0,1.9750000000000001,1,1,0.036065631360157301,0.012335172406931737,-0.033890607653124662,0,0,0.012335172406931737,-0.033890607653124662,4.0123351724069316,-0.033890607653124662,2.9998929880389129,-0.025338909111622787,1
blind,0,1.9750000000000001,4,1,0.036065631360157301,0.012335172406931737,-0.033890607653124662,0,0,0.012335172406931737,-0.033890607653124662,4.0123351724069316,-0.033890607653124662,2.9998929880389129,-0.025338909111622787,1
blind,0,2,0,1,0.03182780796509662,0.010885751441964193,-0.029908356280592255,0,0,0.010885751441964193,-0.029908356280592255,4.0108857514419638,-0.029908356280592255,2.9999165977712683,-0.022369765677306783,1
blind,0,2,1,1,0.03182780796509662,0.010885751441964193,-0.029908356280592255,0,0,0.010885751441964193,-0.029908356280592255,4.0108857514419638,-0.029908356280592255,2.9999165977712683,-0.022369765677306783,1
blind,0,2,4,1,0.03182780796509662,0.010885751441964193,-0.029908356280592255,0,0,0.010885751441964193,-0.029908356280592255,4.0108857514419638,-0.029908356280592255,2.9999165977712683,-0.022369765677306783,1
blind,0.80000000000000004,0.75,0,1,16.487212707001309,5.6389588530893864,-15.492912118096786,0,0,5.6389588530893864,-15.492912118096786,6.4389588530894271,-15.492912118096786,1.151343782942349,-2.7702720973723975,1
blind,0.80000000000000004,0.75,1,1,16.487212707001309,5.6389588530893864,-15.492912118096786,0,0,5.6389588530893864,-15.492912118096786,6.4389588530894271,-15.492912118096786,1.151343782942349,-2.7702720973723975,1
blind,0.80000000000000004,0.75,4,1,16.487212707001309,5.6389588530893864,-15.492912118096786,0,0,5.6389588530893864,-15.492912118096786,6.4389588530894271,-15.492912118096786,1.151343782942349,-2.7702720973723975,1
blind,0.80000000000000004,0.77500000000000002,0,1,14.549914146181989,4.9763637216533319,-13.672446956235717,0,0,4.9763637216533319,-13.672446956235717,5.7763637216533548,-13.672446956235717,1.1675255288698949,-2.7634912953430995,1
blind,0.80000000000000004,0.77500000000000002,1,1,14.549914146181989,4.9763637216533319,-13.672446956235717,0,0,4.9763637216533319,-13.672446956235717,5.7763637216533548,-13.672446956235717,1.1675255288698949,-2.7634912953430995,1
blind,0.80000000000000004,0.77500000000000002,4,1,14.549914146181989,4.9763637216533319,-13.672446956235717,0,0,4.9763637216533319,-13.672446956235717,5.7763637216533548,-13.672446956235717,1.1675255288698949,-2.7634912953430995,1
blind,0.80000000000000004,0.80000000000000004,0,1,12.840254166877411,4.3916255704934404,-12.065892089630211,0,0,4.3916255704934404,-12.065892089630211,5.1916255704934633,-12.065892089630211,1.1857177508983741,-2.7557346416526669,1
blind,0.80000000000000004,0.80000000000000004,1,1,12.840254166877411,4.3916255704934404,-12.065892089630211,0,0,4.3916255704934404,-12.065892089630211,5.1916255704934633,-12.065892089630211,1.1857177508983741,-2.7557346416526669,1
blind,0.80000000000000004,0.80000000000000004,4,1,12.840254166877411,4.3916255704934404,-12.065892089630211,0,0,4.3916255704934404,-12.065892089630211,5.1916255704934633,-12.065892089630211,1.1857177508983741,-2.7557346416526669,1
blind,0.80000000000000004,0.82499999999999996,0,1,11.33148453066822,3.8755959632717412,-10.648112396018599,0,0,3.8755959632717412,-10.648112396018599,4.675595963271717,-10.648112396018599,1.2061464326675875,-2.7468547072903857,1
blind,0.80000000000000004,0.82499999999999996,1,1,11.33148453066822,3.8755959632717412,-10.648112396018599,0,0,3.8755959632717412,-10.648112396018599,4.675595963271717,-10.648112396018599,1.2061464326675875,-2.7468547072903857,1
blind,0.80000000000000004,0.82499999999999996,4,1,11.33148453066822,3.8755959632717412,-10.648112396018599,0,0,3.8755959632717412,-10.648112396018599,4.675595963271717,-10.648112396018599,1.2061464326675875,-2.7468547072903857,1
blind,0.80000000000000004,0.84999999999999998,0,1,10.000000000000018,3.4202014332566884,-9.3969262078591029,0,0,3.4202014332566884,-9.3969262078591029,4.2202014332567428,-9.3969262078591029,1.2290555880811738,-2.7366809023717855,1
blind,0.80000000000000004,0.84999999999999998,1,1,10.000000000000018,3.4202014332566884,-9.3969262078591029,0,0,3.4202014332566884,-9.3969262078591029,4.2202014332567428,-9.3969262078591029,1.2290555880811738,-2.7366809023717855,1
blind,0.80000000000000004,0.84999999999999998,4,1,10.000000000000018,3.4202014332566884,-9.3969262078591029,0,0,3.4202014332566884,-9.3969262078591029,4.2202014332567428,-9.3969262078591029,1.2290555880811738,-2.7366809023717855,1
blind,0.80000000000000004,0.875,0,1,8.8249690258459097,3.0183171710644068,-8.2927582722516071,0,0,3.0183171710644068,-8.2927582722516071,3.8183171710644004,-8.2927582722516071,1.2547062269647746,-2.7250160153686833,1
blind,0.80000000000000004,0.875,1,1,8.8249690258459097,3.0183171710644068,-8.2927582722516071,0,0,3.0183171710644068,-8.2927582722516071,3.8183171710644004,-8.2927582722516071,1.2547062269647746,-2.7250160153686833,1
blind,0.80000000000000004,0.875,4,1,8.8249690258459097,3.0183171710644068,-8.2927582722516071,0,0,3.0183171710644068,-8.2927582722516071,3.8183171710644004,-8.2927582722516071,1.2547062269647746,-2.7250160153686833,1
blind,0.80000000000000004,0.90000000000000002,0,1,7.788007830714049,2.663655554482248,-7.3183334891448624,0,0,2.663655554482248,-7.3183334891448624,3.4636555544822478,-7.3183334891448624,1.28337425426861,-2.7116324462361341,1
blind,0.80000000000000004,0.90000000000000002,1,1,7.788007830714049,2.663655554482248,-7.3183334891448624,0,0,2.663655554482248,-7.3183334891448624,3.4636555544822478,-7.3183334891448624,1.28337425426861,-2.7116324462361341,1
blind,0.80000000000000004,0.90000000000000002,4,1,7.788007830714049,2.663655554482248,-7.3183334891448624,0,0,2.663655554482248,-7.3183334891448624,3.4636555544822478,-7.3183334891448624,1.28337425426861,-2.7116324462361341,1
blind,0.80000000000000004,0.92500000000000004,0,1,6.8728927879097546,2.3506677763828456,-6.4584066362514871,0,0,2.3506677763828456,-6.4584066362514871,3.1506677763828428,-6.4584066362514871,1.3153469471464119,-2.6962682375150822,1
blind,0.80000000000000004,0.92500000000000004,1,1,6.8728927879097546,2.3506677763828456,-6.4584066362514871,0,0,2.3506677763828456,-6.4584066362514871,3.1506677763828428,-6.4584066362514871,1.3153469471464119,-2.6962682375150822,1
blind,0.80000000000000004,0.92500000000000004,4,1,6.8728927879097546,2.3506677763828456,-6.4584066362514871,0,0,2.3506677763828456,-6.4584066362514871,3.1506677763828428,-6.4584066362514871,1.3153469471464119,-2.6962682375150822,1
blind,0.80000000000000004,0.94999999999999996,0,1,6.0653065971263267,2.0744570316632709,-5.6995238521236979,0,0,2.0744570316632709,-5.6995238521236979,2.8744570316632245,-5.6995238521236979,1.3509175834801601,-2.6786230945476892,1
blind,0.80000000000000004,0.94999999999999996,1,1,6.0653065971263267,2.0744570316632709,-5.6995238521236979,0,0,2.0744570316632709,-5.6995238521236979,2.8744570316632245,-5.6995238521236979,1.3509175834801601,-2.6786230945476892,1
blind,0.80000000000000004,0.94999999999999996,4,1,6.0653065971263267,2.0744570316632709,-5.6995238521236979,0,0,2.0744570316632709,-5.6995238521236979,2.8744570316632245,-5.6995238521236979,1.3509175834801601,-2.6786230945476892,1
blind,0.80000000000000004,0.97499999999999998,0,1,5.3526142851899214,1.8307019049876776,-5.0298121457062095,0,0,1.8307019049876776,-5.0298121457062095,2.630701904987709,-5.0298121457062095,1.3903777312657128,-2.6583547100416336,1
blind,0.80000000000000004,0.97499999999999998,1,1,5.3526142851899214,1.8307019049876776,-5.0298121457062095,0,0,1.8307019049876776,-5.0298121457062095,2.630701904987709,-5.0298121457062095,1.3903777312657128,-2.6583547100416336,1
blind,0.80000000000000004,0.97499999999999998,4,1,5.3526142851899214,1.8307019049876776,-5.0298121457062095,0,0,1.8307019049876776,-5.0298121457062095,2.630701904987709,-5.0298121457062095,1.3903777312657128,-2.6583547100416336,1
blind,0.80000000000000004,1,0,1,4.723665527410132,1.6155887607073356,-4.4387936391680762,0,0,1.6155887607073356,-4.4387936391680762,2.4155887607073545,-4.4387936391680762,1.4340066671310048,-2.6350758772042719,1
blind,0.80000000000000004,1,1,1,4.723665527410132,1.6155887607073356,-4.4387936391680762,0,0,1.6155887607073356,-4.4387936391680762,2.4155887607073545,-4.4387936391680762,1.4340066671310048,-2.6350758772042719,1
blind,0.80000000000000004,1,4,1,4.723665527410132,1.6155887607073356,-4.4387936391680762,0,0,1.6155887607073356,-4.4387936391680762,2.4155887607073545,-4.4387936391680762,1.4340066671310048,-2.6350758772042719,1
blind,0.80000000000000004,1.0249999999999999,0,1,4.1686201967850911,1.4257520771747141,-3.9172216377780518,0,0,1.4257520771747141,-3.9172216377780518,2.2257520771746808,-3.9172216377780518,1.4820574002547549,-2.6083530938793658,1
blind,0.80000000000000004,1.0249999999999999,1,1,4.1686201967850911,1.4257520771747141,-3.9172216377780518,0,0,1.4257520771747141,-3.9172216377780518,2.2257520771746808,-3.9172216377780518,1.4820574002547549,-2.6083530938793658,1
blind,0.80000000000000004,1.0249999999999999,4,1,4.1686201967850911,1.4257520771747141,-3.9172216377780518,0,0,1.4257520771747141,-3.9172216377780518,2.2257520771746808,-3.9172216377780518,1.4820574002547549,-2.6083530938793658,1
blind,0.80000000000000004,1.05,0,1,3.6787944117144185,1.2582217919602314,-3.4569359620764772,0,0,1.2582217919602314,-3.4569359620764772,2.0582217919602463,-3.4569359620764772,1.5347388732778189,-2.5777076232284326,1
blind,0.80000000000000004,1.05,1,1,3.6787944117144185,1.2582217919602314,-3.4569359620764772,0,0,1.2582217919602314,-3.4569359620764772,2.0582217919602463,-3.4569359620764772,1.5347388732778189,-2.5777076232284326,1
blind,0.80000000000000004,1.05,4,1,3.6787944117144185,1.2582217919602314,-3.4569359620764772,0,0,1.2582217919602314,-3.4569359620764772,2.0582217919602463,-3.4569359620764772,1.5347388732778189,-2.5777076232284326,1
blind,0.80000000000000004,1.075,0,1,3.2465246735834978,1.1103768341693487,-3.0507352789657927,0,0,1.1103768341693487,-3.0507352789657927,1.9103768341693916,-3.0507352789657927,1.5921941451096933,-2.542620263483784,1
blind,0.80000000000000004,1.075,1,1,3.2465246735834978,1.1103768341693487,-3.0507352789657927,0,0,1.1103768341693487,-3.0507352789657927,1.9103768341693916,-3.0507352789657927,1.5921941451096933,-2.542620263483784,1
blind,0.80000000000000004,1.075,4,1,3.2465246735834978,1.1103768341693487,-3.0507352789657927,0,0,1.1103768341693487,-3.0507352789657927,1.9103768341693916,-3.0507352789657927,1.5921941451096933,-2.542620263483784,1
blind,0.80000000000000004,1.1000000000000001,0,1,2.8650479686018904,0.97990411685613277,-2.6922644342928539,0,0,0.97990411685613277,-2.6922644342928539,1.7799041168561347,-2.6922644342928539,1.6544747907687452,-2.5025413416586395,1
blind,0.80000000000000004,1.1000000000000001,1,1,2.8650479686018904,0.97990411685613277,-2.6922644342928539,0,0,0.97990411685613277,-2.6922644342928539,1.7799041168561347,-2.6922644342928539,1.6544747907687452,-2.5025413416586395,1
blind,0.80000000000000004,1.1000000000000001,4,1,2.8650479686018904,0.97990411685613277,-2.6922644342928539,0,0,0.97990411685613277,-2.6922644342928539,1.7799041168561347,-2.6922644342928539,1.6544747907687452,-2.5025413416586395,1
blind,0.80000000000000004,1.125,0,1,2.5283959580474624,0.86476234795543583,-2.3759150242021172,0,0,0.86476234795543583,-2.3759150242021172,1.6647623479554285,-2.3759150242021172,1.6647623479554285,-2.3759150242021172,0
blind,0.80000000000000004,1.125,1,1,2.5283959580474624,0.86476234795543583,-2.3759150242021172,0,0,0.86476234795543583,-2.3759150242021172,1.6647623479554285,-2.3759150242021172,1.6647623479554285,-2.3759150242021172,0
blind,0.80000000000000004,1.125,4,1,2.5283959580474624,0.86476234795543583,-2.3759150242021172,0,0,0.86476234795543583,-2.3759150242021172,1.6647623479554285,-2.3759150242021172,1.6647623479554285,-2.3759150242021172,0
blind,0.80000000000000004,1.1499999999999999,0,1,2.231301601484307,0.76315009354245733,-2.0967376496625829,0,0,0.76315009354245733,-2.0967376496625829,1.5631500935424647,-2.0967376496625829,1.5631500935424647,-2.0967376496625829,0
blind,0.80000000000000004,1.1499999999999999,1,1,2.231301601484307,0.76315009354245733,-2.0967376496625829,0,0,0.76315009354245733,-2.0967376496625829,1.5631500935424647,-2.0967376496625829,1.5631500935424647,-2.0967376496625829,0
blind,0.80000000000000004,1.1499999999999999,4,1,2.231301601484307,0.76315009354245733,-2.0967376496625829,0,0,0.76315009354245733,-2.0967376496625829,1.5631500935424647,-2.0967376496625829,1.5631500935424647,-2.0967376496625829,0
blind,0.80000000000000004,1.175,0,1,1.9691167520419401,0.67347759375835836,-1.8503644813597269,0,0,0.67347759375835836,-1.8503644813597269,1.4734775937583766,-1.8503644813597269,1.4734775937583766,-1.8503644813597269,0
blind,0.80000000000000004,1.175,1,1,1.9691167520419401,0.67347759375835836,-1.8503644813597269,0,0,0.67347759375835836,-1.8503644813597269,1.4734775937583766,-1.8503644813597269,1.4734775937583766,-1.8503644813597269,0
blind,0.80000000000000004,1.175,4,1,1.9691167520419401,0.67347759375835836,-1.8503644813597269,0,0,0.67347759375835836,-1.8503644813597269,1.4734775937583766,-1.8503644813597269,1.4734775937583766,-1.8503644813597269,0
blind,0.80000000000000004,1.2,0,1,1.7377394345044535,0.59434189045188046,-1.6329409234525121,0,0,0.59434189045188046,-1.6329409234525121,1.3943418904518445,-1.6329409234525121,1.3943418904518445,-1.6329409234525121,0
blind,0.80000000000000004,1.2,1,1,1.7377394345044535,0.59434189045188046,-1.6329409234525121,0,0,0.59434189045188046,-1.6329409234525121,1.3943418904518445,-1.6329409234525121,1.3943418904518445,-1.6329409234525121,0
blind,0.80000000000000004,1.2,4,1,1.7377394345044535,0.59434189045188046,-1.6329409234525121,0,0,0.59434189045188046,-1.6329409234525121,1.3943418904518445,-1.6329409234525121,1.3943418904518445,-1.6329409234525121,0
blind,0.80000000000000004,1.2250000000000001,0,1,1.5335496684492822,0.52450487740005469,-1.4410653070504671,0,0,0.52450487740005469,-1.4410653070504671,1.3245048774001011,-1.4410653070504671,1.3245048774001011,-1.4410653070504671,0
blind,0.80000000000000004,1.2250000000000001,1,1,1.5335496684492822,0.52450487740005469,-1.4410653070504671,0,0,0.52450487740005469,-1.4410653070504671,1.3245048774001011,-1.4410653070504671,1.3245048774001011,-1.4410653070504671,0
blind,0.80000000000000004,1.2250000000000001,4,1,1.5335496684492822,0.52450487740005469,-1.4410653070504671,0,0,0.52450487740005469,-1.4410653070504671,1.3245048774001011,-1.4410653070504671,1.3245048774001011,-1.4410653070504671,0
blind,0.80000000000000004,1.25,0,1,1.353352832366127,0.46287392969606328,-1.2717356698941578,0,0,0.46287392969606328,-1.2717356698941578,1.2628739296960401,-1.2717356698941578,1.2628739296960401,-1.2717356698941578,0
blind,0.80000000000000004,1.25,1,1,1.353352832366127,0.46287392969606328,-1.2717356698941578,0,0,0.46287392969606328,-1.2717356698941578,1.2628739296960401,-1.2717356698941578,1.2628739296960401,-1.2717356698941578,0
blind,0.80000000000000004,1.25,4,1,1.353352832366127,0.46287392969606328,-1.2717356698941578,0,0,0.46287392969606328,-1.2717356698941578,1.2628739296960401,-1.2717356698941578,1.2628739296960401,-1.2717356698941578,0
blind,0.80000000000000004,1.2749999999999999,0,1,1.194329682667193,0.40848480924393366,-1.1223027895879369,0,0,0.40848480924393366,-1.1223027895879369,1.2084848092439593,-1.1223027895879369,1.2084848092439593,-1.1223027895879369,0
blind,0.80000000000000004,1.2749999999999999,1,1,1.194329682667193,0.40848480924393366,-1.1223027895879369,0,0,0.40848480924393366,-1.1223027895879369,1.2084848092439593,-1.1223027895879369,1.2084848092439593,-1.1223027895879369,0
blind,0.80000000000000004,1.2749999999999999,4,1,1.194329682667193,0.40848480924393366,-1.1223027895879369,0,0,0.40848480924393366,-1.1223027895879369,1.2084848092439593,-1.1223027895879369,1.2084848092439593,-1.1223027895879369,0
blind,0.80000000000000004,1.3,0,1,1.0539922456186457,0.36048657891063218,-0.99042873557341027,0,0,0.36048657891063218,-0.99042873557341027,1.1604865789106578,-0.99042873557341038,1.1604865789106578,-0.99042873557341038,0
blind,0.80000000000000004,1.3,1,1,1.0539922456186457,0.36048657891063218,-0.99042873557341027,0,0,0.36048657891063218,-0.99042873557341027,1.1604865789106578,-0.99042873557341038,1.1604865789106578,-0.99042873557341038,0
blind,0.80000000000000004,1.3,4,1,1.0539922456186457,0.36048657891063218,-0.99042873557341027,0,0,0.36048657891063218,-0.99042873557341027,1.1604865789106578,-0.99042873557341038,1.1604865789106578,-0.99042873557341038,0
blind,0.80000000000000004,1.3250000000000002,0,1,0.93014489210662987,0.31812828931194831,-0.87405029137430501,0,0,0.31812828931194831,-0.87405029137430501,1.1181282893119038,-0.87405029137430501,1.1181282893119038,-0.87405029137430501,0
blind,0.80000000000000004,1.3250000000000002,1,1,0.93014489210662987,0.31812828931194831,-0.87405029137430501,0,0,0.31812828931194831,-0.87405029137430501,1.1181282893119038,-0.87405029137430501,1.1181282893119038,-0.87405029137430501,0
blind,0.80000000000000004,1.3250000000000002,4,1,0.93014489210662987,0.31812828931194831,-0.87405029137430501,0,0,0.31812828931194831,-0.87405029137430501,1.1181282893119038,-0.87405029137430501,1.1181282893119038,-0.87405029137430501,0
blind,0.80000000000000004,1.3500000000000001,0,1,0.82084998623898753,0.28074722994233153,-0.77134667484099106,0,0,0.28074722994233153,-0.77134667484099106,1.080747229942336,-0.77134667484099106,1.080747229942336,-0.77134667484099106,0
blind,0.80000000000000004,1.3500000000000001,1,1,0.82084998623898753,0.28074722994233153,-0.77134667484099106,0,0,0.28074722994233153,-0.77134667484099106,1.080747229942336,-0.77134667484099106,1.080747229942336,-0.77134667484099106,0
blind,0.80000000000000004,1.3500000000000001,4,1,0.82084998623898753,0.28074722994233153,-0.77134667484099106,0,0,0.28074722994233153,-0.77134667484099106,1.080747229942336,-0.77134667484099106,1.080747229942336,-0.77134667484099106,0
blind,0.80000000000000004,1.375,0,1,0.72439757034251639,0.24775856083331413,-0.68071105136610344,0,0,0.24775856083331413,-0.68071105136610344,1.0477585608332785,-0.68071105136610344,1.0477585608332785,-0.68071105136610344,0
blind,0.80000000000000004,1.375,1,1,0.72439757034251639,0.24775856083331413,-0.68071105136610344,0,0,0.24775856083331413,-0.68071105136610344,1.0477585608332785,-0.68071105136610344,1.0477585608332785,-0.68071105136610344,0
blind,0.80000000000000004,1.375,4,1,0.72439757034251639,0.24775856083331413,-0.68071105136610344,0,0,0.24775856083331413,-0.68071105136610344,1.0477585608332785,-0.68071105136610344,1.0477585608332785,-0.68071105136610344,0
blind,0.80000000000000004,1.3999999999999999,0,1,0.63927861206707459,0.21864616252421543,-0.60072539438568739,0,0,0.21864616252421543,-0.60072539438568739,1.0186461625242282,-0.60072539438568739,1.0186461625242282,-0.60072539438568739,0
blind,0.80000000000000004,1.3999999999999999,1,1,0.63927861206707459,0.21864616252421543,-0.60072539438568739,0,0,0.21864616252421543,-0.60072539438568739,1.0186461625242282,-0.60072539438568739,1.0186461625242282,-0.60072539438568739,0
blind,0.80000000000000004,1.3999999999999999,4,1,0.63927861206707459,0.21864616252421543,-0.60072539438568739,0,0,0.21864616252421543,-0.60072539438568739,1.0186461625242282,-0.60072539438568739,1.0186461625242282,-0.60072539438568739,0
blind,0.80000000000000004,1.425,0,1,0.56416139503777529,0.19295456118962898,-0.53013829984928129,0,0,0.19295456118962898,-0.53013829984928129,0.99295456118964065,-0.53013829984928129,0.99295456118964065,-0.53013829984928129,0
blind,0.80000000000000004,1.425,1,1,0.56416139503777529,0.19295456118962898,-0.53013829984928129,0,0,0.19295456118962898,-0.53013829984928129,0.99295456118964065,-0.53013829984928129,0.99295456118964065,-0.53013829984928129,0
blind,0.80000000000000004,1.425,4,1,0.56416139503777529,0.19295456118962898,-0.53013829984928129,0,0,0.19295456118962898,-0.53013829984928129,0.99295456118964065,-0.53013829984928129,0.99295456118964065,-0.53013829984928129,0
blind,0.80000000000000004,1.4500000000000002,0,1,0.49787068367863785,0.1702818025894165,-0.46784540755845117,0,0,0.1702818025894165,-0.46784540755845117,0.97028180258940111,-0.46784540755845117,0.97028180258940111,-0.46784540755845117,0
blind,0.80000000000000004,1.4500000000000002,1,1,0.49787068367863785,0.1702818025894165,-0.46784540755845117,0,0,0.1702818025894165,-0.46784540755845117,0.97028180258940111,-0.46784540755845117,0.97028180258940111,-0.46784540755845117,0
blind,0.80000000000000004,1.4500000000000002,4,1,0.49787068367863785,0.1702818025894165,-0.46784540755845117,0,0,0.1702818025894165,-0.46784540755845117,0.97028180258940111,-0.46784540755845117,0.97028180258940111,-0.46784540755845117,0
blind,0.80000000000000004,1.4750000000000001,0,1,0.43936933623407498,0.15027316335168223,-0.41287212305876292,0,0,0.15027316335168223,-0.41287212305876292,0.95027316335172252,-0.41287212305876292,0.95027316335172252,-0.41287212305876292,0
blind,0.80000000000000004,1.4750000000000001,1,1,0.43936933623407498,0.15027316335168223,-0.41287212305876292,0,0,0.15027316335168223,-0.41287212305876292,0.95027316335172252,-0.41287212305876292,0.95027316335172252,-0.41287212305876292,0
blind,0.80000000000000004,1.4750000000000001,4,1,0.43936933623407498,0.15027316335168223,-0.41287212305876292,0,0,0.15027316335168223,-0.41287212305876292,0.95027316335172252,-0.41287212305876292,0.95027316335172252,-0.41287212305876292,0
blind,0.80000000000000004,1.5,0,1,0.38774207831721835,0.13261560119944785,-0.36435836976288183,0,0,0.13261560119944785,-0.36435836976288183,0.93261560119939357,-0.36435836976288183,0.93261560119939357,-0.36435836976288183,0
blind,0.80000000000000004,1.5,1,1,0.38774207831721835,0.13261560119944785,-0.36435836976288183,0,0,0.13261560119944785,-0.36435836976288183,0.93261560119939357,-0.36435836976288183,0.93261560119939357,-0.36435836976288183,0
blind,0.80000000000000004,1.5,4,1,0.38774207831721835,0.13261560119944785,-0.36435836976288183,0,0,0.13261560119944785,-0.36435836976288183,0.93261560119939357,-0.36435836976288183,0.93261560119939357,-0.36435836976288183,0
blind,0.80000000000000004,1.5249999999999999,0,1,0.34218118311666057,0.11703285729290717,-0.32154513274651758,0,0,0.11703285729290717,-0.32154513274651758,0.91703285729294315,-0.32154513274651758,0.91703285729294315,-0.32154513274651758,0
blind,0.80000000000000004,1.5249999999999999,1,1,0.34218118311666057,0.11703285729290717,-0.32154513274651758,0,0,0.11703285729290717,-0.32154513274651758,0.91703285729294315,-0.32154513274651758,0.91703285729294315,-0.32154513274651758,0
blind,0.80000000000000004,1.5249999999999999,4,1,0.34218118311666057,0.11703285729290717,-0.32154513274651758,0,0,0.11703285729290717,-0.32154513274651758,0.91703285729294315,-0.32154513274651758,0.91703285729294315,-0.32154513274651758,0
blind,0.80000000000000004,1.55,0,1,0.30197383422318391,0.10328113406161495,-0.28376258368995316,0,0,0.10328113406161495,-0.28376258368995316,0.90328113406157318,-0.28376258368995316,0.90328113406157318,-0.28376258368995316,0
blind,0.80000000000000004,1.55,1,1,0.30197383422318391,0.10328113406161495,-0.28376258368995316,0,0,0.10328113406161495,-0.28376258368995316,0.90328113406157318,-0.28376258368995316,0.90328113406157318,-0.28376258368995316,0
blind,0.80000000000000004,1.55,4,1,0.30197383422318391,0.10328113406161495,-0.28376258368995316,0,0,0.10328113406161495,-0.28376258368995316,0.90328113406157318,-0.28376258368995316,0.90328113406157318,-0.28376258368995316,0
blind,0.80000000000000004,1.5750000000000002,0,1,0.26649097336355465,0.091145280904799994,-0.25041960117578632,0,0,0.091145280904799994,-0.25041960117578632,0.89114528090483702,-0.25041960117578632,0.89114528090483702,-0.25041960117578632,0
blind,0.80000000000000004,1.5750000000000002,1,1,0.26649097336355465,0.091145280904799994,-0.25041960117578632,0,0,0.091145280904799994,-0.25041960117578632,0.89114528090483702,-0.25041960117578632,0.89114528090483702,-0.25041960117578632,0
blind,0.80000000000000004,1.5750000000000002,4,1,0.26649097336355465,0.091145280904799994,-0.25041960117578632,0,0,0.091145280904799994,-0.25041960117578632,0.89114528090483702,-0.25041960117578632,0.89114528090483702,-0.25041960117578632,0
blind,0.80000000000000004,1.6000000000000001,0,1,0.23517745856009181,0.080435428083689128,-0.22099452238410203,0,0,0.080435428083689128,-0.22099452238410203,0.88043542808369235,-0.22099452238410203,0.88043542808369235,-0.22099452238410203,0
blind,0.80000000000000004,1.6000000000000001,1,1,0.23517745856009181,0.080435428083689128,-0.22099452238410203,0,0,0.080435428083689128,-0.22099452238410203,0.88043542808369235,-0.22099452238410203,0.88043542808369235,-0.22099452238410203,0
blind,0.80000000000000004,1.6000000000000001,4,1,0.23517745856009181,0.080435428083689128,-0.22099452238410203,0,0,0.080435428083689128,-0.22099452238410203,0.88043542808369235,-0.22099452238410203,0.88043542808369235,-0.22099452238410203,0
blind,0.80000000000000004,1.625,0,1,0.20754337873699741,0.070984016141921291,-0.19502698149213152,0,0,0.070984016141921291,-0.19502698149213152,0.87098401614194021,-0.19502698149213152,0.87098401614194021,-0.19502698149213152,0
blind,0.80000000000000004,1.625,1,1,0.20754337873699741,0.070984016141921291,-0.19502698149213152,0,0,0.070984016141921291,-0.19502698149213152,0.87098401614194021,-0.19502698149213152,0.87098401614194021,-0.19502698149213152,0
blind,0.80000000000000004,1.625,4,1,0.20754337873699741,0.070984016141921291,-0.19502698149213152,0,0,0.070984016141921291,-0.19502698149213152,0.87098401614194021,-0.19502698149213152,0.87098401614194021,-0.19502698149213152,0
blind,0.80000000000000004,1.6499999999999999,0,1,0.18315638888734215,0.062643174378260724,-0.17211070708722956,0,0,0.062643174378260724,-0.17211070708722956,0.86264317437823035,-0.17211070708722956,0.86264317437823035,-0.17211070708722956,0
blind,0.80000000000000004,1.6499999999999999,1,1,0.18315638888734215,0.062643174378260724,-0.17211070708722956,0,0,0.062643174378260724,-0.17211070708722956,0.86264317437823035,-0.17211070708722956,0.86264317437823035,-0.17211070708722956,0
blind,0.80000000000000004,1.6499999999999999,4,1,0.18315638888734215,0.062643174378260724,-0.17211070708722956,0,0,0.062643174378260724,-0.17211070708722956,0.86264317437823035,-0.17211070708722956,0.86264317437823035,-0.17211070708722956,0
blind,0.80000000000000004,1.675,0,1,0.16163494588165861,0.055282407356881537,-0.15188716590612428,0,0,0.055282407356881537,-0.15188716590612428,0.85528240735688321,-0.15188716590612428,0.85528240735688321,-0.15188716590612428,0
blind,0.80000000000000004,1.675,1,1,0.16163494588165861,0.055282407356881537,-0.15188716590612428,0,0,0.055282407356881537,-0.15188716590612428,0.85528240735688321,-0.15188716590612428,0.85528240735688321,-0.15188716590612428,0
blind,0.80000000000000004,1.675,4,1,0.16163494588165861,0.055282407356881537,-0.15188716590612428,0,0,0.055282407356881537,-0.15188716590612428,0.85528240735688321,-0.15188716590612428,0.85528240735688321,-0.15188716590612428,0
blind,0.80000000000000004,1.7000000000000002,0,1,0.14264233908999255,0.048786553259867943,-0.13403995345450731,0,0,0.048786553259867943,-0.13403995345450731,0.84878655325981711,-0.13403995345450731,0.84878655325981711,-0.13403995345450731,0
blind,0.80000000000000004,1.7000000000000002,1,1,0.14264233908999255,0.048786553259867943,-0.13403995345450731,0,0,0.048786553259867943,-0.13403995345450731,0.84878655325981711,-0.13403995345450731,0.84878655325981711,-0.13403995345450731,0
blind,0.80000000000000004,1.7000000000000002,4,1,0.14264233908999255,0.048786553259867943,-0.13403995345450731,0,0,0.048786553259867943,-0.13403995345450731,0.84878655325981711,-0.13403995345450731,0.84878655325981711,-0.13403995345450731,0
blind,0.80000000000000004,1.7250000000000001,0,1,0.12588142242433967,0.043053982139611674,-0.11828984374618576,0,0,0.043053982139611674,-0.11828984374618576,0.84305398213957439,-0.11828984374618576,0.84305398213957439,-0.11828984374618576,0
blind,0.80000000000000004,1.7250000000000001,1,1,0.12588142242433967,0.043053982139611674,-0.11828984374618576,0,0,0.043053982139611674,-0.11828984374618576,0.84305398213957439,-0.11828984374618576,0.84305398213957439,-0.11828984374618576,0
blind,0.80000000000000004,1.7250000000000001,4,1,0.12588142242433967,0.043053982139611674,-0.11828984374618576,0,0,0.043053982139611674,-0.11828984374618576,0.84305398213957439,-0.11828984374618576,0.84305398213957439,-0.11828984374618576,0
blind,0.80000000000000004,1.75,0,1,0.11108996538242316,0.037995005882139901,-0.10439042071322507,0,0,0.037995005882139901,-0.10439042071322507,0.8379950058821084,-0.10439042071322507,0.8379950058821084,-0.10439042071322507,0
blind,0.80000000000000004,1.75,1,1,0.11108996538242316,0.037995005882139901,-0.10439042071322507,0,0,0.037995005882139901,-0.10439042071322507,0.8379950058821084,-0.10439042071322507,0.8379950058821084,-0.10439042071322507,0
blind,0.80000000000000004,1.75,4,1,0.11108996538242316,0.037995005882139901,-0.10439042071322507,0,0,0.037995005882139901,-0.10439042071322507,0.8379950058821084,-0.10439042071322507,0.8379950058821084,-0.10439042071322507,0
blind,0.80000000000000004,1.7750000000000001,0,1,0.098036550358217761,0.033530475004671774,-0.092124222938923334,0,0,0.033530475004671774,-0.092124222938923334,0.83353047500467348,-0.092124222938923334,0.83353047500467348,-0.092124222938923334,0
blind,0.80000000000000004,1.7750000000000001,1,1,0.098036550358217761,0.033530475004671774,-0.092124222938923334,0,0,0.033530475004671774,-0.092124222938923334,0.83353047500467348,-0.092124222938923334,0.83353047500467348,-0.092124222938923334,0
blind,0.80000000000000004,1.7750000000000001,4,1,0.098036550358217761,0.033530475004671774,-0.092124222938923334,0,0,0.033530475004671774,-0.092124222938923334,0.83353047500467348,-0.092124222938923334,0.83353047500467348,-0.092124222938923334,0
blind,0.80000000000000004,1.8,0,1,0.086516952031206337,0.02959054033381318,-0.081299341396613004,0,0,0.02959054033381318,-0.081299341396613004,0.8295905403338244,-0.081299341396613004,0.8295905403338244,-0.081299341396613004,0
blind,0.80000000000000004,1.8,1,1,0.086516952031206337,0.02959054033381318,-0.081299341396613004,0,0,0.02959054033381318,-0.081299341396613004,0.8295905403338244,-0.081299341396613004,0.8295905403338244,-0.081299341396613004,0
blind,0.80000000000000004,1.8,4,1,0.086516952031206337,0.02959054033381318,-0.081299341396613004,0,0,0.02959054033381318,-0.081299341396613004,0.8295905403338244,-0.081299341396613004,0.8295905403338244,-0.081299341396613004,0
blind,0.80000000000000004,1.825,0,1,0.076350942188599835,0.026113560190394795,-0.071746416964678747,0,0,0.026113560190394795,-0.071746416964678747,0.82611356019035576,-0.071746416964678747,0.82611356019035576,-0.071746416964678747,0
blind,0.80000000000000004,1.825,1,1,0.076350942188599835,0.026113560190394795,-0.071746416964678747,0,0,0.026113560190394795,-0.071746416964678747,0.82611356019035576,-0.071746416964678747,0.82611356019035576,-0.071746416964678747,0
blind,0.80000000000000004,1.825,4,1,0.076350942188599835,0.026113560190394795,-0.071746416964678747,0,0,0.026113560190394795,-0.071746416964678747,0.82611356019035576,-0.071746416964678747,0.82611356019035576,-0.071746416964678747,0
blind,0.80000000000000004,1.8500000000000001,0,1,0.067379469990854549,0.023045135983479664,-0.063315990742871572,0,0,0.023045135983479664,-0.063315990742871572,0.82304513598352447,-0.063315990742871572,0.82304513598352447,-0.063315990742871572,0
blind,0.80000000000000004,1.8500000000000001,1,1,0.067379469990854549,0.023045135983479664,-0.063315990742871572,0,0,0.023045135983479664,-0.063315990742871572,0.82304513598352447,-0.063315990742871572,0.82304513598352447,-0.063315990742871572,0
blind,0.80000000000000004,1.8500000000000001,4,1,0.067379469990854549,0.023045135983479664,-0.063315990742871572,0,0,0.023045135983479664,-0.063315990742871572,0.82304513598352447,-0.063315990742871572,0.82304513598352447,-0.063315990742871572,0
blind,0.80000000000000004,1.875,0,1,0.059462173564721214,0.020337261125061724,-0.055876165714659441,0,0,0.020337261125061724,-0.055876165714659441,0.82033726112507033,-0.055876165714659441,0.82033726112507033,-0.055876165714659441,0
blind,0.80000000000000004,1.875,1,1,0.059462173564721214,0.020337261125061724,-0.055876165714659441,0,0,0.020337261125061724,-0.055876165714659441,0.82033726112507033,-0.055876165714659441,0.82033726112507033,-0.055876165714659441,0
blind,0.80000000000000004,1.875,4,1,0.059462173564721214,0.020337261125061724,-0.055876165714659441,0,0,0.020337261125061724,-0.055876165714659441,0.82033726112507033,-0.055876165714659441,0.82033726112507033,-0.055876165714659441,0
blind,0.80000000000000004,1.9000000000000001,0,1,0.052475183991813751,0.017947569949920982,-0.049310543171490209,0,0,0.017947569949920982,-0.049310543171490209,0.81794756994990614,-0.049310543171490209,0.81794756994990614,-0.049310543171490209,0
blind,0.80000000000000004,1.9000000000000001,1,1,0.052475183991813751,0.017947569949920982,-0.049310543171490209,0,0,0.017947569949920982,-0.049310543171490209,0.81794756994990614,-0.049310543171490209,0.81794756994990614,-0.049310543171490209,0
blind,0.80000000000000004,1.9000000000000001,4,1,0.052475183991813751,0.017947569949920982,-0.049310543171490209,0,0,0.017947569949920982,-0.049310543171490209,0.81794756994990614,-0.049310543171490209,0.81794756994990614,-0.049310543171490209,0
blind,0.80000000000000004,1.925,0,1,0.046309187335332541,0.015838674889725672,-0.043516401613604233,0,0,0.015838674889725672,-0.043516401613604233,0.81583867488976836,-0.043516401613604233,0.81583867488976836,-0.043516401613604233,0
blind,0.80000000000000004,1.925,1,1,0.046309187335332541,0.015838674889725672,-0.043516401613604233,0,0,0.015838674889725672,-0.043516401613604233,0.81583867488976836,-0.043516401613604233,0.81583867488976836,-0.043516401613604233,0
blind,0.80000000000000004,1.925,4,1,0.046309187335332541,0.015838674889725672,-0.043516401613604233,0,0,0.015838674889725672,-0.043516401613604233,0.81583867488976836,-0.043516401613604233,0.81583867488976836,-0.043516401613604233,0
blind,0.80000000000000004,1.9500000000000002,0,1,0.040867714384640492,0.013977581531227244,-0.038403089635632791,0,0,0.013977581531227244,-0.038403089635632791,0.81397758153123334,-0.038403089635632791,0.81397758153123334,-0.038403089635632791,0
blind,0.80000000000000004,1.9500000000000002,1,1,0.040867714384640492,0.013977581531227244,-0.038403089635632791,0,0,0.013977581531227244,-0.038403089635632791,0.81397758153123334,-0.038403089635632791,0.81397758153123334,-0.038403089635632791,0
blind,0.80000000000000004,1.9500000000000002,4,1,0.040867714384640492,0.013977581531227244,-0.038403089635632791,0,0,0.013977581531227244,-0.038403089635632791,0.81397758153123334,-0.038403089635632791,0.81397758153123334,-0.038403089635632791,0
blind,0.80000000000000004,1.9750000000000001,0,1,0.036065631360157301,0.012335172406931737,-0.033890607653124662,0,0,0.012335172406931737,-0.033890607653124662,0.81233517240697495,-0.033890607653124662,0.81233517240697495,-0.033890607653124662,0
blind,0.80000000000000004,1.9750000000000001,1,1,0.036065631360157301,0.012335172406931737,-0.033890607653124662,0,0,0.012335172406931737,-0.033890607653124662,0.81233517240697495,-0.033890607653124662,0.81233517240697495,-0.033890607653124662,0
blind,0.80000000000000004,1.9750000000000001,4,1,0.036065631360157301,0.012335172406931737,-0.033890607653124662,0,0,0.012335172406931737,-0.033890607653124662,0.81233517240697495,-0.033890607653124662,0.81233517240697495,-0.033890607653124662,0
blind,0.80000000000000004,2,0,1,0.03182780796509662,0.010885751441964193,-0.029908356280592255,0,0,0.010885751441964193,-0.029908356280592255,0.81088575144194763,-0.029908356280592255,0.81088575144194763,-0.029908356280592255,0
blind,0.80000000000000004,2,1,1,0.03182780796509662,0.010885751441964193,-0.029908356280592255,0,0,0.010885751441964193,-0.029908356280592255,0.81088575144194763,-0.029908356280592255,0.81088575144194763,-0.029908356280592255,0
blind,0.80000000000000004,2,4,1,0.03182780796509662,0.010885751441964193,-0.029908356280592255,0,0,0.010885751441964193,-0.029908356280592255,0.81088575144194763,-0.029908356280592255,0.81088575144194763,-0.029908356280592255,0
dual_front,0,0.75,0,2,32.974425414002567,-28.556690083721431,0,0,0,-28.556690083721431,0,-24.556690083721431,0,-3,0,1
dual_front,0,0.75,1,2,32.974425414002567,-28.556690083721431,0,-1.016013781884272,0,-29.572703865605703,0,-25.572703865605703,0,-3,0,1
dual_front,0,0.75,4,2,32.974425414002567,-28.556690083721431,0,-4.0640551275370846,0,-32.620745211258516,0,-28.620745211258516,0,-3,0,1
dual_front,0,0.77500000000000002,0,2,29.099828292364087,-25.201190546952454,0,0,0,-25.201190546952454,0,-21.201190546952454,0,-3,0,1
dual_front,0,0.77500000000000002,1,2,29.099828292364087,-25.201190546952454,0,-0.94597261597876781,0,-26.147163162931221,0,-22.147163162931221,0,-3,0,1
dual_front,0,0.77500000000000002,4,2,29.099828292364087,-25.201190546952454,0,-3.7838904639150712,0,-28.985081010867525,0,-24.985081010867525,0,-3,0,1
dual_front,0,0.80000000000000004,0,2,25.680508333754823,-22.239972599129654,0,0,0,-22.239972599129654,0,-18.239972599129654,0,-3,0,1
dual_front,0,0.80000000000000004,1,2,25.680508333754823,-22.239972599129654,0,-0.88075989335707661,0,-23.120732492486731,0,-19.120732492486731,0,-3,0,1
dual_front,0,0.80000000000000004,4,2,25.680508333754823,-22.239972599129654,0,-3.5230395734283029,0,-25.763012172557957,0,-21.763012172557957,0,-3,0,1
dual_front,0,0.82499999999999996,0,2,22.662969061336582,-19.626706932298255,0,0,0,-19.626706932298255,0,-15.626706932298257,0,-3,0,1
dual_front,0,0.82499999999999996,1,2,22.662969061336582,-19.626706932298255,0,-0.82004275456085907,0,-20.446749686859114,0,-16.446749686859114,0,-3,0,1
dual_front,0,0.82499999999999996,4,2,22.662969061336582,-19.626706932298255,0,-3.2801710182434363,0,-22.906877950541691,0,-18.906877950541691,0,-3,0,1
dual_front,0,0.84999999999999998,0,2,20.000000000000004,-17.320508075688767,0,0,0,-17.320508075688767,0,-13.320508075688767,0,-3,0,1
dual_front,0,0.84999999999999998,1,2,20.000000000000004,-17.320508075688767,0,-0.76351128653757527,0,-18.084019362226343,0,-14.084019362226343,0,-3,0,1
dual_front,0,0.84999999999999998,4,2,20.000000000000004,-17.320508075688767,0,-3.0540451461503046,0,-20.374553221839072,0,-16.374553221839072,0,-3,0,1
dual_front,0,0.875,0,2,17.649938051691958,-15.285294727986855,0,0,0,-15.285294727986855,0,-11.285294727986855,0,-3,0,1
dual_front,0,0.875,1,2,17.649938051691958,-15.285294727986855,0,-0.71087694077907138,0,-15.996171668765927,0,-11.996171668765927,0,-3,0,1
dual_front,0,0.875,4,2,17.649938051691958,-15.285294727986855,0,-2.8435077631162855,0,-18.128802491103141,0,-14.128802491103141,0,-3,0,1
dual_front,0,0.90000000000000002,0,2,15.576015661428173,-13.489225252541075,0,0,0,-13.489225252541075,0,-9.4892252525410754,0,-3,0,1
dual_front,0,0.90000000000000002,1,2,15.576015661428173,-13.489225252541075,0,-0.66187106050925593,0,-14.151096313050331,0,-10.151096313050331,0,-3,0,1
dual_front,0,0.90000000000000002,4,2,15.576015661428173,-13.489225252541075,0,-2.6474842420370202,0,-16.136709494578096,0,-12.136709494578096,0,-3,0,1
dual_front,0,0.92500000000000004,0,2,13.745785575819372,-11.904199503633286,0,0,0,-11.904199503633286,0,-7.9041995036332864,0,-3,0,1
dual_front,0,0.92500000000000004,1,2,13.745785575819372,-11.904199503633286,0,-0.61624350940339312,0,-12.52044301303668,0,-8.5204430130366795,0,-3,0,1
dual_front,0,0.92500000000000004,4,2,13.745785575819372,-11.904199503633286,0,-2.4649740376135725,0,-14.369173541246859,0,-10.369173541246859,0,-3,0,1
dual_front,0,0.94999999999999996,0,2,12.13061319425263,-10.505419189705478,0,0,0,-10.505419189705478,0,-6.5054191897054778,0,-3,0,1
dual_front,0,0.94999999999999996,1,2,12.13061319425263,-10.505419189705478,0,-0.57376139483968558,0,-11.079180584545163,0,-7.0791805845451634,0,-3,0,1
dual_front,0,0.94999999999999996,4,2,12.13061319425263,-10.505419189705478,0,-2.2950455793587423,0,-12.80046476906422,0,-8.8004647690642201,0,-3,0,1
dual_front,0,0.97499999999999998,0,2,10.705228570379754,-9.270999895267833,0,0,0,-9.270999895267833,0,-5.270999895267833,0,-3,0,1
dual_front,0,0.97499999999999998,1,2,10.705228570379754,-9.270999895267833,0,-0.53420787916629386,0,-9.8052077744341268,0,-5.8052077744341268,0,-3,0,1
dual_front,0,0.97499999999999998,4,2,10.705228570379754,-9.270999895267833,0,-2.1368315166651772,0,-11.40783141193301,0,-7.4078314119330102,0,-3,0,1
dual_front,0,1,0,2,9.4473310548202765,-8.1816286914359981,0,0,0,-8.1816286914359981,0,-4.1816286914359981,0,-3,0,1
dual_front,0,1,1,2,9.4473310548202765,-8.1816286914359981,0,-0.49738107291636169,0,-8.6790097643523598,0,-4.6790097643523598,0,-3,0,1
dual_front,0,1,4,2,9.4473310548202765,-8.1816286914359981,0,-1.9895242916654485,0,-10.171152983101447,0,-6.1711529831014467,0,-3,0,1
dual_front,0,1.0249999999999999,0,2,8.3372403935701627,-7.2202619782895354,0,0,0,-7.2202619782895354,0,-3.2202619782895354,0,-3,0,1
dual_front,0,1.0249999999999999,1,2,8.3372403935701627,-7.2202619782895354,0,-0.46309300432167699,0,-7.6833549826112124,0,-3.6833549826112124,0,-3,0,1
dual_front,0,1.0249999999999999,4,2,8.3372403935701627,-7.2202619782895354,0,-1.8523720172867097,0,-9.0726339955762452,0,-5.0726339955762452,0,-3,0,1
dual_front,0,1.05,0,2,7.3575888234288289,-6.3718588316898241,0,0,0,-6.3718588316898241,0,-2.3718588316898241,0,-2.3718588316898241,0,0
dual_front,0,1.05,1,2,7.3575888234288289,-6.3718588316898241,0,-0.43116865986522779,0,-6.8030274915550519,0,-2.8030274915550519,0,-2.8030274915550519,0,0
dual_front,0,1.05,4,2,7.3575888234288289,-6.3718588316898241,0,-1.7246746394609094,0,-8.0965334711507335,0,-4.0965334711507335,0,-3,0,1
dual_front,0,1.075,0,2,6.4930493471669966,-5.6231456826725852,0,0,0,-5.6231456826725852,0,-1.6231456826725852,0,-1.6231456826725852,0,0
dual_front,0,1.075,1,2,6.4930493471669966,-5.6231456826725852,0,-0.40144509097537817,0,-6.0245907736479634,0,-2.0245907736479634,0,-2.0245907736479634,0,0
dual_front,0,1.075,4,2,6.4930493471669966,-5.6231456826725852,0,-1.6057803639015109,0,-7.2289260465740961,0,-3.2289260465740961,0,-3,0,1
dual_front,0,1.1000000000000001,0,2,5.7300959372037861,-4.962408647740479,0,0,0,-4.962408647740479,0,-0.96240864774047896,0,-0.96240864774047896,0,0
dual_front,0,1.1000000000000001,1,2,5.7300959372037861,-4.962408647740479,0,-0.37377058230206917,0,-5.3361792300425481,0,-1.3361792300425481,0,-1.3361792300425481,0,0
dual_front,0,1.1000000000000001,4,2,5.7300959372037861,-4.962408647740479,0,-1.4950823292082749,0,-6.4574909769487538,0,-2.4574909769487538,0,-2.4574909769487538,0,0
dual_front,0,1.125,0,2,5.0567919160949302,-4.379310260989997,0,0,0,-4.379310260989997,0,-0.37931026098999698,0,-0.37931026098999698,0,0
dual_front,0,1.125,1,2,5.0567919160949302,-4.379310260989997,0,-0.3480038773297558,0,-4.7273141383197528,0,-0.72731413831975278,0,-0.72731413831975278,0,0
dual_front,0,1.125,4,2,5.0567919160949302,-4.379310260989997,0,-1.3920155093190241,0,-5.7713257703090211,0,-1.7713257703090211,0,-1.7713257703090211,0,0
dual_front,0,1.1499999999999999,0,2,4.4626032029686087,-3.8647277407806198,0,0,0,-3.8647277407806198,0,0.13527225921938046,0,0.13527225921938046,0,0
dual_front,0,1.1499999999999999,1,2,4.4626032029686087,-3.8647277407806198,0,-0.32401345737442133,0,-4.1887411981550411,0,-0.18874119815504109,0,-0.18874119815504109,0,0
dual_front,0,1.1499999999999999,4,2,4.4626032029686087,-3.8647277407806198,0,-1.296053829497684,0,-5.1607815702783038,0,-1.1607815702783038,0,-1.1607815702783038,0,0
dual_front,0,1.175,0,2,3.9382335040838798,-3.4106102605716462,0,0,0,-3.4106102605716462,0,0.58938973942835382,0,0.58938973942835382,0,0
dual_front,0,1.175,1,2,3.9382335040838798,-3.4106102605716462,0,-0.30167687028453871,0,-3.7122871308561849,0,0.28771286914381533,0,0.28771286914381533,0,0
dual_front,0,1.175,4,2,3.9382335040838798,-3.4106102605716462,0,-1.206707481138154,0,-4.6173177417098001,0,-0.61731774170980014,0,-0.61731774170980014,0,0
dual_front,0,1.2,0,2,3.4754788690088838,-3.0098529908777043,0,0,0,-3.0098529908777043,0,0.99014700912229581,0,0.99014700912229581,0,0
dual_front,0,1.2,1,2,3.4754788690088838,-3.0098529908777043,0,-0.28088010541953157,0,-3.2907330962972359,0,0.70926690370276391,0,0.70926690370276391,0,0
dual_front,0,1.2,4,2,3.4754788690088838,-3.0098529908777043,0,-1.1235204216781267,0,-4.133373412555831,0,-0.13337341255583102,0,-0.13337341255583102,0,0
dual_front,0,1.2250000000000001,0,2,3.0670993368985715,-2.6561859416845683,0,0,0,-2.6561859416845683,0,1.3438140583154317,0,1.3438140583154317,0,0
dual_front,0,1.2250000000000001,1,2,3.0670993368985715,-2.6561859416845683,0,-0.26151701171546904,0,-2.9177029534000374,0,1.0822970465999626,0,1.0822970465999626,0,0
dual_front,0,1.2250000000000001,4,2,3.0670993368985715,-2.6561859416845683,0,-1.0460680468618753,0,-3.7022539885464436,0,0.29774601145355639,0,0.29774601145355639,0,0
dual_front,0,1.25,0,2,2.7067056647322389,-2.3440758662253653,0,0,0,-2.3440758662253653,0,1.6559241337746347,0,1.6559241337746347,0,0
dual_front,0,1.25,1,2,2.7067056647322389,-2.3440758662253653,0,-0.24348875586769303,0,-2.5875646220930584,0,1.4124353779069416,0,1.4124353779069416,0,0
dual_front,0,1.25,4,2,2.7067056647322389,-2.3440758662253653,0,-0.97395502347077212,0,-3.3180308896961375,0,0.68196911030386254,0,0.68196911030386254,0,0
dual_front,0,1.2749999999999999,0,2,2.3886593653344046,-2.0686396913672089,0,0,0,-2.0686396913672089,0,1.9313603086327911,0,1.9313603086327911,0,0
dual_front,0,1.2749999999999999,1,2,2.3886593653344046,-2.0686396913672089,0,-0.2267033178648501,0,-2.295343009232059,0,1.7046569907679407,0,1.7046569907679407,0,0
dual_front,0,1.2749999999999999,4,2,2.3886593653344046,-2.0686396913672089,0,-0.90681327145939994,0,-2.9754529628266089,0,1.0245470371733914,0,1.0245470371733914,0,0
dual_front,0,1.3,0,2,2.107984491237274,-1.8255681201950951,0,0,0,-1.8255681201950951,0,2.1744318798049047,0,2.1744318798049047,0,0
dual_front,0,1.3,1,2,2.107984491237274,-1.8255681201950951,0,-0.21107502129937061,0,-2.0366431414944657,0,1.9633568585055343,0,1.9633568585055343,0,0
dual_front,0,1.3,4,2,2.107984491237274,-1.8255681201950951,0,-0.84430008519748179,0,-2.6698682053925769,0,1.3301317946074231,0,1.3301317946074231,0,0
dual_front,0,1.3250000000000002,0,2,1.8602897842132786,-1.6110582115293708,0,0,0,-1.6110582115293708,0,2.3889417884706292,0,2.3889417884706292,0,0
dual_front,0,1.3250000000000002,1,2,1.8602897842132786,-1.6110582115293708,0,-0.19652409605707888,0,-1.8075823075864497,0,2.1924176924135503,0,2.1924176924135503,0,0
dual_front,0,1.3250000000000002,4,2,1.8602897842132786,-1.6110582115293708,0,-0.78609638422831551,0,-2.3971545957576863,0,1.6028454042423137,0,1.6028454042423137,0,0
dual_front,0,1.3500000000000001,0,2,1.641699972477968,-1.4217538815581339,0,0,0,-1.4217538815581339,0,2.5782461184418661,0,2.5782461184418661,0,0
dual_front,0,1.3500000000000001,1,2,1.641699972477968,-1.4217538815581339,0,-0.18297627115372328,0,-1.6047301527118571,0,2.3952698472881426,0,2.3952698472881426,0,0
dual_front,0,1.3500000000000001,4,2,1.641699972477968,-1.4217538815581339,0,-0.73190508461489312,0,-2.153658966173027,0,1.846341033826973,0,1.846341033826973,0,0
dual_front,0,1.375,0,2,1.4487951406850357,-1.2546933967126903,0,0,0,-1.2546933967126903,0,2.7453066032873092,0,2.7453066032873092,0,0
dual_front,0,1.375,1,2,1.4487951406850357,-1.2546933967126903,0,-0.26872117062295908,0,-1.5234145673356494,0,2.4765854326643506,0,2.4765854326643506,0,0
dual_front,0,1.375,4,2,1.4487951406850357,-1.2546933967126903,0,-1.0748846824918359,0,-2.3295780792045262,0,1.6704219207954738,0,1.6704219207954738,0,0
dual_front,0,1.3999999999999999,0,2,1.278557224134151,-1.1072630362922895,0,0,0,-1.1072630362922895,0,2.8927369637077103,0,2.8927369637077103,0,0
dual_front,0,1.3999999999999999,1,2,1.278557224134151,-1.1072630362922895,0,-0.15861808564185975,0,-1.2658811219341493,0,2.7341188780658507,0,2.7341188780658507,0,0
dual_front,0,1.3999999999999999,4,2,1.278557224134151,-1.1072630362922895,0,-0.63447234256743923,0,-1.7417353788597287,0,2.2582646211402713,0,2.2582646211402713,0,0
dual_front,0,1.425,0,2,1.128322790075553,-0.97715619987436486,0,0,0,-0.97715619987436486,0,3.022843800125635,0,3,0,1
dual_front,0,1.425,1,2,1.128322790075553,-0.97715619987436486,0,-0.14768339572904121,0,-1.1248395956034061,0,2.8751604043965937,0,2.8751604043965937,0,0
dual_front,0,1.425,4,2,1.128322790075553,-0.97715619987436486,0,-0.59073358291616451,0,-1.5678897827905294,0,2.4321102172094706,0,2.4321102172094706,0,0
dual_front,0,1.4500000000000002,0,2,0.99574136735727936,-0.86233731973045702,0,0,0,-0.86233731973045702,0,3.1376626802695426,0,3,0,1
dual_front,0,1.4500000000000002,1,2,0.99574136735727936,-0.86233731973045702,0,-0.13750251294360993,0,-0.99983983267406695,0,3.0001601673259328,0,3,0,1
dual_front,0,1.4500000000000002,4,2,0.99574136735727936,-0.86233731973045702,0,-0.55001005177443962,0,-1.4123473715048966,0,2.5876526284951034,0,2.5876526284951034,0,0
dual_front,0,1.4750000000000001,0,2,0.8787386724681393,-0.76101001364522203,0,0,0,-0.76101001364522203,0,3.2389899863547775,0,3,0,1
dual_front,0,1.4750000000000001,1,2,0.8787386724681393,-0.76101001364522203,0,-0.054109085943368385,0,-0.81511909958859041,0,3.1848809004114091,0,3,0,1
dual_front,0,1.4750000000000001,4,2,0.8787386724681393,-0.76101001364522203,0,-0.21643634377347343,0,-0.97744635741869546,0,3.0225536425813049,0,3,0,1
dual_front,0,1.5,0,2,0.77548415663444026,-0.67158897987777599,0,0,0,-0.67158897987777599,0,3.3284110201222239,0,3,0,1
dual_front,0,1.5,1,2,0.77548415663444026,-0.67158897987777599,0,-0.11919788963092881,0,-0.7907868695087048,0,3.2092131304912952,0,3,0,1
dual_front,0,1.5,4,2,0.77548415663444026,-0.67158897987777599,0,-0.47679155852371491,0,-1.1483805384014909,0,2.8516194615985091,0,2.8516194615985091,0,0
dual_front,0,1.5249999999999999,0,2,0.68436236623332802,-0.59267519455209172,0,0,0,-0.59267519455209172,0,3.4073248054479084,0,3,0,1
dual_front,0,1.5249999999999999,1,2,0.68436236623332802,-0.59267519455209172,0,-0.11098071845462643,0,-0.70365591300671815,0,3.2963440869932814,0,3,0,1
dual_front,0,1.5249999999999999,4,2,0.68436236623332802,-0.59267519455209172,0,-0.44392287381850581,0,-1.0365980683705975,0,2.9634019316294022,0,2.9634019316294022,0,0
dual_front,0,1.55,0,2,0.60394766844636993,-0.52303402343093774,0,0,0,-0.52303402343093774,0,3.4769659765690619,0,3,0,1
dual_front,0,1.55,1,2,0.60394766844636993,-0.52303402343093774,0,-0.10333001621791327,0,-0.62636403964885101,0,3.373635960351149,0,3,0,1
dual_front,0,1.55,4,2,0.60394766844636993,-0.52303402343093774,0,-0.41332006487165329,0,-0.93635408830259104,0,3.0636459116974093,0,3,0,1
dual_front,0,1.5750000000000002,0,2,0.53298194672710697,-0.46157590562415912,0,0,0,-0.46157590562415912,0,3.5384240943758405,0,3,0,1
dual_front,0,1.5750000000000002,1,2,0.53298194672710697,-0.46157590562415912,0,-0.096206732126711991,0,-0.55778263775087111,0,3.4422173622491288,0,3,0,1
dual_front,0,1.5750000000000002,4,2,0.53298194672710697,-0.46157590562415912,0,-0.3848269285068478,0,-0.84640283413100692,0,3.1535971658689927,0,3,0,1
dual_front,0,1.6000000000000001,0,2,0.47035491712018196,-0.40733930702100163,0,0,0,-0.40733930702100163,0,3.5926606929789981,0,3,0,1
dual_front,0,1.6000000000000001,1,2,0.47035491712018196,-0.40733930702100163,0,-0.089574507440136952,0,-0.49691381446113858,0,3.5030861855388613,0,3,0,1
dual_front,0,1.6000000000000001,4,2,0.47035491712018196,-0.40733930702100163,0,-0.3582980297605477,0,-0.76563733678154933,0,3.2343626632184508,0,3,0,1
dual_front,0,1.625,0,2,0.4150867574739926,-0.35947567674698788,0,0,0,-0.35947567674698788,0,3.640524323253012,0,3,0,1
dual_front,0,1.625,1,2,0.4150867574739926,-0.35947567674698788,0,-0.083399489887832412,0,-0.44287516663482029,0,3.5571248333651795,0,3,0,1
dual_front,0,1.625,4,2,0.4150867574739926,-0.35947567674698788,0,-0.33359795955132965,0,-0.69307363629831753,0,3.3069263637016828,0,3,0,1
dual_front,0,1.6499999999999999,0,2,0.36631277777468541,-0.31723617128372128,0,0,0,-0.31723617128372128,0,3.6827638287162792,0,3,0,1
dual_front,0,1.6499999999999999,1,2,0.36631277777468541,-0.31723617128372128,0,-0.077650160880863184,0,-0.39488633216458446,0,3.6051136678354156,0,3,0,1
dual_front,0,1.6499999999999999,4,2,0.36631277777468541,-0.31723617128372128,0,-0.31060064352345274,0,-0.62783681480717402,0,3.372163185192826,0,3,0,1
dual_front,0,1.675,0,2,0.32326989176331572,-0.2799599385456773,0,0,0,-0.2799599385456773,0,3.7200400614543225,0,3,0,1
dual_front,0,1.675,1,2,0.32326989176331572,-0.2799599385456773,0,-0.072297174634200545,0,-0.35225711317987785,0,3.6477428868201223,0,3,0,1
dual_front,0,1.675,4,2,0.32326989176331572,-0.2799599385456773,0,-0.28918869853680235,0,-0.56914863708247965,0,3.4308513629175206,0,3,0,1
dual_front,0,1.7000000000000002,0,2,0.28528467817998637,-0.24706377861433632,0,0,0,-0.24706377861433632,0,3.7529362213856636,0,3,0,1
dual_front,0,1.7000000000000002,1,2,0.28528467817998637,-0.24706377861433632,0,-0.067313208379666367,0,-0.31437698699400268,0,3.6856230130059977,0,3,0,1
dual_front,0,1.7000000000000002,4,2,0.28528467817998637,-0.24706377861433632,0,-0.26925283351866552,0,-0.51631661213300184,0,3.4836833878669982,0,3,0,1
dual_front,0,1.7250000000000001,0,2,0.25176284484867884,-0.21803301936799604,0,0,0,-0.21803301936799604,0,3.7819669806320038,0,3,0,1
dual_front,0,1.7250000000000001,1,2,0.25176284484867884,-0.21803301936799604,0,-0.062672822904767972,0,-0.28070584227276402,0,3.7192941577272363,0,3,0,1
dual_front,0,1.7250000000000001,4,2,0.25176284484867884,-0.21803301936799604,0,-0.25069129161907189,0,-0.4687243109870679,0,3.531275689012932,0,3,0,1
dual_front,0,1.75,0,2,0.22217993076484732,-0.19241346425342548,0,0,0,-0.19241346425342548,0,3.8075865357465748,0,3,0,1
dual_front,0,1.75,1,2,0.22217993076484732,-0.19241346425342548,0,-0.05835233270561152,0,-0.250765796959037,0,3.7492342030409631,0,3,0,1
dual_front,0,1.75,4,2,0.22217993076484732,-0.19241346425342548,0,-0.23340933082244614,0,-0.42582279507587162,0,3.574177204924128,0,3,0,1
dual_front,0,1.7750000000000001,0,2,0.19607310071643635,-0.16980428621921875,0,0,0,-0.16980428621921875,0,3.8301957137807809,0,3,0,1
dual_front,0,1.7750000000000001,1,2,0.19607310071643635,-0.16980428621921875,0,-0.054329685091100421,0,-0.22413397131031917,0,3.7758660286896806,0,3,0,1
dual_front,0,1.7750000000000001,4,2,0.19607310071643635,-0.16980428621921875,0,-0.21731874036440171,0,-0.38712302658362047,0,3.6128769734163795,0,3,0,1
dual_front,0,1.8,0,2,0.17303390406241362,-0.14985175663404954,0,0,0,-0.14985175663404954,0,3.8501482433659504,0,3,0,1
dual_front,0,1.8,1,2,0.17303390406241362,-0.14985175663404954,0,-0.050584347621364323,0,-0.20043610425541386,0,3.7995638957445861,0,3,0,1
dual_front,0,1.8,4,2,0.17303390406241362,-0.14985175663404954,0,-0.20233739048545729,0,-0.35218914711950683,0,3.6478108528804931,0,3,0,1
dual_front,0,1.825,0,2,0.15270188437719909,-0.1322437110764085,0,0,0,-0.1322437110764085,0,3.8677562889235917,0,3,0,1
dual_front,0,1.825,1,2,0.15270188437719909,-0.1322437110764085,0,-0.019905620299144,0,-0.1521493313755525,0,3.8478506686244476,0,3,0,1
dual_front,0,1.825,4,2,0.15270188437719909,-0.1322437110764085,0,-0.079622481196576028,0,-0.21186619227298453,0,3.7881338077270152,0,3,0,1
dual_front,0,1.8500000000000001,0,2,0.13475893998170801,-0.11670466541122163,0,0,0,-0.11670466541122163,0,3.8832953345887784,0,3,0,1
dual_front,0,1.8500000000000001,1,2,0.13475893998170801,-0.11670466541122163,0,-0.043850453026241049,0,-0.16055511843746267,0,3.839444881562537,0,3,0,1
dual_front,0,1.8500000000000001,4,2,0.13475893998170801,-0.11670466541122163,0,-0.17540181210496417,0,-0.29210647751618579,0,3.7078935224838139,0,3,0,1
dual_front,0,1.875,0,2,0.11892434712944198,-0.10299150574257575,0,0,0,-0.10299150574257575,0,3.8970084942574239,0,3,0,1
dual_front,0,1.875,1,2,0.11892434712944198,-0.10299150574257575,0,-0.040827524685892916,0,-0.14381903042846866,0,3.8561809695715317,0,3,0,1
dual_front,0,1.875,4,2,0.11892434712944198,-0.10299150574257575,0,-0.16331009874357161,0,-0.26630160448614737,0,3.7336983955138523,0,3,0,1
dual_front,0,1.9000000000000001,0,2,0.1049503679836271,-0.090889684810346122,0,0,0,-0.090889684810346122,0,3.909110315189654,0,3,0,1
dual_front,0,1.9000000000000001,1,2,0.1049503679836271,-0.090889684810346122,0,-0.038012988622481897,0,-0.12890267343282802,0,3.8710973265671722,0,3,0,1
dual_front,0,1.9000000000000001,4,2,0.1049503679836271,-0.090889684810346122,0,-0.15205195448992764,0,-0.24294163930027377,0,3.7570583606997259,0,3,0,1
dual_front,0,1.925,0,2,0.092618374670664999,-0.080209865322021068,0,0,0,-0.080209865322021068,0,3.9197901346779789,0,3,0,1
dual_front,0,1.925,1,2,0.092618374670664999,-0.080209865322021068,0,-0.035392478851705489,0,-0.11560234417372656,0,3.8843976558262732,0,3,0,1
dual_front,0,1.925,4,2,0.092618374670664999,-0.080209865322021068,0,-0.14156991540682193,0,-0.221779780728843,0,3.7782202192711569,0,3,0,1
dual_front,0,1.9500000000000002,0,2,0.081735428769280985,-0.070784957703410811,0,0,0,-0.070784957703410811,0,3.9292150422965895,0,3,0,1
dual_front,0,1.9500000000000002,1,2,0.081735428769280985,-0.070784957703410811,0,-0.032952619740284711,0,-0.10373757744369552,0,3.8962624225563047,0,3,0,1
dual_front,0,1.9500000000000002,4,2,0.081735428769280985,-0.070784957703410811,0,-0.13181047896113882,0,-0.20259543666454963,0,3.7974045633354505,0,3,0,1
dual_front,0,1.9750000000000001,0,2,0.072131262720314754,-0.06246750592284199,0,0,0,-0.06246750592284199,0,3.9375324940771583,0,3,0,1
dual_front,0,1.9750000000000001,1,2,0.072131262720314754,-0.06246750592284199,0,-0.030680957733919212,0,-0.093148463656761202,0,3.9068515363432392,0,3,0,1
dual_front,0,1.9750000000000001,4,2,0.072131262720314754,-0.06246750592284199,0,-0.12272383093567686,0,-0.18519133685851885,0,3.8148086631414815,0,3,0,1
dual_front,0,2,0,2,0.06365561593019313,-0.055127380489092659,0,0,0,-0.055127380489092659,0,3.9448726195109072,0,3,0,1
dual_front,0,2,1,2,0.06365561593019313,-0.055127380489092659,0,-0.028565897791724401,0,-0.08369327828081706,0,3.9163067217191831,0,3,0,1
dual_front,0,2,4,2,0.06365561593019313,-0.055127380489092659,0,-0.1142635911668976,0,-0.16939097165599026,0,3.8306090283440097,0,3,0,1
dual_front,0.80000000000000004,0.75,0,2,32.974425414002567,-28.556690083721431,0,0,0,-28.556690083721431,0,-27.756690083721391,0,-3.0000000000000027,0,1
dual_front,0.80000000000000004,0.75,1,2,32.974425414002567,-28.556690083721431,0,-1.401094515063587,0,-29.957784598785018,0,-29.157784598785042,0,-3.0000000000000027,0,1
dual_front,0.80000000000000004,0.75,4,2,32.974425414002567,-28.556690083721431,0,-5.6043780602543443,0,-34.161068143975776,0,-33.361068143975771,0,-3.0000000000000027,0,1
dual_front,0.80000000000000004,0.77500000000000002,0,2,29.099828292364087,-25.201190546952454,0,0,0,-25.201190546952454,0,-24.401190546952446,0,-3.0000000000000027,0,1
dual_front,0.80000000000000004,0.77500000000000002,1,2,29.099828292364087,-25.201190546952454,0,-1.3618802643140917,0,-26.563070811266545,0,-25.763070811266498,0,-3.0000000000000027,0,1
dual_front,0.80000000000000004,0.77500000000000002,4,2,29.099828292364087,-25.201190546952454,0,-5.4475210572563739,0,-30.648711604208827,0,-29.848711604208876,0,-3.0000000000000027,0,1
dual_front,0.80000000000000004,0.80000000000000004,0,2,25.680508333754823,-22.239972599129654,0,0,0,-22.239972599129654,0,-21.439972599129664,0,-3.0000000000000027,0,1
dual_front,0.80000000000000004,0.80000000000000004,1,2,25.680508333754823,-22.239972599129654,0,-1.3237635536986119,0,-23.563736152828266,0,-22.76373615282823,0,-3.0000000000000027,0,1
dual_front,0.80000000000000004,0.80000000000000004,4,2,25.680508333754823,-22.239972599129654,0,-5.295054214794451,0,-27.535026813924105,0,-26.735026813924144,0,-3.0000000000000027,0,1
dual_front,0.80000000000000004,0.82499999999999996,0,2,22.662969061336582,-19.626706932298255,0,0,0,-19.626706932298255,0,-18.826706932298265,0,-3.0000000000000027,0,1
dual_front,0.80000000000000004,0.82499999999999996,1,2,22.662969061336582,-19.626706932298255,0,-1.2867136649368831,0,-20.913420597235138,0,-20.113420597235088,0,-3.0000000000000027,0,1
dual_front,0.80000000000000004,0.82499999999999996,4,2,22.662969061336582,-19.626706932298255,0,-5.1468546597475289,0,-24.773561592045784,0,-23.973561592045776,0,-3.0000000000000027,0,1
dual_front,0.80000000000000004,0.84999999999999998,0,2,20.000000000000004,-17.320508075688767,0,0,0,-17.320508075688767,0,-16.520508075688721,0,-3.0000000000000027,0,1
dual_front,0.80000000000000004,0.84999999999999998,1,2,20.000000000000004,-17.320508075688767,0,-1.2507007395009708,0,-18.571208815189738,0,-17.771208815189787,0,-3.0000000000000027,0,1
dual_front,0.80000000000000004,0.84999999999999998,4,2,20.000000000000004,-17.320508075688767,0,-5.0028029580038798,0,-22.323311033692647,0,-21.52331103369265,0,-3.0000000000000027,0,1
dual_front,0.80000000000000004,0.875,0,2,17.649938051691958,-15.285294727986855,0,0,0,-15.285294727986855,0,-14.485294727986874,0,-3.0000000000000027,0,1
dual_front,0.80000000000000004,0.875,1,2,17.649938051691958,-15.285294727986855,0,-1.215695754552371,0,-16.500990482539226,0,-15.700990482539256,0,-3.0000000000000027,0,1
dual_front,0.80000000000000004,0.875,4,2,17.649938051691958,-15.285294727986855,0,-4.862783018209484,0,-20.148077746196339,0,-19.348077746196289,0,-3.0000000000000027,0,1
dual_front,0.80000000000000004,0.90000000000000002,0,2,15.576015661428173,-13.489225252541075,0,0,0,-13.489225252541075,0,-12.689225252541124,0,-3.0000000000000027,0,1
dual_front,0.80000000000000004,0.90000000000000002,1,2,15.576015661428173,-13.489225252541075,0,-1.181670499552391,0,-14.670895752093466,0,-13.870895752093437,0,-3.0000000000000027,0,1
dual_front,0.80000000000000004,0.90000000000000002,4,2,15.576015661428173,-13.489225252541075,0,-4.726681998209564,0,-18.215907250750639,0,-17.415907250750596,0,-3.0000000000000027,0,1
dual_front,0.80000000000000004,0.92500000000000004,0,2,13.745785575819372,-11.904199503633286,0,0,0,-11.904199503633286,0,-11.104199503633282,0,-3.0000000000000027,0,1
dual_front,0.80000000000000004,0.92500000000000004,1,2,13.745785575819372,-11.904199503633286,0,-1.1485975535273099,0,-13.052797057160596,0,-12.252797057160647,0,-3.0000000000000027,0,1
dual_front,0.80000000000000004,0.92500000000000004,4,2,13.745785575819372,-11.904199503633286,0,-4.5943902141092394,0,-16.498589717742526,0,-15.698589717742516,0,-3.0000000000000027,0,1
dual_front,0.80000000000000004,0.94999999999999996,0,2,12.13061319425263,-10.505419189705478,0,0,0,-10.505419189705478,0,-9.7054191897054665,0,-3.0000000000000027,0,1
dual_front,0.80000000000000004,0.94999999999999996,1,2,12.13061319425263,-10.505419189705478,0,-1.1164502629698063,0,-11.621869452675284,0,-10.821869452675269,0,-3.0000000000000027,0,1
dual_front,0.80000000000000004,0.94999999999999996,4,2,12.13061319425263,-10.505419189705478,0,-4.4658010518792217,0,-14.9712202415847,0,-14.171220241584681,0,-3.0000000000000027,0,1
dual_front,0.80000000000000004,0.97499999999999998,0,2,10.705228570379754,-9.270999895267833,0,0,0,-9.270999895267833,0,-8.4709998952677825,0,-3.0000000000000027,0,1
dual_front,0.80000000000000004,0.97499999999999998,1,2,10.705228570379754,-9.270999895267833,0,-1.0852027203588346,0,-10.356202615626668,0,-9.5562026156266189,0,-3.0000000000000027,0,1
dual_front,0.80000000000000004,0.97499999999999998,4,2,10.705228570379754,-9.270999895267833,0,-4.3408108814353366,0,-13.61181077670317,0,-12.811810776703124,0,-3.0000000000000027,0,1
dual_front,0.80000000000000004,1,0,2,9.4473310548202765,-8.1816286914359981,0,0,0,-8.1816286914359981,0,-7.381628691435993,0,-3.0000000000000027,0,1
dual_front,0.80000000000000004,1,1,2,9.4473310548202765,-8.1816286914359981,0,-1.054829743280802,0,-9.2364584347168002,0,-8.4364584347168528,0,-3.0000000000000027,0,1
dual_front,0.80000000000000004,1,4,2,9.4473310548202765,-8.1816286914359981,0,-4.2193189731232064,0,-12.400947664559204,0,-11.600947664559213,0,-3.0000000000000027,0,1
dual_front,0.80000000000000004,1.0249999999999999,0,2,8.3372403935701627,-7.2202619782895354,0,0,0,-7.2202619782895354,0,-6.4202619782894876,0,-3.0000000000000027,0,1
dual_front,0.80000000000000004,1.0249999999999999,1,2,8.3372403935701627,-7.2202619782895354,0,-1.0253068541349819,0,-8.2455688324245173,0,-7.4455688324245317,0,-3.0000000000000027,0,1
dual_front,0.80000000000000004,1.0249999999999999,4,2,8.3372403935701627,-7.2202619782895354,0,-4.1012274165399312,0,-11.321489394829467,0,-10.521489394829441,0,-3.0000000000000027,0,1
dual_front,0.80000000000000004,1.05,0,2,7.3575888234288289,-6.3718588316898241,0,0,0,-6.3718588316898241,0,-5.5718588316898687,0,-3.0000000000000027,0,1
dual_front,0.80000000000000004,1.05,1,2,7.3575888234288289,-6.3718588316898241,0,-0.99661026040703593,0,-7.3684690920968601,0,-6.5684690920968514,0,-3.0000000000000027,0,1
dual_front,0.80000000000000004,1.05,4,2,7.3575888234288289,-6.3718588316898241,0,-3.9864410416281437,0,-10.358299873317968,0,-9.5582998733180204,0,-3.0000000000000027,0,1
dual_front,0.80000000000000004,1.075,0,2,6.4930493471669966,-5.6231456826725852,0,0,0,-5.6231456826725852,0,-4.8231456826726138,0,-3.0000000000000027,0,1
dual_front,0.80000000000000004,1.075,1,2,6.4930493471669966,-5.6231456826725852,0,-0.9687168354946234,0,-6.5918625181672086,0,-5.7918625181672123,0,-3.0000000000000027,0,1
dual_front,0.80000000000000004,1.075,4,2,6.4930493471669966,-5.6231456826725852,0,-3.8748673419784945,0,-9.4980130246510797,0,-8.698013024651118,0,-3.0000000000000027,0,1
dual_front,0.80000000000000004,1.1000000000000001,0,2,5.7300959372037861,-4.962408647740479,0,0,0,-4.962408647740479,0,-4.1624086477405342,0,-3.0000000000000027,0,1
dual_front,0.80000000000000004,1.1000000000000001,1,2,5.7300959372037861,-4.962408647740479,0,-0.94160410006961381,0,-5.9040127478100928,0,-5.1040127478101383,0,-3.0000000000000027,0,1
dual_front,0.80000000000000004,1.1000000000000001,4,2,5.7300959372037861,-4.962408647740479,0,-3.7664164002784544,0,-8.7288250480189333,0,-7.9288250480189504,0,-3.0000000000000027,0,1
dual_front,0.80000000000000004,1.125,0,2,5.0567919160949302,-4.379310260989997,0,0,0,-4.379310260989997,0,-3.5793102609900096,0,-3.0000000000000027,0,1
dual_front,0.80000000000000004,1.125,1,2,5.0567919160949302,-4.379310260989997,0,-0.91525020396203782,0,-5.2945604649520348,0,-4.4945604649520021,0,-3.0000000000000027,0,1
dual_front,0.80000000000000004,1.125,4,2,5.0567919160949302,-4.379310260989997,0,-3.6610008158481504,0,-8.0403110768381474,0,-7.2403110768382017,0,-3.0000000000000027,0,1
dual_front,0.80000000000000004,1.1499999999999999,0,2,4.4626032029686087,-3.8647277407806198,0,0,0,-3.8647277407806198,0,-3.0647277407805928,0,-3.0000000000000027,0,1
dual_front,0.80000000000000004,1.1499999999999999,1,2,4.4626032029686087,-3.8647277407806198,0,-0.88963390855097169,0,-4.7543616493315914,0,-3.9543616493316058,0,-3.0000000000000027,0,1
dual_front,0.80000000000000004,1.1499999999999999,4,2,4.4626032029686087,-3.8647277407806198,0,-3.5585356342038881,0,-7.4232633749845078,0,-6.6232633749845338,0,-3.0000000000000027,0,1
dual_front,0.80000000000000004,1.175,0,2,3.9382335040838798,-3.4106102605716462,0,0,0,-3.4106102605716462,0,-2.610610260571633,0,-2.610610260571633,0,0
dual_front,0.80000000000000004,1.175,1,2,3.9382335040838798,-3.4106102605716462,0,-0.86473456964834483,0,-4.275344830219991,0,-3.4753448302199397,0,-3.0000000000000027,0,1
dual_front,0.80000000000000004,1.175,4,2,3.9382335040838798,-3.4106102605716462,0,-3.4589382785933811,0,-6.8695485391650273,0,-6.0695485391650816,0,-3.0000000000000027,0,1
dual_front,0.80000000000000004,1.2,0,2,3.4754788690088838,-3.0098529908777043,0,0,0,-3.0098529908777043,0,-2.2098529908777254,0,-2.2098529908777254,0,0
dual_front,0.80000000000000004,1.2,1,2,3.4754788690088838,-3.0098529908777043,0,-0.84053212086179441,0,-3.8503851117394987,0,-3.0503851117394953,0,-3.0000000000000027,0,1
dual_front,0.80000000000000004,1.2,4,2,3.4754788690088838,-3.0098529908777043,0,-3.3621284834471772,0,-6.3719814743248815,0,-5.5719814743249163,0,-3.0000000000000027,0,1
dual_front,0.80000000000000004,1.2250000000000001,0,2,3.0670993368985715,-2.6561859416845683,0,0,0,-2.6561859416845683,0,-1.8561859416845738,0,-1.8561859416845738,0,0
dual_front,0.80000000000000004,1.2250000000000001,1,2,3.0670993368985715,-2.6561859416845683,0,-0.81700705742309232,0,-3.4731929991076607,0,-2.6731929991076209,0,-2.6731929991076209,0,0
dual_front,0.80000000000000004,1.2250000000000001,4,2,3.0670993368985715,-2.6561859416845683,0,-3.2680282296923702,0,-5.9242141713769385,0,-5.124214171376984,0,-3.0000000000000027,0,1
dual_front,0.80000000000000004,1.25,0,2,2.7067056647322389,-2.3440758662253653,0,0,0,-2.3440758662253653,0,-1.5440758662254028,0,-1.5440758662254028,0,0
dual_front,0.80000000000000004,1.25,1,2,2.7067056647322389,-2.3440758662253653,0,-0.79414042046931144,0,-3.1382162866946768,0,-2.3382162866947276,0,-2.3382162866947276,0,0
dual_front,0.80000000000000004,1.25,4,2,2.7067056647322389,-2.3440758662253653,0,-3.1765616818772449,0,-5.5206375481026102,0,-4.7206375481025908,0,-3.0000000000000027,0,1
dual_front,0.80000000000000004,1.2749999999999999,0,2,2.3886593653344046,-2.0686396913672089,0,0,0,-2.0686396913672089,0,-1.2686396913672571,0,-1.2686396913672571,0,0
dual_front,0.80000000000000004,1.2749999999999999,1,2,2.3886593653344046,-2.0686396913672089,0,-0.77191378176379954,0,-2.8405534731310085,0,-2.0405534731310349,0,-2.0405534731310349,0,0
dual_front,0.80000000000000004,1.2749999999999999,4,2,2.3886593653344046,-2.0686396913672089,0,-3.0876551270551973,0,-5.1562948184224062,0,-4.3562948184223682,0,-3.0000000000000027,0,1
dual_front,0.80000000000000004,1.3,0,2,2.107984491237274,-1.8255681201950951,0,0,0,-1.8255681201950951,0,-1.0255681201950528,0,-1.0255681201950528,0,0
dual_front,0.80000000000000004,1.3,1,2,2.107984491237274,-1.8255681201950951,0,-0.75030922884489226,0,-2.5758773490399873,0,-1.7758773490399449,0,-1.7758773490399449,0,0
dual_front,0.80000000000000004,1.3,4,2,2.107984491237274,-1.8255681201950951,0,-3.001236915379569,0,-4.8268050355746643,0,-4.026805035574621,0,-3.0000000000000027,0,1
dual_front,0.80000000000000004,1.3250000000000002,0,2,1.8602897842132786,-1.6110582115293708,0,0,0,-1.6110582115293708,0,-0.81105821152938073,0,-0.81105821152938073,0,0
dual_front,0.80000000000000004,1.3250000000000002,1,2,1.8602897842132786,-1.6110582115293708,0,-0.72930935059024815,0,-2.3403675621196189,0,-1.5403675621196156,0,-1.5403675621196156,0,0
dual_front,0.80000000000000004,1.3250000000000002,4,2,1.8602897842132786,-1.6110582115293708,0,-2.9172374023609935,0,-4.5282956138903643,0,-3.72829561389032,0,-3.0000000000000027,0,1
dual_front,0.80000000000000004,1.3500000000000001,0,2,1.641699972477968,-1.4217538815581339,0,0,0,-1.4217538815581339,0,-0.62175388155816247,0,-0.62175388155816247,0,0
dual_front,0.80000000000000004,1.3500000000000001,1,2,1.641699972477968,-1.4217538815581339,0,-0.70889722318519377,0,-2.1306511047433276,0,-1.3306511047432856,0,-1.3306511047432856,0,0
dual_front,0.80000000000000004,1.3500000000000001,4,2,1.641699972477968,-1.4217538815581339,0,-2.8355888927407751,0,-4.2573427742989089,0,-3.4573427742988772,0,-3.0000000000000027,0,1
dual_front,0.80000000000000004,1.375,0,2,1.4487951406850357,-1.2546933967126903,0,0,0,-1.2546933967126903,0,-0.45469339671266873,0,-0.45469339671266873,0,0
dual_front,0.80000000000000004,1.375,1,2,1.4487951406850357,-1.2546933967126903,0,-0.68905639648383143,0,-1.9437497931965217,0,-1.1437497931965357,0,-1.1437497931965357,0,0
dual_front,0.80000000000000004,1.375,4,2,1.4487951406850357,-1.2546933967126903,0,-2.7562255859353262,0,-4.0109189826480165,0,-3.2109189826480256,0,-3.0000000000000027,0,1
dual_front,0.80000000000000004,1.3999999999999999,0,2,1.278557224134151,-1.1072630362922895,0,0,0,-1.1072630362922895,0,-0.30726303629224905,0,-0.30726303629224905,0,0
dual_front,0.80000000000000004,1.3999999999999999,1,2,1.278557224134151,-1.1072630362922895,0,-0.66977088075184477,0,-1.7770339170441343,0,-0.97703391704417886,0,-0.97703391704417886,0,0
dual_front,0.80000000000000004,1.3999999999999999,4,2,1.278557224134151,-1.1072630362922895,0,-2.6790835230073791,0,-3.7863465592996688,0,-2.9863465592996352,0,-2.9863465592996352,0,0
dual_front,0.80000000000000004,1.425,0,2,1.128322790075553,-0.97715619987436486,0,0,0,-0.97715619987436486,0,-0.17715619987435094,0,-0.17715619987435094,0,0
dual_front,0.80000000000000004,1.425,1,2,1.128322790075553,-0.97715619987436486,0,-0.65102513378035864,0,-1.6281813336547235,0,-0.82818133365469837,0,-0.82818133365469837,0,0
dual_front,0.80000000000000004,1.425,4,2,1.128322790075553,-0.97715619987436486,0,-2.604100535121435,0,-3.5812567349958,0,-2.7812567349958517,0,-2.7812567349958517,0,0
dual_front,0.80000000000000004,1.4500000000000002,0,2,0.99574136735727936,-0.86233731973045702,0,0,0,-0.86233731973045702,0,-0.062337319730487728,0,-0.062337319730487728,0,0
dual_front,0.80000000000000004,1.4500000000000002,1,2,0.99574136735727936,-0.86233731973045702,0,-0.63280404836048898,0,-1.495141368090946,0,-0.69514136809090132,0,-0.69514136809090132,0,0
dual_front,0.80000000000000004,1.4500000000000002,4,2,0.99574136735727936,-0.86233731973045702,0,-2.5312161934419564,0,-3.3935535131724133,0,-2.5935535131723642,0,-2.5935535131723642,0,0
dual_front,0.80000000000000004,1.4750000000000001,0,2,0.8787386724681393,-0.76101001364522203,0,0,0,-0.76101001364522203,0,0.038989986354764916,0,0.038989986354764916,0,0
dual_front,0.80000000000000004,1.4750000000000001,1,2,0.8787386724681393,-0.76101001364522203,0,-0.61509294010839377,0,-1.3761029537536158,0,-0.57610295375365439,0,-0.57610295375365439,0,0
dual_front,0.80000000000000004,1.4750000000000001,4,2,0.8787386724681393,-0.76101001364522203,0,-2.4603717604335751,0,-3.2213817740787971,0,-2.4213817740788013,0,-2.4213817740788013,0,0
dual_front,0.80000000000000004,1.5,0,2,0.77548415663444026,-0.67158897987777599,0,0,0,-0.67158897987777599,0,0.12841102012217664,0,0.12841102012217664,0,0
dual_front,0.80000000000000004,1.5,1,2,0.77548415663444026,-0.67158897987777599,0,-0.59787753563115931,0,-1.2694665155089353,0,-0.46946651550894281,0,-0.46946651550894281,0,0
dual_front,0.80000000000000004,1.5,4,2,0.77548415663444026,-0.67158897987777599,0,-2.3915101425246372,0,-3.0630991224024133,0,-2.2630991224024122,0,-2.2630991224024122,0,0
dual_front,0.80000000000000004,1.5249999999999999,0,2,0.68436236623332802,-0.59267519455209172,0,0,0,-0.59267519455209172,0,0.2073248054479393,0,0.2073248054479393,0,0
dual_front,0.80000000000000004,1.5249999999999999,1,2,0.68436236623332802,-0.59267519455209172,0,-0.5811439610238337,0,-1.1738191555759254,0,-0.37381915557588297,0,-0.37381915557588297,0,0
dual_front,0.80000000000000004,1.5249999999999999,4,2,0.68436236623332802,-0.59267519455209172,0,-2.3245758440953352,0,-2.9172510386474269,0,-2.1172510386474608,0,-2.1172510386474608,0,0
dual_front,0.80000000000000004,1.55,0,2,0.60394766844636993,-0.52303402343093774,0,0,0,-0.52303402343093774,0,0.27696597656901023,0,0.27696597656901023,0,0
dual_front,0.80000000000000004,1.55,1,2,0.60394766844636993,-0.52303402343093774,0,-0.56487873068845362,0,-1.0879127541193914,0,-0.28791275411943484,0,-0.28791275411943484,0,0
dual_front,0.80000000000000004,1.55,4,2,0.60394766844636993,-0.52303402343093774,0,-2.2595149227538145,0,-2.7825489461847521,0,-1.9825489461847701,0,-1.9825489461847701,0,0
dual_front,0.80000000000000004,1.5750000000000002,0,2,0.53298194672710697,-0.46157590562415912,0,0,0,-0.46157590562415912,0,0.3384240943757888,0,0.3384240943757888,0,0
dual_front,0.80000000000000004,1.5750000000000002,1,2,0.53298194672710697,-0.46157590562415912,0,-0.54906873646599652,0,-1.0106446420901556,0,-0.2106446420901964,0,-0.2106446420901964,0,0
dual_front,0.80000000000000004,1.5750000000000002,4,2,0.53298194672710697,-0.46157590562415912,0,-2.1962749458639856,0,-2.6578508514881447,0,-1.857850851488152,0,-1.857850851488152,0,0
dual_front,0.80000000000000004,1.6000000000000001,0,2,0.47035491712018196,-0.40733930702100163,0,0,0,-0.40733930702100163,0,0.39266069297905215,0,0.39266069297905215,0,0
dual_front,0.80000000000000004,1.6000000000000001,1,2,0.47035491712018196,-0.40733930702100163,0,-0.53370123707248585,0,-0.94104054409348747,0,-0.14104054409347366,0,-0.14104054409347366,0,0
dual_front,0.80000000000000004,1.6000000000000001,4,2,0.47035491712018196,-0.40733930702100163,0,-2.1348049482899434,0,-2.5421442553109452,0,-1.7421442553109401,0,-1.7421442553109401,0,0
dual_front,0.80000000000000004,1.625,0,2,0.4150867574739926,-0.35947567674698788,0,0,0,-0.35947567674698788,0,0.44052432325303315,0,0.44052432325303315,0,0
dual_front,0.80000000000000004,1.625,1,2,0.4150867574739926,-0.35947567674698788,0,-0.51876384783081475,0,-0.87823952457780263,0,-0.078239524577750075,0,-0.078239524577750075,0,0
dual_front,0.80000000000000004,1.625,4,2,0.4150867574739926,-0.35947567674698788,0,-2.075055391323259,0,-2.434531068070247,0,-1.6345310680702108,0,-1.6345310680702108,0,0
dual_front,0.80000000000000004,1.6499999999999999,0,2,0.36631277777468541,-0.31723617128372128,0,0,0,-0.31723617128372128,0,0.48276382871625945,0,0.48276382871625945,0,0
dual_front,0.80000000000000004,1.6499999999999999,1,2,0.36631277777468541,-0.31723617128372128,0,-0.50424453068989517,0,-0.82148070197361645,0,-0.021480701973608518,0,-0.021480701973608518,0,0
dual_front,0.80000000000000004,1.6499999999999999,4,2,0.36631277777468541,-0.31723617128372128,0,-2.0169781227595807,0,-2.3342142940433019,0,-1.5342142940433234,0,-1.5342142940433234,0,0
dual_front,0.80000000000000004,1.675,0,2,0.32326989176331572,-0.2799599385456773,0,0,0,-0.2799599385456773,0,0.52004006145434101,0,0.52004006145434101,0,0
dual_front,0.80000000000000004,1.675,1,2,0.32326989176331572,-0.2799599385456773,0,-0.49013158452320432,0,-0.77009152306888162,0,0.029908476931073125,0,0.029908476931073125,0,0
dual_front,0.80000000000000004,1.675,4,2,0.32326989176331572,-0.2799599385456773,0,-1.9605263380928173,0,-2.2404862766384945,0,-1.4404862766385085,0,-1.4404862766385085,0,0
dual_front,0.80000000000000004,1.7000000000000002,0,2,0.28528467817998637,-0.24706377861433632,0,0,0,-0.24706377861433632,0,0.55293622138563592,0,0.55293622138563592,0,0
dual_front,0.80000000000000004,1.7000000000000002,1,2,0.28528467817998637,-0.24706377861433632,0,-0.4764136356988396,0,-0.72347741431317591,0,0.076522585686800149,0,0.076522585686800149,0,0
dual_front,0.80000000000000004,1.7000000000000002,4,2,0.28528467817998637,-0.24706377861433632,0,-1.9056545427953586,0,-2.152718321409695,0,-1.3527183214097072,0,-1.3527183214097072,0,0
dual_front,0.80000000000000004,1.7250000000000001,0,2,0.25176284484867884,-0.21803301936799604,0,0,0,-0.21803301936799604,0,0.58196698063195385,0,0.58196698063195385,0,0
dual_front,0.80000000000000004,1.7250000000000001,1,2,0.25176284484867884,-0.21803301936799604,0,-0.46307962891348897,0,-0.68111264828148499,0,0.11888735171849962,0,0.11888735171849962,0,0
dual_front,0.80000000000000004,1.7250000000000001,4,2,0.25176284484867884,-0.21803301936799604,0,-1.8523185156539557,0,-2.0703515350219517,0,-1.2703515350219741,0,-1.2703515350219741,0,0
dual_front,0.80000000000000004,1.75,0,2,0.22217993076484732,-0.19241346425342548,0,0,0,-0.19241346425342548,0,0.60758653574655153,0,0.60758653574655153,0,0
dual_front,0.80000000000000004,1.75,1,2,0.22217993076484732,-0.19241346425342548,0,-0.45011881828297101,0,-0.64253228253639649,0,0.15746771746361077,0,0.15746771746361077,0,0
dual_front,0.80000000000000004,1.75,4,2,0.22217993076484732,-0.19241346425342548,0,-1.800475273131884,0,-1.9928887373853095,0,-1.1928887373853225,0,-1.1928887373853225,0,0
dual_front,0.80000000000000004,1.7750000000000001,0,2,0.19607310071643635,-0.16980428621921875,0,0,0,-0.16980428621921875,0,0.63019571378075678,0,0.63019571378075678,0,0
dual_front,0.80000000000000004,1.7750000000000001,1,2,0.19607310071643635,-0.16980428621921875,0,-0.43752075868210727,0,-0.60732504490132599,0,0.19267495509867061,0,0.19267495509867061,0,0
dual_front,0.80000000000000004,1.7750000000000001,4,2,0.19607310071643635,-0.16980428621921875,0,-1.7500830347284291,0,-1.9198873209476479,0,-1.1198873209476989,0,-1.1198873209476989,0,0
dual_front,0.80000000000000004,1.8,0,2,0.17303390406241362,-0.14985175663404954,0,0,0,-0.14985175663404954,0,0.65014824336595556,0,0.65014824336595556,0,0
dual_front,0.80000000000000004,1.8,1,2,0.17303390406241362,-0.14985175663404954,0,-0.42527529732699404,0,-0.57512705396104358,0,0.22487294603890096,0,0.22487294603890096,0,0
dual_front,0.80000000000000004,1.8,4,2,0.17303390406241362,-0.14985175663404954,0,-1.7011011893079759,0,-1.8509529459420255,0,-1.0509529459420408,0,-1.0509529459420408,0,0
dual_front,0.80000000000000004,1.825,0,2,0.15270188437719909,-0.1322437110764085,0,0,0,-0.1322437110764085,0,0.66775628892357108,0,0.66775628892357108,0,0
dual_front,0.80000000000000004,1.825,1,2,0.15270188437719909,-0.1322437110764085,0,-0.41337256559287527,0,-0.54561627666928381,0,0.25438372333075332,0,0.25438372333075332,0,0
dual_front,0.80000000000000004,1.825,4,2,0.15270188437719909,-0.1322437110764085,0,-1.6534902623715011,0,-1.7857339734479096,0,-0.98573397344792202,0,-0.98573397344792202,0,0
dual_front,0.80000000000000004,1.8500000000000001,0,2,0.13475893998170801,-0.11670466541122163,0,0,0,-0.11670466541122163,0,0.68329533458877378,0,0.68329533458877378,0,0
dual_front,0.80000000000000004,1.8500000000000001,1,2,0.13475893998170801,-0.11670466541122163,0,-0.40180297106099772,0,-0.51850763647221931,0,0.28149236352781326,0,0.28149236352781326,0,0
dual_front,0.80000000000000004,1.8500000000000001,4,2,0.13475893998170801,-0.11670466541122163,0,-1.6072118842439909,0,-1.7239165496552125,0,-0.92391654965517933,0,-0.92391654965517933,0,0
dual_front,0.80000000000000004,1.875,0,2,0.11892434712944198,-0.10299150574257575,0,0,0,-0.10299150574257575,0,0.69700849425746725,0,0.69700849425746725,0,0
dual_front,0.80000000000000004,1.875,1,2,0.11892434712944198,-0.10299150574257575,0,-0.39055718978808851,0,-0.49354869553066427,0,0.30645130446937952,0,0.30645130446937952,0,0
dual_front,0.80000000000000004,1.875,4,2,0.11892434712944198,-0.10299150574257575,0,-1.562228759152354,0,-1.6652202648949297,0,-0.86522026489488368,0,-0.86522026489488368,0,0
dual_front,0.80000000000000004,1.9000000000000001,0,2,0.1049503679836271,-0.090889684810346122,0,0,0,-0.090889684810346122,0,0.70911031518960943,0,0.70911031518960943,0,0
dual_front,0.80000000000000004,1.9000000000000001,1,2,0.1049503679836271,-0.090889684810346122,0,-0.37962615879217221,0,-0.4705158436025183,0,0.32948415639744155,0,0.32948415639744155,0,0
dual_front,0.80000000000000004,1.9000000000000001,4,2,0.1049503679836271,-0.090889684810346122,0,-1.5185046351686888,0,-1.609394319979035,0,-0.80939431997906208,0,-0.80939431997906208,0,0
dual_front,0.80000000000000004,1.925,0,2,0.092618374670664999,-0.080209865322021068,0,0,0,-0.080209865322021068,0,0.7197901346779334,0,0.7197901346779334,0,0
dual_front,0.80000000000000004,1.925,1,2,0.092618374670664999,-0.080209865322021068,0,-0.36900106874871358,0,-0.44921093407073465,0,0.35078906592922454,0,0.35078906592922454,0,0
dual_front,0.80000000000000004,1.925,4,2,0.092618374670664999,-0.080209865322021068,0,-1.4760042749948543,0,-1.5562141403168754,0,-0.75621414031690204,0,-0.75621414031690204,0,0
dual_front,0.80000000000000004,1.9500000000000002,0,2,0.081735428769280985,-0.070784957703410811,0,0,0,-0.070784957703410811,0,0.72921504229661593,0,0.72921504229661593,0,0
dual_front,0.80000000000000004,1.9500000000000002,1,2,0.081735428769280985,-0.070784957703410811,0,-0.35867335689118313,0,-0.42945831459459394,0,0.37054168540540111,0,0.37054168540540111,0,0
dual_front,0.80000000000000004,1.9500000000000002,4,2,0.081735428769280985,-0.070784957703410811,0,-1.4346934275647325,0,-1.5054783852681433,0,-0.70547838526813234,0,-0.70547838526813234,0,0
dual_front,0.80000000000000004,1.9750000000000001,0,2,0.072131262720314754,-0.06246750592284199,0,0,0,-0.06246750592284199,0,0.73753249407715327,0,0.73753249407715327,0,0
dual_front,0.80000000000000004,1.9750000000000001,1,2,0.072131262720314754,-0.06246750592284199,0,-0.34863470011030329,0,-0.41110220603314529,0,0.38889779396689139,0,0.38889779396689139,0,0
dual_front,0.80000000000000004,1.9750000000000001,4,2,0.072131262720314754,-0.06246750592284199,0,-1.3945388004412131,0,-1.457006306364055,0,-0.65700630636400525,0,-0.65700630636400525,0,0
dual_front,0.80000000000000004,2,0,2,0.06365561593019313,-0.055127380489092659,0,0,0,-0.055127380489092659,0,0.74487261951095007,0,0.74487261951095007,0,0
dual_front,0.80000000000000004,2,1,2,0.06365561593019313,-0.055127380489092659,0,-0.33887700824646827,0,-0.39400438873556093,0,0.4059956112644203,0,0.4059956112644203,0,0
dual_front,0.80000000000000004,2,4,2,0.06365561593019313,-0.055127380489092659,0,-1.3555080329858731,0,-1.4106354134749657,0,-0.61063541347494699,0,-0.61063541347494699,0,0
dual_rear,0,0.75,0,2,32.974425414002567,28.556690083721431,0,0,0,28.556690083721431,0,32.556690083721435,0,3,0,1
dual_rear,0,0.75,1,2,32.974425414002567,28.556690083721431,0,0,0,28.556690083721431,0,32.556690083721435,0,3,0,1
dual_rear,0,0.75,4,2,32.974425414002567,28.556690083721431,0,0,0,28.556690083721431,0,32.556690083721435,0,3,0,1
dual_rear,0,0.77500000000000002,0,2,29.099828292364087,25.201190546952454,0,0,0,25.201190546952454,0,29.201190546952454,0,3,0,1
dual_rear,0,0.77500000000000002,1,2,29.099828292364087,25.201190546952454,0,0,0,25.201190546952454,0,29.201190546952454,0,3,0,1
dual_rear,0,0.77500000000000002,4,2,29.099828292364087,25.201190546952454,0,0,0,25.201190546952454,0,29.201190546952454,0,3,0,1
dual_rear,0,0.80000000000000004,0,2,25.680508333754823,22.239972599129654,0,0,0,22.239972599129654,0,26.239972599129654,0,3,0,1
dual_rear,0,0.80000000000000004,1,2,25.680508333754823,22.239972599129654,0,0,0,22.239972599129654,0,26.239972599129654,0,3,0,1
dual_rear,0,0.80000000000000004,4,2,25.680508333754823,22.239972599129654,0,0,0,22.239972599129654,0,26.239972599129654,0,3,0,1
dual_rear,0,0.82499999999999996,0,2,22.662969061336582,19.626706932298255,0,0,0,19.626706932298255,0,23.626706932298255,0,2.9999999999999996,0,1
dual_rear,0,0.82499999999999996,1,2,22.662969061336582,19.626706932298255,0,0,0,19.626706932298255,0,23.626706932298255,0,2.9999999999999996,0,1
dual_rear,0,0.82499999999999996,4,2,22.662969061336582,19.626706932298255,0,0,0,19.626706932298255,0,23.626706932298255,0,2.9999999999999996,0,1
dual_rear,0,0.84999999999999998,0,2,20.000000000000004,17.320508075688767,0,0,0,17.320508075688767,0,21.320508075688767,0,3,0,1
dual_rear,0,0.84999999999999998,1,2,20.000000000000004,17.320508075688767,0,0,0,17.320508075688767,0,21.320508075688767,0,3,0,1
dual_rear,0,0.84999999999999998,4,2,20.000000000000004,17.320508075688767,0,0,0,17.320508075688767,0,21.320508075688767,0,3,0,1
dual_rear,0,0.875,0,2,17.649938051691958,15.285294727986855,0,0,0,15.285294727986855,0,19.285294727986855,0,3,0,1
dual_rear,0,0.875,1,2,17.649938051691958,15.285294727986855,0,0,0,15.285294727986855,0,19.285294727986855,0,3,0,1
dual_rear,0,0.875,4,2,17.649938051691958,15.285294727986855,0,0,0,15.285294727986855,0,19.285294727986855,0,3,0,1
dual_rear,0,0.90000000000000002,0,2,15.576015661428173,13.489225252541075,0,0,0,13.489225252541075,0,17.489225252541075,0,3,0,1
dual_rear,0,0.90000000000000002,1,2,15.576015661428173,13.489225252541075,0,0,0,13.489225252541075,0,17.489225252541075,0,3,0,1
dual_rear,0,0.90000000000000002,4,2,15.576015661428173,13.489225252541075,0,0,0,13.489225252541075,0,17.489225252541075,0,3,0,1
dual_rear,0,0.92500000000000004,0,2,13.745785575819372,11.904199503633286,0,0,0,11.904199503633286,0,15.904199503633285,0,3,0,1
dual_rear,0,0.92500000000000004,1,2,13.745785575819372,11.904199503633286,0,0,0,11.904199503633286,0,15.904199503633285,0,3,0,1
dual_rear,0,0.92500000000000004,4,2,13.745785575819372,11.904199503633286,0,0,0,11.904199503633286,0,15.904199503633285,0,3,0,1
dual_rear,0,0.94999999999999996,0,2,12.13061319425263,10.505419189705478,0,0,0,10.505419189705478,0,14.505419189705478,0,3,0,1
dual_rear,0,0.94999999999999996,1,2,12.13061319425263,10.505419189705478,0,0,0,10.505419189705478,0,14.505419189705478,0,3,0,1
dual_rear,0,0.94999999999999996,4,2,12.13061319425263,10.505419189705478,0,0,0,10.505419189705478,0,14.505419189705478,0,3,0,1
dual_rear,0,0.97499999999999998,0,2,10.705228570379754,9.270999895267833,0,0,0,9.270999895267833,0,13.270999895267835,0,3,0,1
dual_rear,0,0.97499999999999998,1,2,10.705228570379754,9.270999895267833,0,0,0,9.270999895267833,0,13.270999895267835,0,3,0,1
dual_rear,0,0.97499999999999998,4,2,10.705228570379754,9.270999895267833,0,0,0,9.270999895267833,0,13.270999895267835,0,3,0,1
dual_rear,0,1,0,2,9.4473310548202765,8.1816286914359981,0,0,0,8.1816286914359981,0,12.181628691435996,0,3,0,1
dual_rear,0,1,1,2,9.4473310548202765,8.1816286914359981,0,0,0,8.1816286914359981,0,12.181628691435996,0,3,0,1
dual_rear,0,1,4,2,9.4473310548202765,8.1816286914359981,0,0,0,8.1816286914359981,0,12.181628691435996,0,3,0,1
dual_rear,0,1.0249999999999999,0,2,8.3372403935701627,7.2202619782895354,0,0,0,7.2202619782895354,0,11.220261978289535,0,3,0,1
dual_rear,0,1.0249999999999999,1,2,8.3372403935701627,7.2202619782895354,0,0,0,7.2202619782895354,0,11.220261978289535,0,3,0,1
dual_rear,0,1.0249999999999999,4,2,8.3372403935701627,7.2202619782895354,0,0,0,7.2202619782895354,0,11.220261978289535,0,3,0,1
dual_rear,0,1.05,0,2,7.3575888234288289,6.3718588316898241,0,0,0,6.3718588316898241,0,10.371858831689824,0,3,0,1
dual_rear,0,1.05,1,2,7.3575888234288289,6.3718588316898241,0,0,0,6.3718588316898241,0,10.371858831689824,0,3,0,1
dual_rear,0,1.05,4,2,7.3575888234288289,6.3718588316898241,0,0,0,6.3718588316898241,0,10.371858831689824,0,3,0,1
dual_rear,0,1.075,0,2,6.4930493471669966,5.6231456826725852,0,0,0,5.6231456826725852,0,9.6231456826725861,0,3,0,1
dual_rear,0,1.075,1,2,6.4930493471669966,5.6231456826725852,0,0,0,5.6231456826725852,0,9.6231456826725861,0,3,0,1
dual_rear,0,1.075,4,2,6.4930493471669966,5.6231456826725852,0,0,0,5.6231456826725852,0,9.6231456826725861,0,3,0,1
dual_rear,0,1.1000000000000001,0,2,5.7300959372037861,4.962408647740479,0,0,0,4.962408647740479,0,8.9624086477404781,0,3,0,1
dual_rear,0,1.1000000000000001,1,2,5.7300959372037861,4.962408647740479,0,0,0,4.962408647740479,0,8.9624086477404781,0,3,0,1
dual_rear,0,1.1000000000000001,4,2,5.7300959372037861,4.962408647740479,0,0,0,4.962408647740479,0,8.9624086477404781,0,3,0,1
dual_rear,0,1.125,0,2,5.0567919160949302,4.379310260989997,0,0,0,4.379310260989997,0,8.3793102609899961,0,3,0,1
dual_rear,0,1.125,1,2,5.0567919160949302,4.379310260989997,0,0,0,4.379310260989997,0,8.3793102609899961,0,3,0,1
dual_rear,0,1.125,4,2,5.0567919160949302,4.379310260989997,0,0,0,4.379310260989997,0,8.3793102609899961,0,3,0,1
dual_rear,0,1.1499999999999999,0,2,4.4626032029686087,3.8647277407806198,0,0,0,3.8647277407806198,0,7.8647277407806193,0,3,0,1
dual_rear,0,1.1499999999999999,1,2,4.4626032029686087,3.8647277407806198,0,0,0,3.8647277407806198,0,7.8647277407806193,0,3,0,1
dual_rear,0,1.1499999999999999,4,2,4.4626032029686087,3.8647277407806198,0,0,0,3.8647277407806198,0,7.8647277407806193,0,3,0,1
dual_rear,0,1.175,0,2,3.9382335040838798,3.4106102605716462,0,0,0,3.4106102605716462,0,7.4106102605716462,0,3,0,1
dual_rear,0,1.175,1,2,3.9382335040838798,3.4106102605716462,0,0,0,3.4106102605716462,0,7.4106102605716462,0,3,0,1
dual_rear,0,1.175,4,2,3.9382335040838798,3.4106102605716462,0,0,0,3.4106102605716462,0,7.4106102605716462,0,3,0,1
dual_rear,0,1.2,0,2,3.4754788690089109,3.0098529908777265,0,0,0,3.0098529908777265,0,7.009852990877727,0,3,0,1
dual_rear,0,1.2,1,2,3.4754788690089109,3.0098529908777265,0,0,0,3.0098529908777265,0,7.009852990877727,0,3,0,1
dual_rear,0,1.2,4,2,3.4754788690089109,3.0098529908777265,0,0,0,3.0098529908777265,0,7.009852990877727,0,3,0,1
dual_rear,0,1.2250000000000001,0,2,3.0670993368985715,2.6561859416845683,0,0,0,2.6561859416845683,0,6.6561859416845692,0,3,0,1
dual_rear,0,1.2250000000000001,1,2,3.0670993368985715,2.6561859416845683,0,0,0,2.6561859416845683,0,6.6561859416845692,0,3,0,1
dual_rear,0,1.2250000000000001,4,2,3.0670993368985715,2.6561859416845683,0,0,0,2.6561859416845683,0,6.6561859416845692,0,3,0,1
dual_rear,0,1.25,0,2,2.7067056647322598,2.3440758662253822,0,0,0,2.3440758662253822,0,6.3440758662253813,0,3,0,1
dual_rear,0,1.25,1,2,2.7067056647322598,2.3440758662253822,0,0,0,2.3440758662253822,0,6.3440758662253813,0,3,0,1
dual_rear,0,1.25,4,2,2.7067056647322598,2.3440758662253822,0,0,0,2.3440758662253822,0,6.3440758662253813,0,3,0,1
dual_rear,0,1.2749999999999999,0,2,2.3886593653344046,2.0686396913672089,0,0,0,2.0686396913672089,0,6.0686396913672098,0,3,0,1
dual_rear,0,1.2749999999999999,1,2,2.3886593653344046,2.0686396913672089,0,0,0,2.0686396913672089,0,6.0686396913672098,0,3,0,1
dual_rear,0,1.2749999999999999,4,2,2.3886593653344046,2.0686396913672089,0,0,0,2.0686396913672089,0,6.0686396913672098,0,3,0,1
dual_rear,0,1.3,0,2,2.107984491237274,1.8255681201950951,0,0,0,1.8255681201950951,0,5.8255681201950953,0,3,0,1
dual_rear,0,1.3,1,2,2.107984491237274,1.8255681201950951,0,0,0,1.8255681201950951,0,5.8255681201950953,0,3,0,1
dual_rear,0,1.3,4,2,2.107984491237274,1.8255681201950951,0,0,0,1.8255681201950951,0,5.8255681201950953,0,3,0,1
dual_rear,0,1.3250000000000002,0,2,1.860289784213264,1.6110582115293588,0,0,0,1.6110582115293588,0,5.6110582115293592,0,3,0,1
dual_rear,0,1.3250000000000002,1,2,1.860289784213264,1.6110582115293588,0,0,0,1.6110582115293588,0,5.6110582115293592,0,3,0,1
dual_rear,0,1.3250000000000002,4,2,1.860289784213264,1.6110582115293588,0,0,0,1.6110582115293588,0,5.6110582115293592,0,3,0,1
dual_rear,0,1.3500000000000001,0,2,1.641699972477968,1.4217538815581339,0,0,0,1.4217538815581339,0,5.4217538815581339,0,3,0,1
dual_rear,0,1.3500000000000001,1,2,1.641699972477968,1.4217538815581339,0,0,0,1.4217538815581339,0,5.4217538815581339,0,3,0,1
dual_rear,0,1.3500000000000001,4,2,1.641699972477968,1.4217538815581339,0,0,0,1.4217538815581339,0,5.4217538815581339,0,3,0,1
dual_rear,0,1.375,0,2,1.4487951406850244,1.254693396712681,0,0,0,1.254693396712681,0,5.2546933967126819,0,3,0,1
dual_rear,0,1.375,1,2,1.4487951406850244,1.254693396712681,0,0,0,1.254693396712681,0,5.2546933967126819,0,3,0,1
dual_rear,0,1.375,4,2,1.4487951406850244,1.254693396712681,0,0,0,1.254693396712681,0,5.2546933967126819,0,3,0,1
dual_rear,0,1.3999999999999999,0,2,1.278557224134151,1.1072630362922895,0,0,0,1.1072630362922895,0,5.1072630362922897,0,3,0,1
dual_rear,0,1.3999999999999999,1,2,1.278557224134151,1.1072630362922895,0,0,0,1.1072630362922895,0,5.1072630362922897,0,3,0,1
dual_rear,0,1.3999999999999999,4,2,1.278557224134151,1.1072630362922895,0,0,0,1.1072630362922895,0,5.1072630362922897,0,3,0,1
dual_rear,0,1.425,0,2,1.1283227900755446,0.97715619987435787,0,0,0,0.97715619987435787,0,4.9771561998743579,0,3,0,1
dual_rear,0,1.425,1,2,1.1283227900755446,0.97715619987435787,0,0,0,0.97715619987435787,0,4.9771561998743579,0,3,0,1
dual_rear,0,1.425,4,2,1.1283227900755446,0.97715619987435787,0,0,0,0.97715619987435787,0,4.9771561998743579,0,3,0,1
dual_rear,0,1.4500000000000002,0,2,0.99574136735727936,0.86233731973045702,0,0,0,0.86233731973045702,0,4.8623373197304574,0,3.0000000000000004,0,1
dual_rear,0,1.4500000000000002,1,2,0.99574136735727936,0.86233731973045702,0,0,0,0.86233731973045702,0,4.8623373197304574,0,3.0000000000000004,0,1
dual_rear,0,1.4500000000000002,4,2,0.99574136735727936,0.86233731973045702,0,0,0,0.86233731973045702,0,4.8623373197304574,0,3.0000000000000004,0,1
dual_rear,0,1.4750000000000001,0,2,0.87873867246814619,0.76101001364522769,0,0,0,0.76101001364522769,0,4.7610100136452278,0,3,0,1
dual_rear,0,1.4750000000000001,1,2,0.87873867246814619,0.76101001364522769,0,0,0,0.76101001364522769,0,4.7610100136452278,0,3,0,1
dual_rear,0,1.4750000000000001,4,2,0.87873867246814619,0.76101001364522769,0,0,0,0.76101001364522769,0,4.7610100136452278,0,3,0,1
dual_rear,0,1.5,0,2,0.77548415663444026,0.67158897987777599,0,0,0,0.67158897987777599,0,4.6715889798777752,0,3,0,1
dual_rear,0,1.5,1,2,0.77548415663444026,0.67158897987777599,0,0,0,0.67158897987777599,0,4.6715889798777752,0,3,0,1
dual_rear,0,1.5,4,2,0.77548415663444026,0.67158897987777599,0,0,0,0.67158897987777599,0,4.6715889798777752,0,3,0,1
dual_rear,0,1.5249999999999999,0,2,0.68436236623332192,0.59267519455208661,0,0,0,0.59267519455208661,0,4.5926751945520863,0,3,0,1
dual_rear,0,1.5249999999999999,1,2,0.68436236623332192,0.59267519455208661,0,0,0,0.59267519455208661,0,4.5926751945520863,0,3,0,1
dual_rear,0,1.5249999999999999,4,2,0.68436236623332192,0.59267519455208661,0,0,0,0.59267519455208661,0,4.5926751945520863,0,3,0,1
dual_rear,0,1.55,0,2,0.60394766844636993,0.52303402343093774,0,0,0,0.52303402343093774,0,4.5230340234309381,0,3,0,1
dual_rear,0,1.55,1,2,0.60394766844636993,0.52303402343093774,0,0,0,0.52303402343093774,0,4.5230340234309381,0,3,0,1
dual_rear,0,1.55,4,2,0.60394766844636993,0.52303402343093774,0,0,0,0.52303402343093774,0,4.5230340234309381,0,3,0,1
dual_rear,0,1.5750000000000002,0,2,0.53298194672711119,0.46157590562416267,0,0,0,0.46157590562416267,0,4.4615759056241622,0,3,0,1
dual_rear,0,1.5750000000000002,1,2,0.53298194672711119,0.46157590562416267,0,0,0,0.46157590562416267,0,4.4615759056241622,0,3,0,1
dual_rear,0,1.5750000000000002,4,2,0.53298194672711119,0.46157590562416267,0,0,0,0.46157590562416267,0,4.4615759056241622,0,3,0,1
dual_rear,0,1.6000000000000001,0,2,0.47035491712018196,0.40733930702100163,0,0,0,0.40733930702100163,0,4.407339307021001,0,3,0,1
dual_rear,0,1.6000000000000001,1,2,0.47035491712018196,0.40733930702100163,0,0,0,0.40733930702100163,0,4.407339307021001,0,3,0,1
dual_rear,0,1.6000000000000001,4,2,0.47035491712018196,0.40733930702100163,0,0,0,0.40733930702100163,0,4.407339307021001,0,3,0,1
dual_rear,0,1.625,0,2,0.41508675747399576,0.35947567674699049,0,0,0,0.35947567674699049,0,4.3594756767469907,0,3,0,1
dual_rear,0,1.625,1,2,0.41508675747399576,0.35947567674699049,0,0,0,0.35947567674699049,0,4.3594756767469907,0,3,0,1
dual_rear,0,1.625,4,2,0.41508675747399576,0.35947567674699049,0,0,0,0.35947567674699049,0,4.3594756767469907,0,3,0,1
dual_rear,0,1.6499999999999999,0,2,0.36631277777468541,0.31723617128372128,0,0,0,0.31723617128372128,0,4.3172361712837208,0,3,0,1
dual_rear,0,1.6499999999999999,1,2,0.36631277777468541,0.31723617128372128,0,0,0,0.31723617128372128,0,4.3172361712837208,0,3,0,1
dual_rear,0,1.6499999999999999,4,2,0.36631277777468541,0.31723617128372128,0,0,0,0.31723617128372128,0,4.3172361712837208,0,3,0,1
dual_rear,0,1.675,0,2,0.32326989176331572,0.2799599385456773,0,0,0,0.2799599385456773,0,4.2799599385456766,0,3,0,1
dual_rear,0,1.675,1,2,0.32326989176331572,0.2799599385456773,0,0,0,0.2799599385456773,0,4.2799599385456766,0,3,0,1
dual_rear,0,1.675,4,2,0.32326989176331572,0.2799599385456773,0,0,0,0.2799599385456773,0,4.2799599385456766,0,3,0,1
dual_rear,0,1.7000000000000002,0,2,0.28528467817998437,0.24706377861433465,0,0,0,0.24706377861433465,0,4.2470637786143346,0,3,0,1
dual_rear,0,1.7000000000000002,1,2,0.28528467817998437,0.24706377861433465,0,0,0,0.24706377861433465,0,4.2470637786143346,0,3,0,1
dual_rear,0,1.7000000000000002,4,2,0.28528467817998437,0.24706377861433465,0,0,0,0.24706377861433465,0,4.2470637786143346,0,3,0,1
dual_rear,0,1.7250000000000001,0,2,0.25176284484867884,0.21803301936799604,0,0,0,0.21803301936799604,0,4.2180330193679954,0,3,0,1
dual_rear,0,1.7250000000000001,1,2,0.25176284484867884,0.21803301936799604,0,0,0,0.21803301936799604,0,4.2180330193679954,0,3,0,1
dual_rear,0,1.7250000000000001,4,2,0.25176284484867884,0.21803301936799604,0,0,0,0.21803301936799604,0,4.2180330193679954,0,3,0,1
dual_rear,0,1.75,0,2,0.22217993076484577,0.1924134642534242,0,0,0,0.1924134642534242,0,4.1924134642534234,0,3,0,1
dual_rear,0,1.75,1,2,0.22217993076484577,0.1924134642534242,0,0,0,0.1924134642534242,0,4.1924134642534234,0,3,0,1
dual_rear,0,1.75,4,2,0.22217993076484577,0.1924134642534242,0,0,0,0.1924134642534242,0,4.1924134642534234,0,3,0,1
dual_rear,0,1.7750000000000001,0,2,0.19607310071643635,0.16980428621921875,0,0,0,0.16980428621921875,0,4.1698042862192182,0,3,0,1
dual_rear,0,1.7750000000000001,1,2,0.19607310071643635,0.16980428621921875,0,0,0,0.16980428621921875,0,4.1698042862192182,0,3,0,1
dual_rear,0,1.7750000000000001,4,2,0.19607310071643635,0.16980428621921875,0,0,0,0.16980428621921875,0,4.1698042862192182,0,3,0,1
dual_rear,0,1.8,0,2,0.17303390406241223,0.14985175663404837,0,0,0,0.14985175663404837,0,4.1498517566340478,0,3,0,1
dual_rear,0,1.8,1,2,0.17303390406241223,0.14985175663404837,0,0,0,0.14985175663404837,0,4.1498517566340478,0,3,0,1
dual_rear,0,1.8,4,2,0.17303390406241223,0.14985175663404837,0,0,0,0.14985175663404837,0,4.1498517566340478,0,3,0,1
dual_rear,0,1.825,0,2,0.15270188437719909,0.1322437110764085,0,0,0,0.1322437110764085,0,4.1322437110764092,0,3,0,1
dual_rear,0,1.825,1,2,0.15270188437719909,0.1322437110764085,0,0,0,0.1322437110764085,0,4.1322437110764092,0,3,0,1
dual_rear,0,1.825,4,2,0.15270188437719909,0.1322437110764085,0,0,0,0.1322437110764085,0,4.1322437110764092,0,3,0,1
dual_rear,0,1.8500000000000001,0,2,0.1347589399817091,0.11670466541122253,0,0,0,0.11670466541122253,0,4.1167046654112234,0,3,0,1
dual_rear,0,1.8500000000000001,1,2,0.1347589399817091,0.11670466541122253,0,0,0,0.11670466541122253,0,4.1167046654112234,0,3,0,1
dual_rear,0,1.8500000000000001,4,2,0.1347589399817091,0.11670466541122253,0,0,0,0.11670466541122253,0,4.1167046654112234,0,3,0,1
dual_rear,0,1.875,0,2,0.11892434712944198,0.10299150574257575,0,0,0,0.10299150574257575,0,4.1029915057425761,0,3,0,1
dual_rear,0,1.875,1,2,0.11892434712944198,0.10299150574257575,0,0,0,0.10299150574257575,0,4.1029915057425761,0,3,0,1
dual_rear,0,1.875,4,2,0.11892434712944198,0.10299150574257575,0,0,0,0.10299150574257575,0,4.1029915057425761,0,3,0,1
dual_rear,0,1.9000000000000001,0,2,0.10495036798362806,0.090889684810346927,0,0,0,0.090889684810346927,0,4.0908896848103478,0,3,0,1
dual_rear,0,1.9000000000000001,1,2,0.10495036798362806,0.090889684810346927,0,0,0,0.090889684810346927,0,4.0908896848103478,0,3,0,1
dual_rear,0,1.9000000000000001,4,2,0.10495036798362806,0.090889684810346927,0,0,0,0.090889684810346927,0,4.0908896848103478,0,3,0,1
dual_rear,0,1.925,0,2,0.092618374670664999,0.080209865322021068,0,0,0,0.080209865322021068,0,4.0802098653220202,0,3,0,1
dual_rear,0,1.925,1,2,0.092618374670664999,0.080209865322021068,0,0,0,0.080209865322021068,0,4.0802098653220202,0,3,0,1
dual_rear,0,1.925,4,2,0.092618374670664999,0.080209865322021068,0,0,0,0.080209865322021068,0,4.0802098653220202,0,3,0,1
dual_rear,0,1.9500000000000002,0,2,0.081735428769281623,0.070784957703411353,0,0,0,0.070784957703411353,0,4.0707849577034114,0,3,0,1
dual_rear,0,1.9500000000000002,1,2,0.081735428769281623,0.070784957703411353,0,0,0,0.070784957703411353,0,4.0707849577034114,0,3,0,1
dual_rear,0,1.9500000000000002,4,2,0.081735428769281623,0.070784957703411353,0,0,0,0.070784957703411353,0,4.0707849577034114,0,3,0,1
dual_rear,0,1.9750000000000001,0,2,0.072131262720314754,0.06246750592284199,0,0,0,0.06246750592284199,0,4.0624675059228412,0,3,0,1
dual_rear,0,1.9750000000000001,1,2,0.072131262720314754,0.06246750592284199,0,0,0,0.06246750592284199,0,4.0624675059228412,0,3,0,1
dual_rear,0,1.9750000000000001,4,2,0.072131262720314754,0.06246750592284199,0,0,0,0.06246750592284199,0,4.0624675059228412,0,3,0,1
dual_rear,0,2,0,2,0.063655615930193504,0.055127380489092971,0,0,0,0.055127380489092971,0,4.0551273804890933,0,3,0,1
dual_rear,0,2,1,2,0.063655615930193504,0.055127380489092971,0,0,0,0.055127380489092971,0,4.0551273804890933,0,3,0,1
dual_rear,0,2,4,2,0.063655615930193504,0.055127380489092971,0,0,0,0.055127380489092971,0,4.0551273804890933,0,3,0,1
dual_rear,0.80000000000000004,0.75,0,2,32.974425414002567,28.556690083721431,0,0,0,28.556690083721431,0,29.356690083721436,0,3.0000000000000027,0,1
dual_rear,0.80000000000000004,0.75,1,2,32.974425414002567,28.556690083721431,0,0,0,28.556690083721431,0,29.356690083721436,0,3.0000000000000027,0,1
dual_rear,0.80000000000000004,0.75,4,2,32.974425414002567,28.556690083721431,0,0,0,28.556690083721431,0,29.356690083721436,0,3.0000000000000027,0,1
dual_rear,0.80000000000000004,0.77500000000000002,0,2,29.099828292364087,25.201190546952454,0,0,0,25.201190546952454,0,26.00119054695249,0,3.0000000000000027,0,1
dual_rear,0.80000000000000004,0.77500000000000002,1,2,29.099828292364087,25.201190546952454,0,0,0,25.201190546952454,0,26.00119054695249,0,3.0000000000000027,0,1
dual_rear,0.80000000000000004,0.77500000000000002,4,2,29.099828292364087,25.201190546952454,0,0,0,25.201190546952454,0,26.00119054695249,0,3.0000000000000027,0,1
dual_rear,0.80000000000000004,0.80000000000000004,0,2,25.680508333754823,22.239972599129654,0,0,0,22.239972599129654,0,23.039972599129708,0,3.0000000000000027,0,1
dual_rear,0.80000000000000004,0.80000000000000004,1,2,25.680508333754823,22.239972599129654,0,0,0,22.239972599129654,0,23.039972599129708,0,3.0000000000000027,0,1
dual_rear,0.80000000000000004,0.80000000000000004,4,2,25.680508333754823,22.239972599129654,0,0,0,22.239972599129654,0,23.039972599129708,0,3.0000000000000027,0,1
dual_rear,0.80000000000000004,0.82499999999999996,0,2,22.662969061336582,19.626706932298255,0,0,0,19.626706932298255,0,20.426706932298309,0,3.0000000000000027,0,1
dual_rear,0.80000000000000004,0.82499999999999996,1,2,22.662969061336582,19.626706932298255,0,0,0,19.626706932298255,0,20.426706932298309,0,3.0000000000000027,0,1
dual_rear,0.80000000000000004,0.82499999999999996,4,2,22.662969061336582,19.626706932298255,0,0,0,19.626706932298255,0,20.426706932298309,0,3.0000000000000027,0,1
dual_rear,0.80000000000000004,0.84999999999999998,0,2,20.000000000000004,17.320508075688767,0,0,0,17.320508075688767,0,18.120508075688768,0,3.0000000000000027,0,1
dual_rear,0.80000000000000004,0.84999999999999998,1,2,20.000000000000004,17.320508075688767,0,0,0,17.320508075688767,0,18.120508075688768,0,3.0000000000000027,0,1
dual_rear,0.80000000000000004,0.84999999999999998,4,2,20.000000000000004,17.320508075688767,0,0,0,17.320508075688767,0,18.120508075688768,0,3.0000000000000027,0,1
dual_rear,0.80000000000000004,0.875,0,2,17.649938051691958,15.285294727986855,0,0,0,15.285294727986855,0,16.08529472798681,0,3.0000000000000027,0,1
dual_rear,0.80000000000000004,0.875,1,2,17.649938051691958,15.285294727986855,0,0,0,15.285294727986855,0,16.08529472798681,0,3.0000000000000027,0,1
dual_rear,0.80000000000000004,0.875,4,2,17.649938051691958,15.285294727986855,0,0,0,15.285294727986855,0,16.08529472798681,0,3.0000000000000027,0,1
dual_rear,0.80000000000000004,0.90000000000000002,0,2,15.576015661428173,13.489225252541075,0,0,0,13.489225252541075,0,14.28922525254106,0,3.0000000000000027,0,1
dual_rear,0.80000000000000004,0.90000000000000002,1,2,15.576015661428173,13.489225252541075,0,0,0,13.489225252541075,0,14.28922525254106,0,3.0000000000000027,0,1
dual_rear,0.80000000000000004,0.90000000000000002,4,2,15.576015661428173,13.489225252541075,0,0,0,13.489225252541075,0,14.28922525254106,0,3.0000000000000027,0,1
dual_rear,0.80000000000000004,0.92500000000000004,0,2,13.745785575819372,11.904199503633286,0,0,0,11.904199503633286,0,12.704199503633328,0,3.0000000000000027,0,1
dual_rear,0.80000000000000004,0.92500000000000004,1,2,13.745785575819372,11.904199503633286,0,0,0,11.904199503633286,0,12.704199503633328,0,3.0000000000000027,0,1
dual_rear,0.80000000000000004,0.92500000000000004,4,2,13.745785575819372,11.904199503633286,0,0,0,11.904199503633286,0,12.704199503633328,0,3.0000000000000027,0,1
dual_rear,0.80000000000000004,0.94999999999999996,0,2,12.13061319425263,10.505419189705478,0,0,0,10.505419189705478,0,11.305419189705512,0,3.0000000000000027,0,1
dual_rear,0.80000000000000004,0.94999999999999996,1,2,12.13061319425263,10.505419189705478,0,0,0,10.505419189705478,0,11.305419189705512,0,3.0000000000000027,0,1
dual_rear,0.80000000000000004,0.94999999999999996,4,2,12.13061319425263,10.505419189705478,0,0,0,10.505419189705478,0,11.305419189705512,0,3.0000000000000027,0,1
dual_rear,0.80000000000000004,0.97499999999999998,0,2,10.705228570379754,9.270999895267833,0,0,0,9.270999895267833,0,10.070999895267828,0,3.0000000000000027,0,1
dual_rear,0.80000000000000004,0.97499999999999998,1,2,10.705228570379754,9.270999895267833,0,0,0,9.270999895267833,0,10.070999895267828,0,3.0000000000000027,0,1
dual_rear,0.80000000000000004,0.97499999999999998,4,2,10.705228570379754,9.270999895267833,0,0,0,9.270999895267833,0,10.070999895267828,0,3.0000000000000027,0,1
dual_rear,0.80000000000000004,1,0,2,9.4473310548202765,8.1816286914359981,0,0,0,8.1816286914359981,0,8.9816286914360379,0,3.0000000000000027,0,1
dual_rear,0.80000000000000004,1,1,2,9.4473310548202765,8.1816286914359981,0,0,0,8.1816286914359981,0,8.9816286914360379,0,3.0000000000000027,0,1
dual_rear,0.80000000000000004,1,4,2,9.4473310548202765,8.1816286914359981,0,0,0,8.1816286914359981,0,8.9816286914360379,0,3.0000000000000027,0,1
dual_rear,0.80000000000000004,1.0249999999999999,0,2,8.3372403935701627,7.2202619782895354,0,0,0,7.2202619782895354,0,8.0202619782895326,0,3.0000000000000027,0,1
dual_rear,0.80000000000000004,1.0249999999999999,1,2,8.3372403935701627,7.2202619782895354,0,0,0,7.2202619782895354,0,8.0202619782895326,0,3.0000000000000027,0,1
dual_rear,0.80000000000000004,1.0249999999999999,4,2,8.3372403935701627,7.2202619782895354,0,0,0,7.2202619782895354,0,8.0202619782895326,0,3.0000000000000027,0,1
dual_rear,0.80000000000000004,1.05,0,2,7.3575888234288289,6.3718588316898241,0,0,0,6.3718588316898241,0,7.1718588316898035,0,3.0000000000000027,0,1
dual_rear,0.80000000000000004,1.05,1,2,7.3575888234288289,6.3718588316898241,0,0,0,6.3718588316898241,0,7.1718588316898035,0,3.0000000000000027,0,1
dual_rear,0.80000000000000004,1.05,4,2,7.3575888234288289,6.3718588316898241,0,0,0,6.3718588316898241,0,7.1718588316898035,0,3.0000000000000027,0,1
dual_rear,0.80000000000000004,1.075,0,2,6.4930493471669966,5.6231456826725852,0,0,0,5.6231456826725852,0,6.4231456826725486,0,3.0000000000000027,0,1
dual_rear,0.80000000000000004,1.075,1,2,6.4930493471669966,5.6231456826725852,0,0,0,5.6231456826725852,0,6.4231456826725486,0,3.0000000000000027,0,1
dual_rear,0.80000000000000004,1.075,4,2,6.4930493471669966,5.6231456826725852,0,0,0,5.6231456826725852,0,6.4231456826725486,0,3.0000000000000027,0,1
dual_rear,0.80000000000000004,1.1000000000000001,0,2,5.7300959372037861,4.962408647740479,0,0,0,4.962408647740479,0,5.762408647740469,0,3.0000000000000027,0,1
dual_rear,0.80000000000000004,1.1000000000000001,1,2,5.7300959372037861,4.962408647740479,0,0,0,4.962408647740479,0,5.762408647740469,0,3.0000000000000027,0,1
dual_rear,0.80000000000000004,1.1000000000000001,4,2,5.7300959372037861,4.962408647740479,0,0,0,4.962408647740479,0,5.762408647740469,0,3.0000000000000027,0,1
dual_rear,0.80000000000000004,1.125,0,2,5.0567919160949302,4.379310260989997,0,0,0,4.379310260989997,0,5.1793102609899444,0,3.0000000000000027,0,1
dual_rear,0.80000000000000004,1.125,1,2,5.0567919160949302,4.379310260989997,0,0,0,4.379310260989997,0,5.1793102609899444,0,3.0000000000000027,0,1
dual_rear,0.80000000000000004,1.125,4,2,5.0567919160949302,4.379310260989997,0,0,0,4.379310260989997,0,5.1793102609899444,0,3.0000000000000027,0,1
dual_rear,0.80000000000000004,1.1499999999999999,0,2,4.4626032029686087,3.8647277407806198,0,0,0,3.8647277407806198,0,4.6647277407806387,0,3.0000000000000027,0,1
dual_rear,0.80000000000000004,1.1499999999999999,1,2,4.4626032029686087,3.8647277407806198,0,0,0,3.8647277407806198,0,4.6647277407806387,0,3.0000000000000027,0,1
dual_rear,0.80000000000000004,1.1499999999999999,4,2,4.4626032029686087,3.8647277407806198,0,0,0,3.8647277407806198,0,4.6647277407806387,0,3.0000000000000027,0,1
dual_rear,0.80000000000000004,1.175,0,2,3.9382335040838798,3.4106102605716462,0,0,0,3.4106102605716462,0,4.2106102605716789,0,3.0000000000000027,0,1
dual_rear,0.80000000000000004,1.175,1,2,3.9382335040838798,3.4106102605716462,0,0,0,3.4106102605716462,0,4.2106102605716789,0,3.0000000000000027,0,1
dual_rear,0.80000000000000004,1.175,4,2,3.9382335040838798,3.4106102605716462,0,0,0,3.4106102605716462,0,4.2106102605716789,0,3.0000000000000027,0,1
dual_rear,0.80000000000000004,1.2,0,2,3.4754788690089109,3.0098529908777265,0,0,0,3.0098529908777265,0,3.8098529908777712,0,3.0000000000000027,0,1
dual_rear,0.80000000000000004,1.2,1,2,3.4754788690089109,3.0098529908777265,0,0,0,3.0098529908777265,0,3.8098529908777712,0,3.0000000000000027,0,1
dual_rear,0.80000000000000004,1.2,4,2,3.4754788690089109,3.0098529908777265,0,0,0,3.0098529908777265,0,3.8098529908777712,0,3.0000000000000027,0,1
dual_rear,0.80000000000000004,1.2250000000000001,0,2,3.0670993368985715,2.6561859416845683,0,0,0,2.6561859416845683,0,3.4561859416846197,0,3.0000000000000027,0,1
dual_rear,0.80000000000000004,1.2250000000000001,1,2,3.0670993368985715,2.6561859416845683,0,0,0,2.6561859416845683,0,3.4561859416846197,0,3.0000000000000027,0,1
dual_rear,0.80000000000000004,1.2250000000000001,4,2,3.0670993368985715,2.6561859416845683,0,0,0,2.6561859416845683,0,3.4561859416846197,0,3.0000000000000027,0,1
dual_rear,0.80000000000000004,1.25,0,2,2.7067056647322598,2.3440758662253822,0,0,0,2.3440758662253822,0,3.1440758662253376,0,3.0000000000000027,0,1
dual_rear,0.80000000000000004,1.25,1,2,2.7067056647322598,2.3440758662253822,0,0,0,2.3440758662253822,0,3.1440758662253376,0,3.0000000000000027,0,1
dual_rear,0.80000000000000004,1.25,4,2,2.7067056647322598,2.3440758662253822,0,0,0,2.3440758662253822,0,3.1440758662253376,0,3.0000000000000027,0,1
dual_rear,0.80000000000000004,1.2749999999999999,0,2,2.3886593653344046,2.0686396913672089,0,0,0,2.0686396913672089,0,2.8686396913671919,0,2.8686396913671919,0,0
dual_rear,0.80000000000000004,1.2749999999999999,1,2,2.3886593653344046,2.0686396913672089,0,0,0,2.0686396913672089,0,2.8686396913671919,0,2.8686396913671919,0,0
dual_rear,0.80000000000000004,1.2749999999999999,4,2,2.3886593653344046,2.0686396913672089,0,0,0,2.0686396913672089,0,2.8686396913671919,0,2.8686396913671919,0,0
dual_rear,0.80000000000000004,1.3,0,2,2.107984491237274,1.8255681201950951,0,0,0,1.8255681201950951,0,2.6255681201950987,0,2.6255681201950987,0,0
dual_rear,0.80000000000000004,1.3,1,2,2.107984491237274,1.8255681201950951,0,0,0,1.8255681201950951,0,2.6255681201950987,0,2.6255681201950987,0,0
dual_rear,0.80000000000000004,1.3,4,2,2.107984491237274,1.8255681201950951,0,0,0,1.8255681201950951,0,2.6255681201950987,0,2.6255681201950987,0,0
dual_rear,0.80000000000000004,1.3250000000000002,0,2,1.860289784213264,1.6110582115293588,0,0,0,1.6110582115293588,0,2.4110582115293155,0,2.4110582115293155,0,0
dual_rear,0.80000000000000004,1.3250000000000002,1,2,1.860289784213264,1.6110582115293588,0,0,0,1.6110582115293588,0,2.4110582115293155,0,2.4110582115293155,0,0
dual_rear,0.80000000000000004,1.3250000000000002,4,2,1.860289784213264,1.6110582115293588,0,0,0,1.6110582115293588,0,2.4110582115293155,0,2.4110582115293155,0,0
dual_rear,0.80000000000000004,1.3500000000000001,0,2,1.641699972477968,1.4217538815581339,0,0,0,1.4217538815581339,0,2.2217538815580973,0,2.2217538815580973,0,0
dual_rear,0.80000000000000004,1.3500000000000001,1,2,1.641699972477968,1.4217538815581339,0,0,0,1.4217538815581339,0,2.2217538815580973,0,2.2217538815580973,0,0
dual_rear,0.80000000000000004,1.3500000000000001,4,2,1.641699972477968,1.4217538815581339,0,0,0,1.4217538815581339,0,2.2217538815580973,0,2.2217538815580973,0,0
dual_rear,0.80000000000000004,1.375,0,2,1.4487951406850244,1.254693396712681,0,0,0,1.254693396712681,0,2.0546933967127146,0,2.0546933967127146,0,0
dual_rear,0.80000000000000004,1.375,1,2,1.4487951406850244,1.254693396712681,0,0,0,1.254693396712681,0,2.0546933967127146,0,2.0546933967127146,0,0
dual_rear,0.80000000000000004,1.375,4,2,1.4487951406850244,1.254693396712681,0,0,0,1.254693396712681,0,2.0546933967127146,0,2.0546933967127146,0,0
dual_rear,0.80000000000000004,1.3999999999999999,0,2,1.278557224134151,1.1072630362922895,0,0,0,1.1072630362922895,0,1.9072630362922949,0,1.9072630362922949,0,0
dual_rear,0.80000000000000004,1.3999999999999999,1,2,1.278557224134151,1.1072630362922895,0,0,0,1.1072630362922895,0,1.9072630362922949,0,1.9072630362922949,0,0
dual_rear,0.80000000000000004,1.3999999999999999,4,2,1.278557224134151,1.1072630362922895,0,0,0,1.1072630362922895,0,1.9072630362922949,0,1.9072630362922949,0,0
dual_rear,0.80000000000000004,1.425,0,2,1.1283227900755446,0.97715619987435787,0,0,0,0.97715619987435787,0,1.7771561998743968,0,1.7771561998743968,0,0
dual_rear,0.80000000000000004,1.425,1,2,1.1283227900755446,0.97715619987435787,0,0,0,0.97715619987435787,0,1.7771561998743968,0,1.7771561998743968,0,0
dual_rear,0.80000000000000004,1.425,4,2,1.1283227900755446,0.97715619987435787,0,0,0,0.97715619987435787,0,1.7771561998743968,0,1.7771561998743968,0,0
dual_rear,0.80000000000000004,1.4500000000000002,0,2,0.99574136735727936,0.86233731973045702,0,0,0,0.86233731973045702,0,1.6623373197304225,0,1.6623373197304225,0,0
dual_rear,0.80000000000000004,1.4500000000000002,1,2,0.99574136735727936,0.86233731973045702,0,0,0,0.86233731973045702,0,1.6623373197304225,0,1.6623373197304225,0,0
dual_rear,0.80000000000000004,1.4500000000000002,4,2,0.99574136735727936,0.86233731973045702,0,0,0,0.86233731973045702,0,1.6623373197304225,0,1.6623373197304225,0,0
dual_rear,0.80000000000000004,1.4750000000000001,0,2,0.87873867246814619,0.76101001364522769,0,0,0,0.76101001364522769,0,1.5610100136452809,0,1.5610100136452809,0,0
dual_rear,0.80000000000000004,1.4750000000000001,1,2,0.87873867246814619,0.76101001364522769,0,0,0,0.76101001364522769,0,1.5610100136452809,0,1.5610100136452809,0,0
dual_rear,0.80000000000000004,1.4750000000000001,4,2,0.87873867246814619,0.76101001364522769,0,0,0,0.76101001364522769,0,1.5610100136452809,0,1.5610100136452809,0,0
dual_rear,0.80000000000000004,1.5,0,2,0.77548415663444026,0.67158897987777599,0,0,0,0.67158897987777599,0,1.4715889798777582,0,1.4715889798777582,0,0
dual_rear,0.80000000000000004,1.5,1,2,0.77548415663444026,0.67158897987777599,0,0,0,0.67158897987777599,0,1.4715889798777582,0,1.4715889798777582,0,0
dual_rear,0.80000000000000004,1.5,4,2,0.77548415663444026,0.67158897987777599,0,0,0,0.67158897987777599,0,1.4715889798777582,0,1.4715889798777582,0,0
dual_rear,0.80000000000000004,1.5249999999999999,0,2,0.68436236623332192,0.59267519455208661,0,0,0,0.59267519455208661,0,1.3926751945521065,0,1.3926751945521065,0,0
dual_rear,0.80000000000000004,1.5249999999999999,1,2,0.68436236623332192,0.59267519455208661,0,0,0,0.59267519455208661,0,1.3926751945521065,0,1.3926751945521065,0,0
dual_rear,0.80000000000000004,1.5249999999999999,4,2,0.68436236623332192,0.59267519455208661,0,0,0,0.59267519455208661,0,1.3926751945521065,0,1.3926751945521065,0,0
dual_rear,0.80000000000000004,1.55,0,2,0.60394766844636993,0.52303402343093774,0,0,0,0.52303402343093774,0,1.3230340234309246,0,1.3230340234309246,0,0
dual_rear,0.80000000000000004,1.55,1,2,0.60394766844636993,0.52303402343093774,0,0,0,0.52303402343093774,0,1.3230340234309246,0,1.3230340234309246,0,0
dual_rear,0.80000000000000004,1.55,4,2,0.60394766844636993,0.52303402343093774,0,0,0,0.52303402343093774,0,1.3230340234309246,0,1.3230340234309246,0,0
dual_rear,0.80000000000000004,1.5750000000000002,0,2,0.53298194672711119,0.46157590562416267,0,0,0,0.46157590562416267,0,1.261575905624146,0,1.261575905624146,0,0
dual_rear,0.80000000000000004,1.5750000000000002,1,2,0.53298194672711119,0.46157590562416267,0,0,0,0.46157590562416267,0,1.261575905624146,0,1.261575905624146,0,0
dual_rear,0.80000000000000004,1.5750000000000002,4,2,0.53298194672711119,0.46157590562416267,0,0,0,0.46157590562416267,0,1.261575905624146,0,1.261575905624146,0,0
dual_rear,0.80000000000000004,1.6000000000000001,0,2,0.47035491712018196,0.40733930702100163,0,0,0,0.40733930702100163,0,1.2073393070209937,0,1.2073393070209937,0,0
dual_rear,0.80000000000000004,1.6000000000000001,1,2,0.47035491712018196,0.40733930702100163,0,0,0,0.40733930702100163,0,1.2073393070209937,0,1.2073393070209937,0,0
dual_rear,0.80000000000000004,1.6000000000000001,4,2,0.47035491712018196,0.40733930702100163,0,0,0,0.40733930702100163,0,1.2073393070209937,0,1.2073393070209937,0,0
dual_rear,0.80000000000000004,1.625,0,2,0.41508675747399576,0.35947567674699049,0,0,0,0.35947567674699049,0,1.1594756767470127,0,1.1594756767470127,0,0
dual_rear,0.80000000000000004,1.625,1,2,0.41508675747399576,0.35947567674699049,0,0,0,0.35947567674699049,0,1.1594756767470127,0,1.1594756767470127,0,0
dual_rear,0.80000000000000004,1.625,4,2,0.41508675747399576,0.35947567674699049,0,0,0,0.35947567674699049,0,1.1594756767470127,0,1.1594756767470127,0,0
dual_rear,0.80000000000000004,1.6499999999999999,0,2,0.36631277777468541,0.31723617128372128,0,0,0,0.31723617128372128,0,1.1172361712836754,0,1.1172361712836754,0,0
dual_rear,0.80000000000000004,1.6499999999999999,1,2,0.36631277777468541,0.31723617128372128,0,0,0,0.31723617128372128,0,1.1172361712836754,0,1.1172361712836754,0,0
dual_rear,0.80000000000000004,1.6499999999999999,4,2,0.36631277777468541,0.31723617128372128,0,0,0,0.31723617128372128,0,1.1172361712836754,0,1.1172361712836754,0,0
dual_rear,0.80000000000000004,1.675,0,2,0.32326989176331572,0.2799599385456773,0,0,0,0.2799599385456773,0,1.0799599385457048,0,1.0799599385457048,0,0
dual_rear,0.80000000000000004,1.675,1,2,0.32326989176331572,0.2799599385456773,0,0,0,0.2799599385456773,0,1.0799599385457048,0,1.0799599385457048,0,0
dual_rear,0.80000000000000004,1.675,4,2,0.32326989176331572,0.2799599385456773,0,0,0,0.2799599385456773,0,1.0799599385457048,0,1.0799599385457048,0,0
dual_rear,0.80000000000000004,1.7000000000000002,0,2,0.28528467817998437,0.24706377861433465,0,0,0,0.24706377861433465,0,1.0470637786142989,0,1.0470637786142989,0,0
dual_rear,0.80000000000000004,1.7000000000000002,1,2,0.28528467817998437,0.24706377861433465,0,0,0,0.24706377861433465,0,1.0470637786142989,0,1.0470637786142989,0,0
dual_rear,0.80000000000000004,1.7000000000000002,4,2,0.28528467817998437,0.24706377861433465,0,0,0,0.24706377861433465,0,1.0470637786142989,0,1.0470637786142989,0,0
dual_rear,0.80000000000000004,1.7250000000000001,0,2,0.25176284484867884,0.21803301936799604,0,0,0,0.21803301936799604,0,1.018033019367981,0,1.018033019367981,0,0
dual_rear,0.80000000000000004,1.7250000000000001,1,2,0.25176284484867884,0.21803301936799604,0,0,0,0.21803301936799604,0,1.018033019367981,0,1.018033019367981,0,0
dual_rear,0.80000000000000004,1.7250000000000001,4,2,0.25176284484867884,0.21803301936799604,0,0,0,0.21803301936799604,0,1.018033019367981,0,1.018033019367981,0,0
dual_rear,0.80000000000000004,1.75,0,2,0.22217993076484577,0.1924134642534242,0,0,0,0.1924134642534242,0,0.99241346425338328,0,0.99241346425338328,0,0
dual_rear,0.80000000000000004,1.75,1,2,0.22217993076484577,0.1924134642534242,0,0,0,0.1924134642534242,0,0.99241346425338328,0,0.99241346425338328,0,0
dual_rear,0.80000000000000004,1.75,4,2,0.22217993076484577,0.1924134642534242,0,0,0,0.1924134642534242,0,0.99241346425338328,0,0.99241346425338328,0,0
dual_rear,0.80000000000000004,1.7750000000000001,0,2,0.19607310071643635,0.16980428621921875,0,0,0,0.16980428621921875,0,0.96980428621917802,0,0.96980428621917802,0,0
dual_rear,0.80000000000000004,1.7750000000000001,1,2,0.19607310071643635,0.16980428621921875,0,0,0,0.16980428621921875,0,0.96980428621917802,0,0.96980428621917802,0,0
dual_rear,0.80000000000000004,1.7750000000000001,4,2,0.19607310071643635,0.16980428621921875,0,0,0,0.16980428621921875,0,0.96980428621917802,0,0.96980428621917802,0,0
dual_rear,0.80000000000000004,1.8,0,2,0.17303390406241223,0.14985175663404837,0,0,0,0.14985175663404837,0,0.94985175663409027,0,0.94985175663409027,0,0
dual_rear,0.80000000000000004,1.8,1,2,0.17303390406241223,0.14985175663404837,0,0,0,0.14985175663404837,0,0.94985175663409027,0,0.94985175663409027,0,0
dual_rear,0.80000000000000004,1.8,4,2,0.17303390406241223,0.14985175663404837,0,0,0,0.14985175663404837,0,0.94985175663409027,0,0.94985175663409027,0,0
dual_rear,0.80000000000000004,1.825,0,2,0.15270188437719909,0.1322437110764085,0,0,0,0.1322437110764085,0,0.93224371107636372,0,0.93224371107636372,0,0
dual_rear,0.80000000000000004,1.825,1,2,0.15270188437719909,0.1322437110764085,0,0,0,0.1322437110764085,0,0.93224371107636372,0,0.93224371107636372,0,0
dual_rear,0.80000000000000004,1.825,4,2,0.15270188437719909,0.1322437110764085,0,0,0,0.1322437110764085,0,0.93224371107636372,0,0.93224371107636372,0,0
dual_rear,0.80000000000000004,1.8500000000000001,0,2,0.1347589399817091,0.11670466541122253,0,0,0,0.11670466541122253,0,0.91670466541127205,0,0.91670466541127205,0,0
dual_rear,0.80000000000000004,1.8500000000000001,1,2,0.1347589399817091,0.11670466541122253,0,0,0,0.11670466541122253,0,0.91670466541127205,0,0.91670466541127205,0,0
dual_rear,0.80000000000000004,1.8500000000000001,4,2,0.1347589399817091,0.11670466541122253,0,0,0,0.11670466541122253,0,0.91670466541127205,0,0.91670466541127205,0,0
dual_rear,0.80000000000000004,1.875,0,2,0.11892434712944198,0.10299150574257575,0,0,0,0.10299150574257575,0,0.90299150574257858,0,0.90299150574257858,0,0
dual_rear,0.80000000000000004,1.875,1,2,0.11892434712944198,0.10299150574257575,0,0,0,0.10299150574257575,0,0.90299150574257858,0,0.90299150574257858,0,0
dual_rear,0.80000000000000004,1.875,4,2,0.11892434712944198,0.10299150574257575,0,0,0,0.10299150574257575,0,0.90299150574257858,0,0.90299150574257858,0,0
dual_rear,0.80000000000000004,1.9000000000000001,0,2,0.10495036798362806,0.090889684810346927,0,0,0,0.090889684810346927,0,0.89088968481032538,0,0.89088968481032538,0,0
dual_rear,0.80000000000000004,1.9000000000000001,1,2,0.10495036798362806,0.090889684810346927,0,0,0,0.090889684810346927,0,0.89088968481032538,0,0.89088968481032538,0,0
dual_rear,0.80000000000000004,1.9000000000000001,4,2,0.10495036798362806,0.090889684810346927,0,0,0,0.090889684810346927,0,0.89088968481032538,0,0.89088968481032538,0,0
dual_rear,0.80000000000000004,1.925,0,2,0.092618374670664999,0.080209865322021068,0,0,0,0.080209865322021068,0,0.88020986532200141,0,0.88020986532200141,0,0
dual_rear,0.80000000000000004,1.925,1,2,0.092618374670664999,0.080209865322021068,0,0,0,0.080209865322021068,0,0.88020986532200141,0,0.88020986532200141,0,0
dual_rear,0.80000000000000004,1.925,4,2,0.092618374670664999,0.080209865322021068,0,0,0,0.080209865322021068,0,0.88020986532200141,0,0.88020986532200141,0,0
dual_rear,0.80000000000000004,1.9500000000000002,0,2,0.081735428769281623,0.070784957703411353,0,0,0,0.070784957703411353,0,0.8707849577034299,0,0.8707849577034299,0,0
dual_rear,0.80000000000000004,1.9500000000000002,1,2,0.081735428769281623,0.070784957703411353,0,0,0,0.070784957703411353,0,0.8707849577034299,0,0.8707849577034299,0,0
dual_rear,0.80000000000000004,1.9500000000000002,4,2,0.081735428769281623,0.070784957703411353,0,0,0,0.070784957703411353,0,0.8707849577034299,0,0.8707849577034299,0,0
dual_rear,0.80000000000000004,1.9750000000000001,0,2,0.072131262720314754,0.06246750592284199,0,0,0,0.06246750592284199,0,0.86246750592289256,0,0.86246750592289256,0,0
dual_rear,0.80000000000000004,1.9750000000000001,1,2,0.072131262720314754,0.06246750592284199,0,0,0,0.06246750592284199,0,0.86246750592289256,0,0.86246750592289256,0,0
dual_rear,0.80000000000000004,1.9750000000000001,4,2,0.072131262720314754,0.06246750592284199,0,0,0,0.06246750592284199,0,0.86246750592289256,0,0.86246750592289256,0,0
dual_rear,0.80000000000000004,2,0,2,0.063655615930193504,0.055127380489092971,0,0,0,0.055127380489092971,0,0.85512738048909576,0,0.85512738048909576,0,0
dual_rear,0.80000000000000004,2,1,2,0.063655615930193504,0.055127380489092971,0,0,0,0.055127380489092971,0,0.85512738048909576,0,0.85512738048909576,0,0
dual_rear,0.80000000000000004,2,4,2,0.063655615930193504,0.055127380489092971,0,0,0,0.055127380489092971,0,0.85512738048909576,0,0.85512738048909576,0,0
front_rear,0,0.75,0,2,32.974425414002567,0,0,0,0,0,0,4,0,3,0,1
front_rear,0,0.75,1,2,32.974425414002567,0,0,-0.58659583047125352,0,-0.58659583047125352,0,3.4134041695287465,0,3,0,1
front_rear,0,0.75,4,2,32.974425414002567,0,0,-2.3463833218850141,0,-2.3463833218850141,0,1.6536166781149859,0,1.6536166781149859,0,0
front_rear,0,0.77500000000000002,0,2,29.099828292363977,0,0,0,0,0,0,4.0000000000000018,0,3,0,1
front_rear,0,0.77500000000000002,1,2,29.099828292363977,0,0,-0.54615754448135512,0,-0.54615754448135512,0,3.4538424555186467,0,3,0,1
front_rear,0,0.77500000000000002,4,2,29.099828292363977,0,0,-2.1846301779254187,0,-2.1846301779254187,0,1.8153698220745831,0,1.8153698220745831,0,0
front_rear,0,0.80000000000000004,0,2,25.680508333754737,0,0,0,0,0,0,4,0,3,0,1
front_rear,0,0.80000000000000004,1,2,25.680508333754737,0,0,-0.5085069615211335,0,-0.5085069615211335,0,3.4914930384788665,0,3,0,1
front_rear,0,0.80000000000000004,4,2,25.680508333754737,0,0,-2.0340278460845322,0,-2.0340278460845322,0,1.9659721539154678,0,1.9659721539154678,0,0
front_rear,0,0.82499999999999996,0,2,22.662969061336607,0,0,0,0,0,0,4,0,3,0,1
front_rear,0,0.82499999999999996,1,2,22.662969061336607,0,0,-0.4734519050927144,0,-0.4734519050927144,0,3.5265480949072856,0,3,0,1
front_rear,0,0.82499999999999996,4,2,22.662969061336607,0,0,-1.8938076203708576,0,-1.8938076203708576,0,2.1061923796291424,0,2.1061923796291424,0,0
front_rear,0,0.84999999999999998,0,2,20.000000000000036,0,0,0,0,0,0,4,0,3,0,1
front_rear,0,0.84999999999999998,1,2,20.000000000000036,0,0,-0.44081344681178791,0,-0.44081344681178791,0,3.5591865531882121,0,3,0,1
front_rear,0,0.84999999999999998,4,2,20.000000000000036,0,0,-1.7632537872471516,0,-1.7632537872471516,0,2.2367462127528484,0,2.2367462127528484,0,0
front_rear,0,0.875,0,2,17.649938051691908,0,0,0,0,0,0,4,0,3,0,1
front_rear,0,0.875,1,2,17.649938051691908,0,0,-0.41042499311949321,0,-0.41042499311949321,0,3.5895750068805068,0,3,0,1
front_rear,0,0.875,4,2,17.649938051691908,0,0,-1.6416999724779764,0,-1.6416999724779764,0,2.3583000275220236,0,2.3583000275220236,0,0
front_rear,0,0.90000000000000002,0,2,15.576015661428071,0,0,0,0,0,0,4.0000000000000009,0,3,0,1
front_rear,0,0.90000000000000002,1,2,15.576015661428071,0,0,-0.38213143495384028,0,-0.38213143495384028,0,3.6178685650461606,0,3,0,1
front_rear,0,0.90000000000000002,4,2,15.576015661428071,0,0,-1.5285257398153602,0,-1.5285257398153602,0,2.4714742601846407,0,2.4714742601846407,0,0
front_rear,0,0.92500000000000004,0,2,13.745785575819395,0,0,0,0,0,0,4.0000000000000009,0,3,0,1
front_rear,0,0.92500000000000004,1,2,13.745785575819395,0,0,-0.35578835604040915,0,-0.35578835604040915,0,3.6442116439595917,0,3,0,1
front_rear,0,0.92500000000000004,4,2,13.745785575819395,0,0,-1.4231534241616357,0,-1.4231534241616357,0,2.5768465758383652,0,2.5768465758383652,0,0
front_rear,0,0.94999999999999996,0,2,12.130613194252714,0,0,0,0,0,0,4,0,3,0,1
front_rear,0,0.94999999999999996,1,2,12.130613194252714,0,0,-0.33126129576130925,0,-0.33126129576130925,0,3.6687387042386908,0,3,0,1
front_rear,0,0.94999999999999996,4,2,12.130613194252714,0,0,-1.3250451830452352,0,-1.3250451830452352,0,2.6749548169547648,0,2.6749548169547648,0,0
front_rear,0,0.97499999999999998,0,2,10.705228570379825,0,0,0,0,0,0,3.9999999999999991,0,3,0,1
front_rear,0,0.97499999999999998,1,2,10.705228570379825,0,0,-0.30842506283988058,0,-0.30842506283988058,0,3.6915749371601185,0,3,0,1
front_rear,0,0.97499999999999998,4,2,10.705228570379825,0,0,-1.2337002513595223,0,-1.2337002513595223,0,2.7662997486404768,0,2.7662997486404768,0,0
front_rear,0,1,0,2,9.4473310548202942,0,0,0,0,0,0,4.0000000000000009,0,3,0,1
front_rear,0,1,1,2,9.4473310548202942,0,0,-0.28716309633808645,0,-0.28716309633808645,0,3.7128369036619144,0,3,0,1
front_rear,0,1,4,2,9.4473310548202942,0,0,-1.1486523853523467,0,-1.1486523853523467,0,2.8513476146476542,0,2.8513476146476542,0,0
front_rear,0,1.0249999999999999,0,2,8.3372403935701911,-3.730349362740526e-14,0,0,0,-3.730349362740526e-14,0,3.9999999999999636,0,3,0,1
front_rear,0,1.0249999999999999,1,2,8.3372403935701911,-3.730349362740526e-14,0,-0.26736687070495435,0,-0.26736687070499165,0,3.7326331292950092,0,3,0,1
front_rear,0,1.0249999999999999,4,2,8.3372403935701911,-3.730349362740526e-14,0,-1.0694674828198165,0,-1.0694674828198538,0,2.9305325171801471,0,2.9305325171801471,0,0
front_rear,0,1.05,0,2,7.35758882342882,0,0,0,0,0,0,4,0,3,0,1
front_rear,0,1.05,1,2,7.35758882342882,0,0,-0.24893534183931898,0,-0.24893534183931898,0,3.751064658160681,0,3,0,1
front_rear,0,1.05,4,2,7.35758882342882,0,0,-0.99574136735727681,0,-0.99574136735727681,0,3.0042586326427232,0,3,0,1
front_rear,0,1.075,0,2,6.4930493471670179,0,0,0,0,0,0,4,0,3,0,1
front_rear,0,1.075,1,2,6.4930493471670179,0,0,-0.23177443133948872,0,-0.23177443133948872,0,3.7682255686605113,0,3,0,1
front_rear,0,1.075,4,2,6.4930493471670179,0,0,-0.92709772535795398,0,-0.92709772535795398,0,3.072902274642046,0,3,0,1
front_rear,0,1.1000000000000001,0,2,5.7300959372037861,2.5757174171303632e-14,0,0,0,2.5757174171303632e-14,0,4.0000000000000258,0,3,0,1
front_rear,0,1.1000000000000001,1,2,5.7300959372037861,2.5757174171303632e-14,0,-0.21579654630726219,0,-0.21579654630723644,0,3.7842034536927636,0,3,0,1
front_rear,0,1.1000000000000001,4,2,5.7300959372037861,2.5757174171303632e-14,0,-0.86318618522904789,0,-0.86318618522902213,0,3.1368138147709779,0,3,0,1
front_rear,0,1.125,0,2,5.0567919160949293,0,0,0,0,0,0,4,0,3,0,1
front_rear,0,1.125,1,2,5.0567919160949293,0,0,-0.20092013225536798,0,-0.20092013225536798,0,3.7990798677446325,0,3,0,1
front_rear,0,1.125,4,2,5.0567919160949293,0,0,-0.80368052902147236,0,-0.80368052902147236,0,3.1963194709785281,0,3,0,1
front_rear,0,1.1499999999999999,0,2,4.4626032029686087,-1.9984014443252818e-14,0,0,0,-1.9984014443252818e-14,0,3.9999999999999791,0,3,0,1
front_rear,0,1.1499999999999999,1,2,4.4626032029686087,-1.9984014443252818e-14,0,-0.18706925683618358,0,-0.18706925683620357,0,3.812930743163796,0,3,0,1
front_rear,0,1.1499999999999999,4,2,4.4626032029686087,-1.9984014443252818e-14,0,-0.74827702734473434,0,-0.74827702734475432,0,3.2517229726552452,0,3,0,1
front_rear,0,1.175,0,2,3.9382335040838665,0,0,0,0,0,0,4,0,3,0,1
front_rear,0,1.175,1,2,3.9382335040838665,0,0,-0.17417322226706178,0,-0.17417322226706178,0,3.8258267777329382,0,3,0,1
front_rear,0,1.175,4,2,3.9382335040838665,0,0,-0.69669288906824756,0,-0.69669288906824756,0,3.3033071109317524,0,3,0,1
front_rear,0,1.2,0,2,3.4754788690089149,0,0,0,0,0,0,4,0,3,0,1
front_rear,0,1.2,1,2,3.4754788690089149,0,0,-0.162166204473978,0,-0.162166204473978,0,3.8378337955260222,0,3,0,1
front_rear,0,1.2,4,2,3.4754788690089149,0,0,-0.64866481789591135,0,-0.64866481789591135,0,3.3513351821040889,0,3,0,1
front_rear,0,1.2250000000000001,0,2,3.0670993368985613,1.354472090042691e-14,0,0,0,1.354472090042691e-14,0,4.0000000000000142,0,3,0,1
front_rear,0,1.2250000000000001,1,2,3.0670993368985613,1.354472090042691e-14,0,-0.15098691711159185,0,-0.1509869171115783,0,3.8490130828884217,0,3,0,1
front_rear,0,1.2250000000000001,4,2,3.0670993368985613,1.354472090042691e-14,0,-0.60394766844636738,0,-0.60394766844635384,0,3.3960523315536464,0,3,0,1
front_rear,0,1.25,0,2,2.706705664732254,0,0,0,0,0,0,4,0,3,0,1
front_rear,0,1.25,1,2,2.706705664732254,0,0,-0.14057829874486027,0,-0.14057829874486027,0,3.8594217012551399,0,3,0,1
front_rear,0,1.25,4,2,2.706705664732254,0,0,-0.56231319497944066,0,-0.56231319497944066,0,3.4376868050205598,0,3,0,1
front_rear,0,1.2749999999999999,0,2,2.3886593653343988,-1.0658141036401503e-14,0,0,0,-1.0658141036401503e-14,0,3.9999999999999889,0,3,0,1
front_rear,0,1.2749999999999999,1,2,2.3886593653343988,-1.0658141036401503e-14,0,-0.13088722159545263,0,-0.13088722159546329,0,3.8691127784045363,0,3,0,1
front_rear,0,1.2749999999999999,4,2,2.3886593653343988,-1.0658141036401503e-14,0,-0.52354888638181007,0,-0.52354888638182073,0,3.4764511136181788,0,3,0,1
front_rear,0,1.3,0,2,2.1079844912372794,0,0,0,0,0,0,3.9999999999999991,0,3,0,1
front_rear,0,1.3,1,2,2.1079844912372794,0,0,-0.12186422036639777,0,-0.12186422036639777,0,3.8781357796336016,0,3,0,1
front_rear,0,1.3,4,2,2.1079844912372794,0,0,-0.48745688146559085,0,-0.48745688146559085,0,3.5125431185344089,0,3,0,1
front_rear,0,1.3250000000000002,0,2,1.8602897842132762,0,0,0,0,0,0,3.9999999999999991,0,3,0,1
front_rear,0,1.3250000000000002,1,2,1.8602897842132762,0,0,-0.1134632397608023,0,-0.1134632397608023,0,3.8865367602391974,0,3,0,1
front_rear,0,1.3250000000000002,4,2,1.8602897842132762,0,0,-0.45385295904320933,0,-0.45385295904320933,0,3.5461470409567903,0,3,0,1
front_rear,0,1.3500000000000001,0,2,1.6416999724779715,7.2164496600635175e-15,0,0,0,7.2164496600635175e-15,0,4.0000000000000071,0,3,0,1
front_rear,0,1.3500000000000001,1,2,1.6416999724779715,7.2164496600635175e-15,0,-0.10564139940591588,0,-0.10564139940590866,0,3.8943586005940909,0,3,0,1
front_rear,0,1.3500000000000001,4,2,1.6416999724779715,7.2164496600635175e-15,0,-0.42256559762366375,0,-0.42256559762365653,0,3.5774344023763431,0,3,0,1
front_rear,0,1.375,0,2,1.448795140685029,0,0,0,0,0,0,4,0,3,0,1
front_rear,0,1.375,1,2,1.448795140685029,0,0,-0.098358774982695407,0,-0.098358774982695407,0,3.9016412250173045,0,3,0,1
front_rear,0,1.375,4,2,1.448795140685029,0,0,-0.39343509993078163,0,-0.39343509993078163,0,3.6065649000692179,0,3,0,1
front_rear,0,1.3999999999999999,0,2,1.278557224134155,-5.6621374255882984e-15,0,0,0,-5.6621374255882984e-15,0,3.9999999999999938,0,3,0,1
front_rear,0,1.3999999999999999,1,2,1.278557224134155,-5.6621374255882984e-15,0,-0.091578194443671213,0,-0.091578194443676875,0,3.9084218055563227,0,3,0,1
front_rear,0,1.3999999999999999,4,2,1.278557224134155,-5.6621374255882984e-15,0,-0.36631277777468518,0,-0.36631277777469085,0,3.6336872222253089,0,3,0,1
front_rear,0,1.425,0,2,1.128322790075543,0,0,0,0,0,0,4,0,3,0,1
front_rear,0,1.425,1,2,1.128322790075543,0,0,-0.0852650482789995,0,-0.0852650482789995,0,3.9147349517210008,0,3,0,1
front_rear,0,1.425,4,2,1.128322790075543,0,0,-0.34106019311599811,0,-0.34106019311599811,0,3.658939806884002,0,3,0,1
front_rear,0,1.4500000000000002,0,2,0.99574136735728236,0,0,0,0,0,0,4,0,3,0,1
front_rear,0,1.4500000000000002,1,2,0.99574136735728236,0,0,-0.079387112862243314,0,-0.079387112862243314,0,3.9206128871377577,0,3,0,1
front_rear,0,1.4500000000000002,4,2,0.99574136735728236,0,0,-0.31754845144897315,0,-0.31754845144897315,0,3.6824515485510272,0,3,0,1
front_rear,0,1.4750000000000001,0,2,0.87873867246814608,3.8857805861880479e-15,0,0,0,3.8857805861880479e-15,0,4.0000000000000044,0,3,0,1
front_rear,0,1.4750000000000001,1,2,0.87873867246814608,3.8857805861880479e-15,0,-0.073914385974196806,0,-0.07391438597419292,0,3.9260856140258076,0,3,0,1
front_rear,0,1.4750000000000001,4,2,0.87873867246814608,3.8857805861880479e-15,0,-0.29565754389678706,0,-0.29565754389678317,0,3.704342456103217,0,3,0,1
front_rear,0,1.5,0,2,0.77548415663444015,0,0,0,0,0,0,4,0,3,0,1
front_rear,0,1.5,1,2,0.77548415663444015,0,0,-0.068818933665251991,0,-0.068818933665251991,0,3.931181066334748,0,3,0,1
front_rear,0,1.5,4,2,0.77548415663444015,0,0,-0.27527573466100796,0,-0.27527573466100796,0,3.7247242653389927,0,3,0,1
front_rear,0,1.5249999999999999,0,2,0.68436236623332247,-2.9420910152566648e-15,0,0,0,-2.9420910152566648e-15,0,3.9999999999999964,0,3,0,1
front_rear,0,1.5249999999999999,1,2,0.68436236623332247,-2.9420910152566648e-15,0,-0.064074747674636556,0,-0.064074747674639498,0,3.9359252523253598,0,3,0,1
front_rear,0,1.5249999999999999,4,2,0.68436236623332247,-2.9420910152566648e-15,0,-0.25629899069854606,0,-0.256298990698549,0,3.7437010093014509,0,3,0,1
front_rear,0,1.55,0,2,0.60394766844636782,0,0,0,0,0,0,4,0,3,0,1
front_rear,0,1.55,1,2,0.60394766844636782,0,0,-0.059657612678780614,0,-0.059657612678780614,0,3.9403423873212198,0,3,0,1
front_rear,0,1.55,4,2,0.60394766844636782,0,0,-0.23863045071512246,0,-0.23863045071512246,0,3.7613695492848778,0,3,0,1
front_rear,0,1.5750000000000002,0,2,0.53298194672711163,0,0,0,0,0,0,4,0,3,0,1
front_rear,0,1.5750000000000002,1,2,0.53298194672711163,0,0,-0.055544982691211608,0,-0.055544982691211608,0,3.9444550173087882,0,3,0,1
front_rear,0,1.5750000000000002,4,2,0.53298194672711163,0,0,-0.22217993076484654,0,-0.22217993076484654,0,3.7778200692351538,0,3,0,1
front_rear,0,1.6000000000000001,0,2,0.47035491712018085,2.0816681711721685e-15,0,0,0,2.0816681711721685e-15,0,4.0000000000000018,0,3,0,1
front_rear,0,1.6000000000000001,1,2,0.47035491712018085,2.0816681711721685e-15,0,-0.051715865983090997,0,-0.051715865983088916,0,3.948284134016911,0,3,0,1
front_rear,0,1.6000000000000001,4,2,0.47035491712018085,2.0816681711721685e-15,0,-0.20686346393236413,0,-0.20686346393236205,0,3.7931365360676379,0,3,0,1
front_rear,0,1.625,0,2,0.41508675747399482,0,0,0,0,0,0,4,0,3,0,1
front_rear,0,1.625,1,2,0.41508675747399482,0,0,-0.04815071793701764,0,-0.04815071793701764,0,3.9518492820629825,0,3,0,1
front_rear,0,1.625,4,2,0.41508675747399482,0,0,-0.1926028717480705,0,-0.1926028717480705,0,3.8073971282519299,0,3,0,1
front_rear,0,1.6499999999999999,0,2,0.36631277777468457,-1.609823385706477e-15,0,0,0,-1.609823385706477e-15,0,3.9999999999999982,0,3,0,1
front_rear,0,1.6499999999999999,1,2,0.36631277777468457,-1.609823385706477e-15,0,-0.044831341287184134,0,-0.044831341287185744,0,3.9551686587128145,0,3,0,1
front_rear,0,1.6499999999999999,4,2,0.36631277777468457,-1.609823385706477e-15,0,-0.17932536514873659,0,-0.1793253651487382,0,3.8206746348512617,0,3,0,1
front_rear,0,1.675,0,2,0.32326989176331639,0,0,0,0,0,0,4,0,3,0,1
front_rear,0,1.675,1,2,0.32326989176331639,0,0,-0.041740793236705154,0,-0.041740793236705154,0,3.9582592067632953,0,3,0,1
front_rear,0,1.675,4,2,0.32326989176331639,0,0,-0.16696317294682059,0,-0.16696317294682059,0,3.8330368270531796,0,3,0,1
front_rear,0,1.7000000000000002,0,2,0.2852846781799861,0,0,0,0,0,0,4,0,3,0,1
front_rear,0,1.7000000000000002,1,2,0.2852846781799861,0,0,-0.038863298978017741,0,-0.038863298978017741,0,3.961136701021982,0,3,0,1
front_rear,0,1.7000000000000002,4,2,0.2852846781799861,0,0,-0.15545319591207105,0,-0.15545319591207105,0,3.8445468040879289,0,3,0,1
front_rear,0,1.7250000000000001,0,2,0.25176284484867928,1.1102230246251565e-15,0,0,0,1.1102230246251565e-15,0,4.0000000000000018,0,3,0,1
front_rear,0,1.7250000000000001,1,2,0.25176284484867928,1.1102230246251565e-15,0,-0.036184171174941465,0,-0.036184171174940355,0,3.9638158288250596,0,3,0,1
front_rear,0,1.7250000000000001,4,2,0.25176284484867928,1.1102230246251565e-15,0,-0.14473668469976586,0,-0.14473668469976475,0,3.8552633153002356,0,3,0,1
front_rear,0,1.75,0,2,0.22217993076484613,0,0,0,0,0,0,3.9999999999999991,0,3,0,1
front_rear,0,1.75,1,2,0.22217993076484613,0,0,-0.033689734995427337,0,-0.033689734995427337,0,3.9663102650045716,0,3,0,1
front_rear,0,1.75,4,2,0.22217993076484613,0,0,-0.13475893998170935,0,-0.13475893998170935,0,3.86524106001829,0,3,0,1
front_rear,0,1.7750000000000001,0,2,0.19607310071643708,-8.6042284408449632e-16,0,0,0,-8.6042284408449632e-16,0,3.9999999999999991,0,3,0,1
front_rear,0,1.7750000000000001,1,2,0.19607310071643708,-8.6042284408449632e-16,0,-0.031367258312334598,0,-0.031367258312335458,0,3.968632741687665,0,3,0,1
front_rear,0,1.7750000000000001,4,2,0.19607310071643708,-8.6042284408449632e-16,0,-0.12546903324933831,0,-0.12546903324933917,0,3.8745309667506609,0,3,0,1
front_rear,0,1.8,0,2,0.17303390406241206,0,0,0,0,0,0,4,0,3,0,1
front_rear,0,1.8,1,2,0.17303390406241206,0,0,-0.02920488671597618,0,-0.02920488671597618,0,3.9707951132840247,0,3,0,1
front_rear,0,1.8,4,2,0.17303390406241206,0,0,-0.11681954686390471,0,-0.11681954686390471,0,3.8831804531360956,0,3,0,1
front_rear,0,1.825,0,2,0.15270188437719978,0,0,0,0,0,0,4,0,3,0,1
front_rear,0,1.825,1,2,0.15270188437719978,0,0,-0.027191583006717979,0,-0.027191583006717979,0,3.9728084169932814,0,3,0,1
front_rear,0,1.825,4,2,0.15270188437719978,0,0,-0.10876633202687191,0,-0.10876633202687191,0,3.8912336679731281,0,3,0,1
front_rear,0,1.8500000000000001,0,2,0.13475893998170904,5.2735593669694936e-16,0,0,0,5.2735593669694936e-16,0,4.0000000000000009,0,3,0,1
front_rear,0,1.8500000000000001,1,2,0.13475893998170904,5.2735593669694936e-16,0,-0.025317070858787358,0,-0.02531707085878683,0,3.9746829291412138,0,3,0,1
front_rear,0,1.8500000000000001,4,2,0.13475893998170904,5.2735593669694936e-16,0,-0.10126828343514943,0,-0.1012682834351489,0,3.8987317165648512,0,3,0,1
front_rear,0,1.875,0,2,0.11892434712944198,0,0,0,0,0,0,3.9999999999999991,0,3,0,1
front_rear,0,1.875,1,2,0.11892434712944198,0,0,-0.023571782367746354,0,-0.023571782367746354,0,3.976428217632253,0,3,0,1
front_rear,0,1.875,4,2,0.11892434712944198,0,0,-0.094287129470985415,0,-0.094287129470985415,0,3.9057128705290145,0,3,0,1
front_rear,0,1.9000000000000001,0,2,0.10495036798362806,-4.7184478546569153e-16,0,0,0,-4.7184478546569153e-16,0,4,0,3,0,1
front_rear,0,1.9000000000000001,1,2,0.10495036798362806,-4.7184478546569153e-16,0,-0.021946809213892277,0,-0.021946809213892748,0,3.9780531907861079,0,3,0,1
front_rear,0,1.9000000000000001,4,2,0.10495036798362806,-4.7184478546569153e-16,0,-0.08778723685556912,0,-0.087787236855569592,0,3.9122127631444306,0,3,0,1
front_rear,0,1.925,0,2,0.092618374670664666,0,0,0,0,0,0,3.9999999999999991,0,3,0,1
front_rear,0,1.925,1,2,0.092618374670664666,0,0,-0.020433857192320284,0,-0.020433857192320284,0,3.9795661428076801,0,3,0,1
front_rear,0,1.925,4,2,0.092618374670664666,0,0,-0.081735428769281124,0,-0.081735428769281124,0,3.9182645712307185,0,3,0,1
front_rear,0,1.9500000000000002,0,2,0.081735428769281693,0,0,0,0,0,0,4,0,3,0,1
front_rear,0,1.9500000000000002,1,2,0.081735428769281693,0,0,-0.019025203877556851,0,-0.019025203877556851,0,3.9809747961224429,0,3,0,1
front_rear,0,1.9500000000000002,4,2,0.081735428769281693,0,0,-0.07610081551022739,0,-0.07610081551022739,0,3.9238991844897719,0,3,0,1
front_rear,0,1.9750000000000001,0,2,0.072131262720314476,3.1918911957973251e-16,0,0,0,3.1918911957973251e-16,0,4.0000000000000009,0,3,0,1
front_rear,0,1.9750000000000001,1,2,0.072131262720314476,3.1918911957973251e-16,0,-0.017713659206673706,0,-0.017713659206673386,0,3.9822863407933271,0,3,0,1
front_rear,0,1.9750000000000001,4,2,0.072131262720314476,3.1918911957973251e-16,0,-0.070854636826694836,0,-0.070854636826694517,0,3.9291453631733058,0,3,0,1
front_rear,0,2,0,2,0.063655615930193393,0,0,0,0,0,0,3.9999999999999991,0,3,0,1
front_rear,0,2,1,2,0.063655615930193393,0,0,-0.016492528779695453,0,-0.016492528779695453,0,3.9835074712203049,0,3,0,1
front_rear,0,2,4,2,0.063655615930193393,0,0,-0.065970115118781827,0,-0.065970115118781827,0,3.9340298848812179,0,3,0,1
front_rear,0.80000000000000004,0.75,0,2,32.974425414002567,0,0,0,0,0,0,0.80000000000002292,0,0.80000000000002292,0,0
front_rear,0.80000000000000004,0.75,1,2,32.974425414002567,0,0,-2.1929816201548178,0,-2.1929816201548178,0,-1.3929816201547762,0,-1.3929816201547762,0,0
front_rear,0.80000000000000004,0.75,4,2,32.974425414002567,0,0,-8.7719264806192783,0,-8.7719264806192783,0,-7.9719264806192847,0,-3.0000000000000027,0,1
front_rear,0.80000000000000004,0.77500000000000002,0,2,29.099828292363977,0,0,0,0,0,0,0.80000000000002292,0,0.80000000000002292,0,0
front_rear,0.80000000000000004,0.77500000000000002,1,2,29.099828292363977,0,0,-2.1335549108944516,0,-2.1335549108944516,0,-1.3335549108944855,0,-1.3335549108944855,0,0
front_rear,0.80000000000000004,0.77500000000000002,4,2,29.099828292363977,0,0,-8.5342196435778011,0,-8.5342196435778011,0,-7.7342196435777888,0,-3.0000000000000027,0,1
front_rear,0.80000000000000004,0.80000000000000004,0,2,25.680508333754737,0,0,0,0,0,0,0.80000000000002292,0,0.80000000000002292,0,0
front_rear,0.80000000000000004,0.80000000000000004,1,2,25.680508333754737,0,0,-2.0757385816486966,0,-2.0757385816486966,0,-1.2757385816486444,0,-1.2757385816486444,0,0
front_rear,0.80000000000000004,0.80000000000000004,4,2,25.680508333754737,0,0,-8.3029543265947865,0,-8.3029543265947865,0,-7.5029543265947574,0,-3.0000000000000027,0,1
front_rear,0.80000000000000004,0.82499999999999996,0,2,22.662969061336607,0,0,0,0,0,0,0.80000000000002292,0,0.80000000000002292,0,0
front_rear,0.80000000000000004,0.82499999999999996,1,2,22.662969061336607,0,0,-2.0194889933901994,0,-2.0194889933901994,0,-1.2194889933901942,0,-1.2194889933901942,0,0
front_rear,0.80000000000000004,0.82499999999999996,4,2,22.662969061336607,0,0,-8.0779559735607993,0,-8.0779559735607993,0,-7.2779559735608457,0,-3.0000000000000027,0,1
front_rear,0.80000000000000004,0.84999999999999998,0,2,20.000000000000036,0,0,0,0,0,0,0.80000000000002292,0,0.80000000000002292,0,0
front_rear,0.80000000000000004,0.84999999999999998,1,2,20.000000000000036,0,0,-1.9647636896476897,0,-1.9647636896476897,0,-1.1647636896476854,0,-1.1647636896476854,0,0
front_rear,0.80000000000000004,0.84999999999999998,4,2,20.000000000000036,0,0,-7.8590547585907551,0,-7.8590547585907551,0,-7.0590547585906993,0,-3.0000000000000027,0,1
front_rear,0.80000000000000004,0.875,0,2,17.649938051691908,0,0,0,0,0,0,0.80000000000002292,0,0.80000000000002292,0,0
front_rear,0.80000000000000004,0.875,1,2,17.649938051691908,0,0,-1.9115213644604037,0,-1.9115213644604037,0,-1.111521364460355,0,-1.111521364460355,0,0
front_rear,0.80000000000000004,0.875,4,2,17.649938051691908,0,0,-7.6460854578416129,0,-7.6460854578416129,0,-6.8460854578415997,0,-3.0000000000000027,0,1
front_rear,0.80000000000000004,0.90000000000000002,0,2,15.576015661428071,0,0,0,0,0,0,0.80000000000002292,0,0.80000000000002292,0,0
front_rear,0.80000000000000004,0.90000000000000002,1,2,15.576015661428071,0,0,-1.8597218312008623,0,-1.8597218312008623,0,-1.0597218312008438,0,-1.0597218312008438,0,0
front_rear,0.80000000000000004,0.90000000000000002,4,2,15.576015661428071,0,0,-7.4388873248034466,0,-7.4388873248034466,0,-6.6388873248034441,0,-3.0000000000000027,0,1
front_rear,0.80000000000000004,0.92500000000000004,0,2,13.745785575819395,0,0,0,0,0,0,0.80000000000002292,0,0.80000000000002292,0,0
front_rear,0.80000000000000004,0.92500000000000004,1,2,13.745785575819395,0,0,-1.809325992242516,0,-1.809325992242516,0,-1.0093259922425712,0,-1.0093259922425712,0,0
front_rear,0.80000000000000004,0.92500000000000004,4,2,13.745785575819395,0,0,-7.2373039689700613,0,-7.2373039689700613,0,-6.4373039689700207,0,-3.0000000000000027,0,1
front_rear,0.80000000000000004,0.94999999999999996,0,2,12.130613194252714,0,0,0,0,0,0,0.80000000000002292,0,0.80000000000002292,0,0
front_rear,0.80000000000000004,0.94999999999999996,1,2,12.130613194252714,0,0,-1.760295809449361,0,-1.760295809449361,0,-0.96029580944934079,0,-0.96029580944934079,0,0
front_rear,0.80000000000000004,0.94999999999999996,4,2,12.130613194252714,0,0,-7.0411832377974459,0,-7.0411832377974459,0,-6.2411832377974319,0,-3.0000000000000027,0,1
front_rear,0.80000000000000004,0.97499999999999998,0,2,10.705228570379825,0,0,0,0,0,0,0.80000000000002292,0,0.80000000000002292,0,0
front_rear,0.80000000000000004,0.97499999999999998,1,2,10.705228570379825,0,0,-1.7125942754652286,0,-1.7125942754652286,0,-0.912594275465195,0,-0.912594275465195,0,0
front_rear,0.80000000000000004,0.97499999999999998,4,2,10.705228570379825,0,0,-6.8503771018609134,0,-6.8503771018609134,0,-6.0503771018609598,0,-3.0000000000000027,0,1
front_rear,0.80000000000000004,1,0,2,9.4473310548202942,0,0,0,0,0,0,0.80000000000002292,0,0.80000000000002292,0,0
front_rear,0.80000000000000004,1,1,2,9.4473310548202942,0,0,-1.6661853857811186,0,-1.6661853857811186,0,-0.86618538578109305,0,-0.86618538578109305,0,0
front_rear,0.80000000000000004,1,4,2,9.4473310548202942,0,0,-6.6647415431244754,0,-6.6647415431244754,0,-5.864741543124441,0,-3.0000000000000027,0,1
front_rear,0.80000000000000004,1.0249999999999999,0,2,8.3372403935701911,-3.730349362740526e-14,0,0,0,-3.730349362740526e-14,0,0.79999999999991189,0,0.79999999999991189,0,0
front_rear,0.80000000000000004,1.0249999999999999,1,2,8.3372403935701911,-3.730349362740526e-14,0,-1.6210341115594531,0,-1.6210341115594904,0,-0.82103411155953765,0,-0.82103411155953765,0,0
front_rear,0.80000000000000004,1.0249999999999999,4,2,8.3372403935701911,-3.730349362740526e-14,0,-6.4841364462378115,0,-6.4841364462378488,0,-5.6841364462378863,0,-3.0000000000000027,0,1
front_rear,0.80000000000000004,1.05,0,2,7.35758882342882,0,0,0,0,0,0,0.80000000000002292,0,0.80000000000002292,0,0
front_rear,0.80000000000000004,1.05,1,2,7.35758882342882,0,0,-1.577106373194737,0,-1.577106373194737,0,-0.77710637319472475,0,-0.77710637319472475,0,0
front_rear,0.80000000000000004,1.05,4,2,7.35758882342882,0,0,-6.308425492778948,0,-6.308425492778948,0,-5.5084254927789678,0,-3.0000000000000027,0,1
front_rear,0.80000000000000004,1.075,0,2,6.4930493471670179,0,0,0,0,0,0,0.80000000000002292,0,0.80000000000002292,0,0
front_rear,0.80000000000000004,1.075,1,2,6.4930493471670179,0,0,-1.534369014590748,0,-1.534369014590748,0,-0.73436901459078552,0,-0.73436901459078552,0,0
front_rear,0.80000000000000004,1.075,4,2,6.4930493471670179,0,0,-6.1374760583629913,0,-6.1374760583629913,0,-5.3374760583629888,0,-3.0000000000000027,0,1
front_rear,0.80000000000000004,1.1000000000000001,0,2,5.7300959372037861,2.5757174171303632e-14,0,0,0,2.5757174171303632e-14,0,0.80000000000002292,0,0.80000000000002292,0,0
front_rear,0.80000000000000004,1.1000000000000001,1,2,5.7300959372037861,2.5757174171303632e-14,0,-1.4927897781346884,0,-1.4927897781346626,0,-0.69278977813469478,0,-0.69278977813469478,0,0
front_rear,0.80000000000000004,1.1000000000000001,4,2,5.7300959372037861,2.5757174171303632e-14,0,-5.9711591125387535,0,-5.9711591125387278,0,-5.1711591125387368,0,-3.0000000000000027,0,1
front_rear,0.80000000000000004,1.125,0,2,5.0567919160949293,0,0,0,0,0,0,0.80000000000002292,0,0.80000000000002292,0,0
front_rear,0.80000000000000004,1.125,1,2,5.0567919160949293,0,0,-1.4523372803495986,0,-1.4523372803495986,0,-0.65233728034963523,0,-0.65233728034963523,0,0
front_rear,0.80000000000000004,1.125,4,2,5.0567919160949293,0,0,-5.8093491213983945,0,-5.8093491213983945,0,-5.0093491213983876,0,-3.0000000000000027,0,1
front_rear,0.80000000000000004,1.1499999999999999,0,2,4.4626032029686087,-1.9984014443252818e-14,0,0,0,-1.9984014443252818e-14,0,0.80000000000002292,0,0.80000000000002292,0,0
front_rear,0.80000000000000004,1.1499999999999999,1,2,4.4626032029686087,-1.9984014443252818e-14,0,-1.4129809882064697,0,-1.4129809882064897,0,-0.61298098820650182,0,-0.61298098820650182,0,0
front_rear,0.80000000000000004,1.1499999999999999,4,2,4.4626032029686087,-1.9984014443252818e-14,0,-5.6519239528258787,0,-5.6519239528258982,0,-4.851923952825854,0,-3.0000000000000027,0,1
front_rear,0.80000000000000004,1.175,0,2,3.9382335040838665,0,0,0,0,0,0,0.80000000000002292,0,0.80000000000002292,0,0
front_rear,0.80000000000000004,1.175,1,2,3.9382335040838665,0,0,-1.3746911960783197,0,-1.3746911960783197,0,-0.5746911960783363,0,-0.5746911960783363,0,0
front_rear,0.80000000000000004,1.175,4,2,3.9382335040838665,0,0,-5.4987647843132788,0,-5.4987647843132788,0,-4.6987647843133029,0,-3.0000000000000027,0,1
front_rear,0.80000000000000004,1.2,0,2,3.4754788690089149,0,0,0,0,0,0,0.80000000000002292,0,0.80000000000002292,0,0
front_rear,0.80000000000000004,1.2,1,2,3.4754788690089149,0,0,-1.3374390033187826,0,-1.3374390033187826,0,-0.53743900331881811,0,-0.53743900331881811,0,0
front_rear,0.80000000000000004,1.2,4,2,3.4754788690089149,0,0,-5.3497560132751296,0,-5.3497560132751296,0,-4.5497560132751191,0,-3.0000000000000027,0,1
front_rear,0.80000000000000004,1.2250000000000001,0,2,3.0670993368985613,1.354472090042691e-14,0,0,0,1.354472090042691e-14,0,0.80000000000002292,0,0.80000000000002292,0,0
front_rear,0.80000000000000004,1.2250000000000001,1,2,3.0670993368985613,1.354472090042691e-14,0,-1.3011962924482288,0,-1.3011962924482152,0,-0.50119629244826935,0,-0.50119629244826935,0,0
front_rear,0.80000000000000004,1.2250000000000001,4,2,3.0670993368985613,1.354472090042691e-14,0,-5.2047851697929159,0,-5.2047851697929026,0,-4.4047851697929241,0,-3.0000000000000027,0,1
front_rear,0.80000000000000004,1.25,0,2,2.706705664732254,0,0,0,0,0,0,0.80000000000002292,0,0.80000000000002292,0,0
front_rear,0.80000000000000004,1.25,1,2,2.706705664732254,0,0,-1.2659357079310969,0,-1.2659357079310969,0,-0.46593570793107553,0,-0.46593570793107553,0,0
front_rear,0.80000000000000004,1.25,4,2,2.706705664732254,0,0,-5.0637428317243867,0,-5.0637428317243867,0,-4.2637428317243709,0,-3.0000000000000027,0,1
front_rear,0.80000000000000004,1.2749999999999999,0,2,2.3886593653343988,-1.0658141036401503e-14,0,0,0,-1.0658141036401503e-14,0,0.80000000000002292,0,0.80000000000002292,0,0
front_rear,0.80000000000000004,1.2749999999999999,1,2,2.3886593653343988,-1.0658141036401503e-14,0,-1.2316306355282447,0,-1.2316306355282554,0,-0.4316306355282018,0,-0.4316306355282018,0,0
front_rear,0.80000000000000004,1.2749999999999999,4,2,2.3886593653343988,-1.0658141036401503e-14,0,-4.9265225421129788,0,-4.9265225421129895,0,-4.126522542112987,0,-3.0000000000000027,0,1
front_rear,0.80000000000000004,1.3,0,2,2.1079844912372794,0,0,0,0,0,0,0.80000000000002292,0,0.80000000000002292,0,0
front_rear,0.80000000000000004,1.3,1,2,2.1079844912372794,0,0,-1.1982551822088778,0,-1.1982551822088778,0,-0.39825518220892864,0,-0.39825518220892864,0,0
front_rear,0.80000000000000004,1.3,4,2,2.1079844912372794,0,0,-4.7930207288355113,0,-4.7930207288355113,0,-3.9930207288355613,0,-3.0000000000000027,0,1
front_rear,0.80000000000000004,1.3250000000000002,0,2,1.8602897842132762,0,0,0,0,0,0,0.80000000000002292,0,0.80000000000002292,0,0
front_rear,0.80000000000000004,1.3250000000000002,1,2,1.8602897842132762,0,0,-1.1657841566068368,0,-1.1657841566068368,0,-0.36578415660681873,0,-0.36578415660681873,0,0
front_rear,0.80000000000000004,1.3250000000000002,4,2,1.8602897842132762,0,0,-4.6631366264273471,0,-4.6631366264273471,0,-3.8631366264273437,0,-3.0000000000000027,0,1
front_rear,0.80000000000000004,1.3500000000000001,0,2,1.6416999724779715,7.2164496600635175e-15,0,0,0,7.2164496600635175e-15,0,0.80000000000002292,0,0.80000000000002292,0,0
front_rear,0.80000000000000004,1.3500000000000001,1,2,1.6416999724779715,7.2164496600635175e-15,0,-1.1341930500064388,0,-1.1341930500064317,0,-0.33419305000648158,0,-0.33419305000648158,0,0
front_rear,0.80000000000000004,1.3500000000000001,4,2,1.6416999724779715,7.2164496600635175e-15,0,-4.5367722000257551,0,-4.536772200025748,0,-3.736772200025773,0,-3.0000000000000027,0,1
front_rear,0.80000000000000004,1.375,0,2,1.448795140685029,0,0,0,0,0,0,0.80000000000002292,0,0.80000000000002292,0,0
front_rear,0.80000000000000004,1.375,1,2,1.448795140685029,0,0,-1.1034580178436515,0,-1.1034580178436515,0,-0.30345801784370519,0,-0.30345801784370519,0,0
front_rear,0.80000000000000004,1.375,4,2,1.448795140685029,0,0,-4.413832071374606,0,-4.413832071374606,0,-3.6138320713745564,0,-3.0000000000000027,0,1
front_rear,0.80000000000000004,1.3999999999999999,0,2,1.278557224134155,-5.6621374255882984e-15,0,0,0,-5.6621374255882984e-15,0,0.80000000000002292,0,0.80000000000002292,0,0
front_rear,0.80000000000000004,1.3999999999999999,1,2,1.278557224134155,-5.6621374255882984e-15,0,-1.0735558617084879,0,-1.0735558617084935,0,-0.27355586170851875,0,-0.27355586170851875,0,0
front_rear,0.80000000000000004,1.3999999999999999,4,2,1.278557224134155,-5.6621374255882984e-15,0,-4.2942234468339526,0,-4.294223446833958,0,-3.4942234468339217,0,-3.0000000000000027,0,1
front_rear,0.80000000000000004,1.425,0,2,1.128322790075543,0,0,0,0,0,0,0.80000000000002292,0,0.80000000000002292,0,0
front_rear,0.80000000000000004,1.425,1,2,1.128322790075543,0,0,-1.044464011835156,0,-1.044464011835156,0,-0.24446401183519928,0,-0.24446401183519928,0,0
front_rear,0.80000000000000004,1.425,4,2,1.128322790075543,0,0,-4.1778560473406241,0,-4.1778560473406241,0,-3.3778560473406438,0,-3.0000000000000027,0,1
front_rear,0.80000000000000004,1.4500000000000002,0,2,0.99574136735728236,0,0,0,0,0,0,0.80000000000002292,0,0.80000000000002292,0,0
front_rear,0.80000000000000004,1.4500000000000002,1,2,0.99574136735728236,0,0,-1.0161605100667006,0,-1.0161605100667006,0,-0.21616051006667636,0,-0.21616051006667636,0,0
front_rear,0.80000000000000004,1.4500000000000002,4,2,0.99574136735728236,0,0,-4.0646420402668015,0,-4.0646420402668015,0,-3.2646420402667742,0,-3.0000000000000027,0,1
front_rear,0.80000000000000004,1.4750000000000001,0,2,0.87873867246814608,3.8857805861880479e-15,0,0,0,3.8857805861880479e-15,0,0.80000000000002292,0,0.80000000000002292,0,0
front_rear,0.80000000000000004,1.4750000000000001,1,2,0.87873867246814608,3.8857805861880479e-15,0,-0.98862399328123673,0,-0.98862399328123285,0,-0.18862399328123391,0,-0.18862399328123391,0,0
front_rear,0.80000000000000004,1.4750000000000001,4,2,0.87873867246814608,3.8857805861880479e-15,0,-3.9544959731249465,0,-3.9544959731249425,0,-3.1544959731248934,0,-3.0000000000000027,0,1
front_rear,0.80000000000000004,1.5,0,2,0.77548415663444015,0,0,0,0,0,0,0.80000000000002292,0,0.80000000000002292,0,0
front_rear,0.80000000000000004,1.5,1,2,0.77548415663444015,0,0,-0.96183367726737168,0,-0.96183367726737168,0,-0.16183367726740894,0,-0.16183367726740894,0,0
front_rear,0.80000000000000004,1.5,4,2,0.77548415663444015,0,0,-3.8473347090694863,0,-3.8473347090694863,0,-3.0473347090694825,0,-3.0000000000000027,0,1
front_rear,0.80000000000000004,1.5249999999999999,0,2,0.68436236623332247,-2.9420910152566648e-15,0,0,0,-2.9420910152566648e-15,0,0.80000000000002292,0,0.80000000000002292,0,0
front_rear,0.80000000000000004,1.5249999999999999,1,2,0.68436236623332247,-2.9420910152566648e-15,0,-0.93576934103651865,0,-0.93576934103652165,0,-0.13576934103654015,0,-0.13576934103654015,0,0
front_rear,0.80000000000000004,1.5249999999999999,4,2,0.68436236623332247,-2.9420910152566648e-15,0,-3.7430773641460742,0,-3.7430773641460773,0,-2.9430773641461183,0,-2.9430773641461183,0,0
front_rear,0.80000000000000004,1.55,0,2,0.60394766844636782,0,0,0,0,0,0,0.80000000000002292,0,0.80000000000002292,0,0
front_rear,0.80000000000000004,1.55,1,2,0.60394766844636782,0,0,-0.91041131156036514,0,-0.91041131156036514,0,-0.11041131156031003,0,-0.11041131156031003,0,0
front_rear,0.80000000000000004,1.55,4,2,0.60394766844636782,0,0,-3.6416452462414606,0,-3.6416452462414606,0,-2.8416452462414199,0,-2.8416452462414199,0,0
front_rear,0.80000000000000004,1.5750000000000002,0,2,0.53298194672711163,0,0,0,0,0,0,0.80000000000002292,0,0.80000000000002292,0,0
front_rear,0.80000000000000004,1.5750000000000002,1,2,0.53298194672711163,0,0,-0.88574044892193315,0,-0.88574044892193315,0,-0.085740448921955981,0,-0.085740448921955981,0,0
front_rear,0.80000000000000004,1.5750000000000002,4,2,0.53298194672711163,0,0,-3.5429617956877331,0,-3.5429617956877331,0,-2.7429617956877816,0,-2.7429617956877816,0,0
front_rear,0.80000000000000004,1.6000000000000001,0,2,0.47035491712018085,2.0816681711721685e-15,0,0,0,2.0816681711721685e-15,0,0.80000000000002292,0,0.80000000000002292,0,0
front_rear,0.80000000000000004,1.6000000000000001,1,2,0.47035491712018085,2.0816681711721685e-15,0,-0.86173813186898862,0,-0.86173813186898651,0,-0.061738131868938062,0,-0.061738131868938062,0,0
front_rear,0.80000000000000004,1.6000000000000001,4,2,0.47035491712018085,2.0816681711721685e-15,0,-3.446952527475954,0,-3.4469525274759518,0,-2.646952527475932,0,-2.646952527475932,0,0
front_rear,0.80000000000000004,1.625,0,2,0.41508675747399482,0,0,0,0,0,0,0.80000000000002292,0,0.80000000000002292,0,0
front_rear,0.80000000000000004,1.625,1,2,0.41508675747399482,0,0,-0.83838624375898529,0,-0.83838624375898529,0,-0.038386243758958827,0,-0.038386243758958827,0,0
front_rear,0.80000000000000004,1.625,4,2,0.41508675747399482,0,0,-3.3535449750359412,0,-3.3535449750359412,0,-2.5535449750359041,0,-2.5535449750359041,0,0
front_rear,0.80000000000000004,1.6499999999999999,0,2,0.36631277777468457,-1.609823385706477e-15,0,0,0,-1.609823385706477e-15,0,0.80000000000002292,0,0.80000000000002292,0,0
front_rear,0.80000000000000004,1.6499999999999999,1,2,0.36631277777468457,-1.609823385706477e-15,0,-0.81566715888483232,0,-0.81566715888483388,0,-0.015667158884791199,0,-0.015667158884791199,0,0
front_rear,0.80000000000000004,1.6499999999999999,4,2,0.36631277777468457,-1.609823385706477e-15,0,-3.2626686355393293,0,-3.2626686355393311,0,-2.4626686355393446,0,-2.4626686355393446,0,0
front_rear,0.80000000000000004,1.675,0,2,0.32326989176331639,0,0,0,0,0,0,0.80000000000002292,0,0.80000000000002292,0,0
front_rear,0.80000000000000004,1.675,1,2,0.32326989176331639,0,0,-0.79356372917124363,0,-0.79356372917124363,0,0.0064362708287468706,0,0.0064362708287468706,0,0
front_rear,0.80000000000000004,1.675,4,2,0.32326989176331639,0,0,-3.1742549166849745,0,-3.1742549166849745,0,-2.3742549166849702,0,-2.3742549166849702,0,0
front_rear,0.80000000000000004,1.7000000000000002,0,2,0.2852846781799861,0,0,0,0,0,0,0.80000000000002292,0,0.80000000000002292,0,0
front_rear,0.80000000000000004,1.7000000000000002,1,2,0.2852846781799861,0,0,-0.77205927123160001,0,-0.77205927123160001,0,0.027940728768438561,0,0.027940728768438561,0,0
front_rear,0.80000000000000004,1.7000000000000002,4,2,0.2852846781799861,0,0,-3.0882370849264,0,-3.0882370849264,0,-2.2882370849264255,0,-2.2882370849264255,0,0
front_rear,0.80000000000000004,1.7250000000000001,0,2,0.25176284484867928,1.1102230246251565e-15,0,0,0,1.1102230246251565e-15,0,0.80000000000002292,0,0.80000000000002292,0,0
front_rear,0.80000000000000004,1.7250000000000001,1,2,0.25176284484867928,1.1102230246251565e-15,0,-0.75113755377551983,0,-0.75113755377551872,0,0.048862446224484657,0,0.048862446224484657,0,0
front_rear,0.80000000000000004,1.7250000000000001,4,2,0.25176284484867928,1.1102230246251565e-15,0,-3.0045502151020793,0,-3.0045502151020784,0,-2.2045502151021301,0,-2.2045502151021301,0,0
front_rear,0.80000000000000004,1.75,0,2,0.22217993076484613,0,0,0,0,0,0,0.80000000000002292,0,0.80000000000002292,0,0
front_rear,0.80000000000000004,1.75,1,2,0.22217993076484613,0,0,-0.73078278535771213,0,-0.73078278535771213,0,0.069217214642258718,0,0.069217214642258718,0,0
front_rear,0.80000000000000004,1.75,4,2,0.22217993076484613,0,0,-2.9231311414308485,0,-2.9231311414308485,0,-2.1231311414308118,0,-2.1231311414308118,0,0
front_rear,0.80000000000000004,1.7750000000000001,0,2,0.19607310071643708,-8.6042284408449632e-16,0,0,0,-8.6042284408449632e-16,0,0.80000000000002292,0,0.80000000000002292,0,0
front_rear,0.80000000000000004,1.7750000000000001,1,2,0.19607310071643708,-8.6042284408449632e-16,0,-0.71097960245877545,0,-0.71097960245877634,0,0.089020397541217378,0,0.089020397541217378,0,0
front_rear,0.80000000000000004,1.7750000000000001,4,2,0.19607310071643708,-8.6042284408449632e-16,0,-2.8439184098351018,0,-2.8439184098351027,0,-2.0439184098350882,0,-2.0439184098350882,0,0
front_rear,0.80000000000000004,1.8,0,2,0.17303390406241206,0,0,0,0,0,0,0.80000000000002292,0,0.80000000000002292,0,0
front_rear,0.80000000000000004,1.8,1,2,0.17303390406241206,0,0,-0.69171305788901716,0,-0.69171305788901716,0,0.1082869421109578,0,0.1082869421109578,0,0
front_rear,0.80000000000000004,1.8,4,2,0.17303390406241206,0,0,-2.7668522315560686,0,-2.7668522315560686,0,-1.9668522315560155,0,-1.9668522315560155,0,0
front_rear,0.80000000000000004,1.825,0,2,0.15270188437719978,0,0,0,0,0,0,0.80000000000002292,0,0.80000000000002292,0,0
front_rear,0.80000000000000004,1.825,1,2,0.15270188437719978,0,0,-0.67296860950651438,0,-0.67296860950651438,0,0.12703139049352608,0,0.12703139049352608,0,0
front_rear,0.80000000000000004,1.825,4,2,0.15270188437719978,0,0,-2.691874438026058,0,-2.691874438026058,0,-1.8918744380260755,0,-1.8918744380260755,0,0
front_rear,0.80000000000000004,1.8500000000000001,0,2,0.13475893998170904,5.2735593669694936e-16,0,0,0,5.2735593669694936e-16,0,0.80000000000002292,0,0.80000000000002292,0,0
front_rear,0.80000000000000004,1.8500000000000001,1,2,0.13475893998170904,5.2735593669694936e-16,0,-0.65473210924087255,0,-0.654732109240872,0,0.14526789075908209,0,0.14526789075908209,0,0
front_rear,0.80000000000000004,1.8500000000000001,4,2,0.13475893998170904,5.2735593669694936e-16,0,-2.6189284369634898,0,-2.6189284369634893,0,-1.8189284369635184,0,-1.8189284369635184,0,0
front_rear,0.80000000000000004,1.875,0,2,0.11892434712944198,0,0,0,0,0,0,0.80000000000002292,0,0.80000000000002292,0,0
front_rear,0.80000000000000004,1.875,1,2,0.11892434712944198,0,0,-0.63698979241446141,0,-0.63698979241446141,0,0.16301020758557883,0,0.16301020758557883,0,0
front_rear,0.80000000000000004,1.875,4,2,0.11892434712944198,0,0,-2.5479591696578456,0,-2.5479591696578456,0,-1.7479591696578645,0,-1.7479591696578645,0,0
front_rear,0.80000000000000004,1.9000000000000001,0,2,0.10495036798362806,-4.7184478546569153e-16,0,0,0,-4.7184478546569153e-16,0,0.80000000000002292,0,0.80000000000002292,0,0
front_rear,0.80000000000000004,1.9000000000000001,1,2,0.10495036798362806,-4.7184478546569153e-16,0,-0.61972826735299635,0,-0.6197282673529968,0,0.18027173264700824,0,0.18027173264700824,0,0
front_rear,0.80000000000000004,1.9000000000000001,4,2,0.10495036798362806,-4.7184478546569153e-16,0,-2.4789130694119854,0,-2.4789130694119859,0,-1.6789130694120358,0,-1.6789130694120358,0,0
front_rear,0.80000000000000004,1.925,0,2,0.092618374670664666,0,0,0,0,0,0,0.80000000000002292,0,0.80000000000002292,0,0
front_rear,0.80000000000000004,1.925,1,2,0.092618374670664666,0,0,-0.60293450527768022,0,-0.60293450527768022,0,0.19706549472231494,0,0.19706549472231494,0,0
front_rear,0.80000000000000004,1.925,4,2,0.092618374670664666,0,0,-2.4117380211107209,0,-2.4117380211107209,0,-1.611738021110698,0,-1.611738021110698,0,0
front_rear,0.80000000000000004,1.9500000000000002,0,2,0.081735428769281693,0,0,0,0,0,0,0.80000000000002292,0,0.80000000000002292,0,0
front_rear,0.80000000000000004,1.9500000000000002,1,2,0.081735428769281693,0,0,-0.58659583047125419,0,-0.58659583047125419,0,0.21340416952875252,0,0.21340416952875252,0,0
front_rear,0.80000000000000004,1.9500000000000002,4,2,0.081735428769281693,0,0,-2.3463833218850167,0,-2.3463833218850167,0,-1.5463833218850587,0,-1.5463833218850587,0,0
front_rear,0.80000000000000004,1.9750000000000001,0,2,0.072131262720314476,3.1918911957973251e-16,0,0,0,3.1918911957973251e-16,0,0.80000000000002292,0,0.80000000000002292,0,0
front_rear,0.80000000000000004,1.9750000000000001,1,2,0.072131262720314476,3.1918911957973251e-16,0,-0.57069991071051251,0,-0.57069991071051218,0,0.22930008928945256,0,0.22930008928945256,0,0
front_rear,0.80000000000000004,1.9750000000000001,4,2,0.072131262720314476,3.1918911957973251e-16,0,-2.2827996428420505,0,-2.2827996428420501,0,-1.4827996428420365,0,-1.4827996428420365,0,0
front_rear,0.80000000000000004,2,0,2,0.063655615930193393,0,0,0,0,0,0,0.80000000000002292,0,0.80000000000002292,0,0
front_rear,0.80000000000000004,2,1,2,0.063655615930193393,0,0,-0.55523474795811523,0,-0.55523474795811523,0,0.2447652520418675,0,0.2447652520418675,0,0
front_rear,0.80000000000000004,2,4,2,0.063655615930193393,0,0,-2.2209389918324609,0,-2.2209389918324609,0,-1.4209389918324877,0,-1.4209389918324877,0,0
dual_edge,0,0.75,0,2,32.974425414002432,2.8739105386346728,0,0,0,2.8739105386346728,0,6.8739105386346733,0,3,0,1
dual_edge,0,0.75,1,2,32.974425414002432,2.8739105386346728,0,0.051125195297401227,0,2.9250357339320741,0,6.9250357339320736,0,3,0,1
dual_edge,0,0.75,4,2,32.974425414002432,2.8739105386346728,0,0.20450078118960535,0,3.0784113198242782,0,7.0784113198242782,0,3,0,1
dual_edge,0,0.77500000000000002,0,2,29.099828292364109,2.5362171486502887,0,0,0,2.5362171486502887,0,6.5362171486502891,0,3,0,1
dual_edge,0,0.77500000000000002,1,2,29.099828292364109,2.5362171486502887,0,0.047600766446509901,0,2.5838179150967986,0,6.5838179150967981,0,3,0,1
dual_edge,0,0.77500000000000002,4,2,29.099828292364109,2.5362171486502887,0,0.1904030657860396,0,2.7266202144363283,0,6.7266202144363287,0,3,0,1
dual_edge,0,0.80000000000000004,0,2,25.680508333754808,2.238203777965813,0,0,0,2.238203777965813,0,6.238203777965813,0,3,0,1
dual_edge,0,0.80000000000000004,1,2,25.680508333754808,2.238203777965813,0,0.044319301923729348,0,2.2825230798895424,0,6.2825230798895433,0,3,0,1
dual_edge,0,0.80000000000000004,4,2,25.680508333754808,2.238203777965813,0,0.17727720769491695,0,2.41548098566073,0,6.4154809856607304,0,3,0,1
dual_edge,0,0.82499999999999996,0,2,22.662969061336444,1.9752079014079702,0,0,0,1.9752079014079702,0,5.9752079014079698,0,3.0000000000000004,0,1
dual_edge,0,0.82499999999999996,1,2,22.662969061336444,1.9752079014079702,0,0.041264052443648946,0,2.0164719538516191,0,6.0164719538516191,0,3,0,1
dual_edge,0,0.82499999999999996,4,2,22.662969061336444,1.9752079014079702,0,0.16505620977459623,0,2.1402641111825664,0,6.1402641111825673,0,3,0,1
dual_edge,0,0.84999999999999998,0,2,20.000000000000036,1.7431148549531708,0,0,0,1.7431148549531708,0,5.7431148549531699,0,3,0,1
dual_edge,0,0.84999999999999998,1,2,20.000000000000036,1.7431148549531708,0,0.038419423370036565,0,1.7815342783232073,0,5.7815342783232069,0,3,0,1
dual_edge,0,0.84999999999999998,4,2,20.000000000000036,1.7431148549531708,0,0.15367769348014626,0,1.896792548433317,0,5.8967925484333179,0,3,0,1
dual_edge,0,0.875,0,2,17.64993805169188,1.5382934603453682,0,0,0,1.5382934603453682,0,5.5382934603453684,0,3,0,1
dual_edge,0,0.875,1,2,17.64993805169188,1.5382934603453682,0,0.035770895117531731,0,1.5740643554628999,0,5.5740643554628999,0,3,0,1
dual_edge,0,0.875,4,2,17.64993805169188,1.5382934603453682,0,0.14308358047012737,0,1.6813770408154955,0,5.6813770408154962,0,2.9999999999999996,0,1
dual_edge,0,0.90000000000000002,0,2,15.576015661428029,1.3575392140209264,0,0,0,1.3575392140209264,0,5.3575392140209264,0,3,0,1
dual_edge,0,0.90000000000000002,1,2,15.576015661428029,1.3575392140209264,0,0.033304949040630305,0,1.3908441630615567,0,5.3908441630615567,0,3,0,1
dual_edge,0,0.90000000000000002,4,2,15.576015661428029,1.3575392140209264,0,0.133219796162521,0,1.4907590101834474,0,5.4907590101834476,0,3,0,1
dual_edge,0,0.92500000000000004,0,2,13.745785575819456,1.1980241515106052,0,0,0,1.1980241515106052,0,5.1980241515106052,0,3,0,1
dual_edge,0,0.92500000000000004,1,2,13.745785575819456,1.1980241515106052,0,0.031008998431670154,0,1.2290331499422753,0,5.2290331499422749,0,2.9999999999999996,0,1
dual_edge,0,0.92500000000000004,4,2,13.745785575819456,1.1980241515106052,0,0.12403599372668084,0,1.322060145237286,0,5.3220601452372858,0,3,0,1
dual_edge,0,0.94999999999999996,0,2,12.130613194252653,1.0572526029296248,0,0,0,1.0572526029296248,0,5.0572526029296245,0,3,0,1
dual_edge,0,0.94999999999999996,1,2,12.130613194252653,1.0572526029296248,0,0.028871324275628441,0,1.0861239272052532,0,5.0861239272052536,0,3,0,1
dual_edge,0,0.94999999999999996,4,2,12.130613194252653,1.0572526029296248,0,0.11548529710251376,0,1.1727379000321385,0,5.1727379000321392,0,3,0,1
dual_edge,0,0.97499999999999998,0,2,10.705228570379848,0.93302214733490396,0,0,0,0.93302214733490396,0,4.9330221473349045,0,3,0,1
dual_edge,0,0.97499999999999998,1,2,10.705228570379848,0.93302214733490396,0,0.026881015433802835,0,0.9599031627687068,0,4.9599031627687076,0,3.0000000000000004,0,1
dual_edge,0,0.97499999999999998,4,2,10.705228570379848,0.93302214733490396,0,0.10752406173521145,0,1.0405462090701154,0,5.040546209070115,0,2.9999999999999996,0,1
dual_edge,0,1,0,2,9.4473310548203067,0.82338915506588062,0,0,0,0.82338915506588062,0,4.8233891550658807,0,3,0,1
dual_edge,0,1,1,2,9.4473310548203067,0.82338915506588062,0,0.025027912951063325,0,0.84841706801694394,0,4.8484170680169445,0,3,0,1
dual_edge,0,1,4,2,9.4473310548203067,0.82338915506588062,0,0.10011165180425308,0,0.92350080687013369,0,4.923500806870134,0,3,0,1
dual_edge,0,1.0249999999999999,0,2,8.3372403935701556,0.72663837896738637,0,0,0,0.72663837896738637,0,4.7266383789673867,0,2.9999999999999996,0,1
dual_edge,0,1.0249999999999999,1,2,8.3372403935701556,0.72663837896738637,0,0.023302558202407231,0,0.7499409371697936,0,4.7499409371697929,0,3,0,1
dual_edge,0,1.0249999999999999,4,2,8.3372403935701556,0.72663837896738637,0,0.093210232809628701,0,0.81984861177701507,0,4.8198486117770152,0,3,0,1
dual_edge,0,1.05,0,2,7.357588823428804,0.64125611873780863,0,0,0,0.64125611873780863,0,4.6412561187378092,0,3,0,1
dual_edge,0,1.05,1,2,7.357588823428804,0.64125611873780863,0,-0.22629192309383617,0,0.41496419564397247,0,4.4149641956439716,0,3,0,1
dual_edge,0,1.05,4,2,7.357588823428804,0.64125611873780863,0,-0.90516769237534478,0,-0.26391157363753615,0,3.7360884263624641,0,3,0,1
dual_edge,0,1.075,0,2,6.4930493471669948,0.5659065385495412,0,0,0,0.5659065385495412,0,4.565906538549541,0,3,0,1
dual_edge,0,1.075,1,2,6.4930493471669948,0.5659065385495412,0,0.020200472713309159,0,0.58610701126285036,0,4.5861070112628504,0,3,0,1
dual_edge,0,1.075,4,2,6.4930493471669948,0.5659065385495412,0,0.080801890853236635,0,0.64670842940277784,0,4.6467084294027785,0,3,0,1
dual_edge,0,1.1000000000000001,0,2,5.7300959372037941,0.49941076742233104,0,0,0,0.49941076742233104,0,4.4994107674223311,0,3,0,1
dual_edge,0,1.1000000000000001,1,2,5.7300959372037941,0.49941076742233104,0,0.018807908275788821,0,0.51821867569811986,0,4.5182186756981206,0,3,0,1
dual_edge,0,1.1000000000000001,4,2,5.7300959372037941,0.49941076742233104,0,0.075231633103155393,0,0.57464240052548643,0,4.5746424005254873,0,3,0,1
dual_edge,0,1.125,0,2,5.0567919160949462,0.44072845536760663,0,0,0,0.44072845536760663,0,4.4407284553676067,0,3,0,1
dual_edge,0,1.125,1,2,5.0567919160949462,0.44072845536760663,0,0.017511343359674303,0,0.45823979872728093,0,4.4582397987272806,0,3,0,1
dual_edge,0,1.125,4,2,5.0567919160949462,0.44072845536760663,0,0.070045373438697323,0,0.51077382880630395,0,4.510773828806304,0,3,0,1
dual_edge,0,1.1499999999999999,0,2,4.4626032029685989,0.38894149674280576,0,0,0,0.38894149674280576,0,4.388941496742806,0,3,0,1
dual_edge,0,1.1499999999999999,1,2,4.4626032029685989,0.38894149674280576,0,0.016304160024809944,0,0.4052456567676157,0,4.4052456567676153,0,3,0,1
dual_edge,0,1.1499999999999999,4,2,4.4626032029685989,0.38894149674280576,0,0.065216640099239664,0,0.45415813684204542,0,4.4541581368420449,0,3,0,1
dual_edge,0,1.175,0,2,3.938233504083871,0.3432396661621423,0,0,0,0.3432396661621423,0,4.3432396661621429,0,3,0,1
dual_edge,0,1.175,1,2,3.938233504083871,0.3432396661621423,0,0.015180196553438718,0,0.35841986271558102,0,4.3584198627155804,0,3,0,1
dual_edge,0,1.175,4,2,3.938233504083871,0.3432396661621423,0,0.060720786213754985,0,0.40396045237589728,0,4.4039604523758982,0,3,0,1
dual_edge,0,1.2,0,2,3.4754788690089109,0.30290794223226364,0,0,0,0.30290794223226364,0,4.3029079422322631,0,3,0,1
dual_edge,0,1.2,1,2,3.4754788690089109,0.30290794223226364,0,0.014133715999498087,0,0.31704165823176172,0,4.3170416582317621,0,3,0,1
dual_edge,0,1.2,4,2,3.4754788690089109,0.30290794223226364,0,0.056534863997992402,0,0.35944280623025604,0,4.3594428062302555,0,3,0,1
dual_edge,0,1.2250000000000001,0,2,3.0670993368985671,0.26731532078824594,0,0,0,0.26731532078824594,0,4.2673153207882457,0,3,0,1
dual_edge,0,1.2250000000000001,1,2,3.0670993368985671,0.26731532078824594,0,0.01315937690603991,0,0.28047469769428585,0,4.2804746976942862,0,3,0,1
dual_edge,0,1.2250000000000001,4,2,3.0670993368985671,0.26731532078824594,0,0.052637507624159585,0,0.31995282841240552,0,4.319952828412406,0,3,0,1
dual_edge,0,1.25,0,2,2.7067056647322452,0.23590494260903438,0,0,0,0.23590494260903438,0,4.2359049426090341,0,3,0,1
dual_edge,0,1.25,1,2,2.7067056647322452,0.23590494260903438,0,0.012252206041310443,0,0.24815714865034483,0,4.2481571486503444,0,3,0,1
dual_edge,0,1.25,4,2,2.7067056647322452,0.23590494260903438,0,0.049008824165241716,0,0.2849137667742761,0,4.2849137667742756,0,3,0,1
dual_edge,0,1.2749999999999999,0,2,2.3886593653343988,0.20818538115686813,0,0,0,0.20818538115686813,0,4.2081853811568681,0,3,0,1
dual_edge,0,1.2749999999999999,1,2,2.3886593653343988,0.20818538115686813,0,0.011407573014328931,0,0.21959295417119706,0,4.2195929541711976,0,3,0,1
dual_edge,0,1.2749999999999999,4,2,2.3886593653343988,0.20818538115686813,0,0.045630292057315724,0,0.25381567321418386,0,4.2538156732141843,0,3,0,1
dual_edge,0,1.3,0,2,2.1079844912372865,0.18372295403432937,0,0,0,0.18372295403432937,0,4.1837229540343301,0,3,0,1
dual_edge,0,1.3,1,2,2.1079844912372865,0.18372295403432937,0,0.010621166640397695,0,0.19434412067472706,0,4.1943441206747263,0,3,0,1
dual_edge,0,1.3,4,2,2.1079844912372865,0.18372295403432937,0,0.042484666561590778,0,0.22620762059592014,0,4.22620762059592,0,3,0,1
dual_edge,0,1.3250000000000002,0,2,1.860289784213264,0.1621349378689875,0,0,0,0.1621349378689875,0,4.1621349378689878,0,3,0,1
dual_edge,0,1.3250000000000002,1,2,1.860289784213264,0.1621349378689875,0,0.0098889729359082912,0,0.17202391080489579,0,4.1720239108048958,0,3,0,1
dual_edge,0,1.3250000000000002,4,2,1.860289784213264,0.1621349378689875,0,0.039555891743633165,0,0.20169082961262066,0,4.2016908296126214,0,3,0,1
dual_edge,0,1.3500000000000001,0,2,1.6416999724779813,0.14308358047012865,0,0,0,0.14308358047012865,0,4.1430835804701278,0,3.0000000000000004,0,1
dual_edge,0,1.3500000000000001,1,2,1.6416999724779813,0.14308358047012865,0,0.0092072546301246727,0,0.15229083510025332,0,4.1522908351002528,0,2.9999999999999996,0,1
dual_edge,0,1.3500000000000001,4,2,1.6416999724779813,0.14308358047012865,0,0.036829018520498746,0,0.17991259899062739,0,4.1799125989906276,0,3,0,1
dual_edge,0,1.375,0,2,1.4487951406850279,0.12627081657560194,0,0,0,0.12627081657560194,0,4.1262708165756017,0,3,0,1
dual_edge,0,1.375,1,2,1.4487951406850279,0.12627081657560194,0,0.0085725320893665635,0,0.1348433486649685,0,4.1348433486649689,0,3,0,1
dual_edge,0,1.375,4,2,1.4487951406850279,0.12627081657560194,0,0.034290128357466254,0,0.16056094493306819,0,4.1605609449330689,0,3,0,1
dual_edge,0,1.3999999999999999,0,2,1.2785572241341581,0.11143360451479728,0,0,0,0.11143360451479728,0,4.1114336045147972,0,3,0,1
dual_edge,0,1.3999999999999999,1,2,1.2785572241341581,0.11143360451479728,0,0.0079815655562276017,0,0.11941517007102488,0,4.1194151700710258,0,3,0,1
dual_edge,0,1.3999999999999999,4,2,1.2785572241341581,0.11143360451479728,0,0.031926262224910407,0,0.14335986673970769,0,4.1433598667397078,0,3,0,1
dual_edge,0,1.425,0,2,1.1283227900755479,0.098339810828145108,0,0,0,0.098339810828145108,0,4.0983398108281452,0,3,0,1
dual_edge,0,1.425,1,2,1.1283227900755479,0.098339810828145108,0,0.0074313386131711484,0,0.10577114944131626,0,4.1057711494413169,0,3.0000000000000004,0,1
dual_edge,0,1.425,4,2,1.1283227900755479,0.098339810828145108,0,0.029725354452684566,0,0.12806516528082967,0,4.1280651652808302,0,3,0,1
dual_edge,0,1.4500000000000002,0,2,0.99574136735727792,0.086784578456591904,0,0,0,0.086784578456591904,0,4.0867845784565926,0,3,0,1
dual_edge,0,1.4500000000000002,1,2,0.99574136735727792,0.086784578456591904,0,0.0069190427861009624,0,0.093703621242692867,0,4.0937036212426925,0,3,0,1
dual_edge,0,1.4500000000000002,4,2,0.99574136735727792,0.086784578456591904,0,0.027676171144403836,0,0.11446074960099574,0,4.1144607496009957,0,3,0,1
dual_edge,0,1.4750000000000001,0,2,0.87873867246814397,0.076587121680051981,0,0,0,0.076587121680051981,0,4.0765871216800527,0,3,0,1
dual_edge,0,1.4750000000000001,1,2,0.87873867246814397,0.076587121680051981,0,0.0064420632093181995,0,0.083029184889370181,0,4.0830291848893694,0,3,0,1
dual_edge,0,1.4750000000000001,4,2,0.87873867246814397,0.076587121680051981,0,0.025768252837272784,0,0.10235537451732477,0,4.1023553745173249,0,3,0,1
dual_edge,0,1.5,0,2,0.77548415663444203,0.067587897660516066,0,0,0,0.067587897660516066,0,4.0675878976605162,0,3,0,1
dual_edge,0,1.5,1,2,0.77548415663444203,0.067587897660516066,0,0.0059979652786968651,0,0.073585862939212932,0,4.073585862939213,0,3,0,1
dual_edge,0,1.5,4,2,0.77548415663444203,0.067587897660516066,0,0.023991861114787447,0,0.091579758775303513,0,4.0915797587753033,0,3,0,1
dual_edge,0,1.5249999999999999,0,2,0.68436236623331959,0.059646110337609907,0,0,0,0.059646110337609907,0,4.05964611033761,0,3,0,1
dual_edge,0,1.5249999999999999,1,2,0.68436236623331959,0.059646110337609907,0,0.0055844822249517048,0,0.065230592562561612,0,4.0652305925625623,0,3,0,1
dual_edge,0,1.5249999999999999,4,2,0.68436236623331959,0.059646110337609907,0,0.022337928899806826,0,0.081984039237416734,0,4.0819840392374172,0,3,0,1
dual_edge,0,1.55,0,2,0.60394766844637282,0.052637507624160224,0,0,0,0.052637507624160224,0,4.0526375076241603,0,3,0,1
dual_edge,0,1.55,1,2,0.60394766844637282,0.052637507624160224,0,0.0051995035435712447,0,0.057837011167731468,0,4.0578370111677309,0,3,0,1
dual_edge,0,1.55,4,2,0.60394766844637282,0.052637507624160224,0,0.020798014174284993,0,0.073435521798445216,0,4.0734355217984444,0,3,0,1
dual_edge,0,1.5750000000000002,0,2,0.53298194672711041,0.046452437438094352,0,0,0,0.046452437438094352,0,4.046452437438095,0,3,0,1
dual_edge,0,1.5750000000000002,1,2,0.53298194672711041,0.046452437438094352,0,0.0048410642223583461,0,0.051293501660452698,0,4.051293501660453,0,3,0,1
dual_edge,0,1.5750000000000002,4,2,0.53298194672711041,0.046452437438094352,0,0.019364256889433398,0,0.06581669432752775,0,4.0658166943275269,0,3,0,1
dual_edge,0,1.6000000000000001,0,2,0.47035491712018146,0.040994132156622391,0,0,0,0.040994132156622391,0,4.040994132156623,0,3,0,1
dual_edge,0,1.6000000000000001,1,2,0.47035491712018146,0.040994132156622391,0,0.0045073347115946599,0,0.045501466868217051,0,4.0455014668682168,0,3,0,1
dual_edge,0,1.6000000000000001,4,2,0.47035491712018146,0.040994132156622391,0,0.01802933884637864,0,0.059023471003001031,0,4.0590234710030018,0,3,0,1
dual_edge,0,1.625,0,2,0.4150867574739967,0.036177194652363132,0,0,0,0.036177194652363132,0,4.0361771946523639,0,3,0,1
dual_edge,0,1.625,1,2,0.4150867574739967,0.036177194652363132,0,0.0041966115856337596,0,0.040373806237996891,0,4.0403738062379961,0,3,0,1
dual_edge,0,1.625,4,2,0.4150867574739967,0.036177194652363132,0,0.016786446342535025,0,0.052963640994898156,0,4.0529636409948981,0,3,0,1
dual_edge,0,1.6499999999999999,0,2,0.36631277777468435,0.031926262224910414,0,0,0,0.031926262224910414,0,4.0319262622249106,0,3,0,1
dual_edge,0,1.6499999999999999,1,2,0.36631277777468435,0.031926262224910414,0,0.0039073088482582743,0,0.035833571073168688,0,4.0358335710731694,0,3,0,1
dual_edge,0,1.6499999999999999,4,2,0.36631277777468435,0.031926262224910414,0,0.01562923539303309,0,0.047555497617943504,0,4.0475554976179442,0,3,0,1
dual_edge,0,1.675,0,2,0.32326989176331666,0.028174827524586925,0,0,0,0.028174827524586925,0,4.0281748275245874,0,3,0,1
dual_edge,0,1.675,1,2,0.32326989176331666,0.028174827524586925,0,0.0036379498374214704,0,0.031812777362008396,0,4.031812777362008,0,3,0,1
dual_edge,0,1.675,4,2,0.32326989176331666,0.028174827524586925,0,0.014551799349685871,0,0.042726626874272797,0,4.0427266268742734,0,3,0,1
dual_edge,0,1.7000000000000002,0,2,0.2852846781799861,0.02486419802130338,0,0,0,0.02486419802130338,0,4.0248641980213034,0,3,0,1
dual_edge,0,1.7000000000000002,1,2,0.2852846781799861,0.02486419802130338,0,0.0033871596880534309,0,0.028251357709356811,0,4.0282513577093564,0,3,0,1
dual_edge,0,1.7000000000000002,4,2,0.2852846781799861,0.02486419802130338,0,0.013548638752213724,0,0.038412836773517103,0,4.0384128367735173,0,3,0,1
dual_edge,0,1.7250000000000001,0,2,0.25176284484867995,0.021942577739050208,0,0,0,0.021942577739050208,0,4.0219425777390505,0,3,0,1
dual_edge,0,1.7250000000000001,1,2,0.25176284484867995,0.021942577739050208,0,0.0031536583144604335,0,0.025096236053510641,0,4.0250962360535105,0,3,0,1
dual_edge,0,1.7250000000000001,4,2,0.25176284484867995,0.021942577739050208,0,0.012614633257841727,0,0.034557210996891935,0,4.0345572109968924,0,3,0,1
dual_edge,0,1.75,0,2,0.22217993076484532,0.019364256889433461,0,0,0,0.019364256889433461,0,4.0193642568894337,0,3,0,1
dual_edge,0,1.75,1,2,0.22217993076484532,0.019364256889433461,0,0.0029362538764982245,0,0.022300510765931685,0,4.0223005107659322,0,3,0,1
dual_edge,0,1.75,4,2,0.22217993076484532,0.019364256889433461,0,0.011745015505992894,0,0.031109272395426355,0,4.031109272395426,0,3,0,1
dual_edge,0,1.7750000000000001,0,2,0.19607310071643724,0.017088896725777406,0,0,0,0.017088896725777406,0,4.0170888967257774,0,3,0,1
dual_edge,0,1.7750000000000001,1,2,0.19607310071643724,0.017088896725777406,0,0.0027338366961691674,0,0.019822733421946574,0,4.0198227334219467,0,3,0,1
dual_edge,0,1.7750000000000001,4,2,0.19607310071643724,0.017088896725777406,0,0.010935346784676673,0,0.028024243510454079,0,4.0280242435104547,0,3,0,1
dual_edge,0,1.8,0,2,0.17303390406241267,0.015080898429086564,0,0,0,0.015080898429086564,0,4.0150808984290869,0,3,0,1
dual_edge,0,1.8,1,2,0.17303390406241267,0.015080898429086564,0,0.0025453735935921165,0,0.01762627202267868,0,4.0176262720226781,0,3,0,1
dual_edge,0,1.8,4,2,0.17303390406241267,0.015080898429086564,0,0.01018149437436847,0,0.025262392803455033,0,4.0252623928034552,0,3,0,1
dual_edge,0,1.825,0,2,0.15270188437719884,0.013308846151861767,0,0,0,0.013308846151861767,0,4.0133088461518618,0,3,0,1
dual_edge,0,1.825,1,2,0.15270188437719884,0.013308846151861767,0,0.0023699026134350928,0,0.01567874876529686,0,4.0156787487652963,0,3,0,1
dual_edge,0,1.825,4,2,0.15270188437719884,0.013308846151861767,0,0.0094796104537403763,0,0.022788456605602143,0,4.0227884566056016,0,3,0,1
dual_edge,0,1.8500000000000001,0,2,0.13475893998170974,0.011745015505993011,0,0,0,0.011745015505993011,0,4.0117450155059924,0,3,0,1
dual_edge,0,1.8500000000000001,1,2,0.13475893998170974,0.011745015505993011,0,0.0022065281148927179,0,0.013951543620885729,0,4.0139515436208857,0,3,0,1
dual_edge,0,1.8500000000000001,4,2,0.13475893998170974,0.011745015505993011,0,0.0088261124595708732,0,0.020571127965563884,0,4.0205711279655638,0,3,0,1
dual_edge,0,1.875,0,2,0.11892434712944187,0.010364939804846859,0,0,0,0.010364939804846859,0,4.0103649398048464,0,3,0,1
dual_edge,0,1.875,1,2,0.11892434712944187,0.010364939804846859,0,0.0020544162001470776,0,0.012419356004993937,0,4.0124193560049939,0,3,0,1
dual_edge,0,1.875,4,2,0.11892434712944187,0.010364939804846859,0,0.0082176648005883104,0,0.01858260460543517,0,4.0185826046054345,0,3,0,1
dual_edge,0,1.9000000000000001,0,2,0.10495036798362729,0.0091470272732531131,0,0,0,0.0091470272732531131,0,4.0091470272732526,0,3,0,1
dual_edge,0,1.9000000000000001,1,2,0.10495036798362729,0.0091470272732531131,0,0.0019127904579779118,0,0.011059817731231025,0,4.0110598177312315,0,3,0,1
dual_edge,0,1.9000000000000001,4,2,0.10495036798362729,0.0091470272732531131,0,0.0076511618319116473,0,0.01679818910516476,0,4.016798189105165,0,3,0,1
dual_edge,0,1.925,0,2,0.092618374670665179,0.00807222323650276,0,0,0,0.00807222323650276,0,4.0080722232365034,0,3,0,1
dual_edge,0,1.925,1,2,0.092618374670665179,0.00807222323650276,0,0.0017809280007962513,0,0.0098531512372990113,0,4.0098531512372997,0,3,0,1
dual_edge,0,1.925,4,2,0.092618374670665179,0.00807222323650276,0,0.0071237120031850034,0,0.015195935239687763,0,4.0151959352396887,0,3,0,1
dual_edge,0,1.9500000000000002,0,2,0.081735428769281332,0.0071237120031849973,0,0,0,0.0071237120031849973,0,4.0071237120031853,0,3,0,1
dual_edge,0,1.9500000000000002,1,2,0.081735428769281332,0.0071237120031849973,0,0.0016581557748740873,0,0.0087818677780590847,0,4.0087818677780582,0,3,0,1
dual_edge,0,1.9500000000000002,4,2,0.081735428769281332,0.0071237120031849973,0,0.0066326230994963502,0,0.013756335102681348,0,4.0137563351026806,0,3,0,1
dual_edge,0,1.9750000000000001,0,2,0.072131262720314407,0.0062866537777154551,0,0,0,0.0062866537777154551,0,4.0062866537777158,0,3,0,1
dual_edge,0,1.9750000000000001,1,2,0.072131262720314407,0.0062866537777154551,0,0.0015438471249365404,0,0.0078305009026519955,0,4.0078305009026511,0,3,0,1
dual_edge,0,1.9750000000000001,4,2,0.072131262720314407,0.0062866537777154551,0,0.0061753884997461641,0,0.012462042277461619,0,4.0124620422774608,0,3,0,1
dual_edge,0,2,0,2,0.063655615930193504,0.0055479524864556753,0,0,0,0.0055479524864556753,0,4.0055479524864559,0,3,0,1
dual_edge,0,2,1,2,0.063655615930193504,0.0055479524864556753,0,0.0014374185955814871,0,0.0069853710820371624,0,4.0069853710820365,0,3,0,1
dual_edge,0,2,4,2,0.063655615930193504,0.0055479524864556753,0,0.0057496743823259476,0,0.011297626868781623,0,4.0112976268687817,0,3,0,1
dual_edge,0.80000000000000004,0.75,0,2,32.974425414002432,2.8739105386346728,0,0,0,2.8739105386346728,0,3.6739105386346393,0,3.0000000000000027,0,1
dual_edge,0.80000000000000004,0.75,1,2,32.974425414002432,2.8739105386346728,0,0.11162510596597519,0,2.985535644600648,0,3.7855356446006017,0,3.0000000000000027,0,1
dual_edge,0.80000000000000004,0.75,4,2,32.974425414002432,2.8739105386346728,0,0.44650042386390165,0,3.3204109624985745,0,4.1204109624985996,0,3.0000000000000027,0,1
dual_edge,0.80000000000000004,0.77500000000000002,0,2,29.099828292364109,2.5362171486502887,0,0,0,2.5362171486502887,0,3.336217148650289,0,3.0000000000000027,0,1
dual_edge,0.80000000000000004,0.77500000000000002,1,2,29.099828292364109,2.5362171486502887,0,0.10730902748572824,0,2.6435261761360169,0,3.4435261761359692,0,3.0000000000000027,0,1
dual_edge,0.80000000000000004,0.77500000000000002,4,2,29.099828292364109,2.5362171486502887,0,0.42923610994291295,0,2.9654532585932016,0,3.7654532585932321,0,3.0000000000000027,0,1
dual_edge,0.80000000000000004,0.80000000000000004,0,2,25.680508333754808,2.238203777965813,0,0,0,2.238203777965813,0,3.03820377796582,0,3.0000000000000027,0,1
dual_edge,0.80000000000000004,0.80000000000000004,1,2,25.680508333754808,2.238203777965813,0,0.10315983380515048,0,2.3413636117709635,0,3.1413636117709753,0,3.0000000000000027,0,1
dual_edge,0.80000000000000004,0.80000000000000004,4,2,25.680508333754808,2.238203777965813,0,0.41263933522060237,0,2.6508431131864154,0,3.4508431131864414,0,3.0000000000000027,0,1
dual_edge,0.80000000000000004,0.82499999999999996,0,2,22.662969061336444,1.9752079014079702,0,0,0,1.9752079014079702,0,2.77520790140795,0,2.77520790140795,0,0
dual_edge,0.80000000000000004,0.82499999999999996,1,2,22.662969061336444,1.9752079014079702,0,0.099171072183294573,0,2.0743789735912648,0,2.8743789735912184,0,2.8743789735912184,0,0
dual_edge,0.80000000000000004,0.82499999999999996,4,2,22.662969061336444,1.9752079014079702,0,0.39668428873317874,0,2.3718921901411489,0,3.1718921901411345,0,3.0000000000000027,0,1
dual_edge,0.80000000000000004,0.84999999999999998,0,2,20.000000000000036,1.7431148549531708,0,0,0,1.7431148549531708,0,2.5431148549531768,0,2.5431148549531768,0,0
dual_edge,0.80000000000000004,0.84999999999999998,1,2,20.000000000000036,1.7431148549531708,0,0.09533653937985731,0,1.8384513943330281,0,2.6384513943330523,0,2.6384513943330523,0,0
dual_edge,0.80000000000000004,0.84999999999999998,4,2,20.000000000000036,1.7431148549531708,0,0.38134615751942924,0,2.1244610124726,0,2.9244610124725678,0,2.9244610124725678,0,0
dual_edge,0.80000000000000004,0.875,0,2,17.64993805169188,1.5382934603453682,0,0,0,1.5382934603453682,0,2.3382934603454197,0,2.3382934603454197,0,0
dual_edge,0.80000000000000004,0.875,1,2,17.64993805169188,1.5382934603453682,0,0.091650272008031441,0,1.6299437323533996,0,2.4299437323533901,0,2.4299437323533901,0,0
dual_edge,0.80000000000000004,0.875,4,2,17.64993805169188,1.5382934603453682,0,0.36660108803212577,0,1.9048945483774939,0,2.7048945483775233,0,2.7048945483775233,0,0
dual_edge,0.80000000000000004,0.90000000000000002,0,2,15.576015661428029,1.3575392140209264,0,0,0,1.3575392140209264,0,2.1575392140209537,0,2.1575392140209537,0,0
dual_edge,0.80000000000000004,0.90000000000000002,1,2,15.576015661428029,1.3575392140209264,0,0.088106537260370432,0,1.4456457512812968,0,2.2456457512812777,0,2.2456457512812777,0,0
dual_edge,0.80000000000000004,0.90000000000000002,4,2,15.576015661428029,1.3575392140209264,0,0.35242614904148128,0,1.7099653630624077,0,2.5099653630623608,0,2.5099653630623608,0,0
dual_edge,0.80000000000000004,0.92500000000000004,0,2,13.745785575819456,1.1980241515106052,0,0,0,1.1980241515106052,0,1.9980241515106245,0,1.9980241515106245,0,0
dual_edge,0.80000000000000004,0.92500000000000004,1,2,13.745785575819456,1.1980241515106052,0,0.084699823993242385,0,1.2827239755038475,0,2.0827239755037974,0,2.0827239755037974,0,0
dual_edge,0.80000000000000004,0.92500000000000004,4,2,13.745785575819456,1.1980241515106052,0,0.33879929597296932,0,1.5368234474835745,0,2.3368234474835381,0,2.3368234474835381,0,0
dual_edge,0.80000000000000004,0.94999999999999996,0,2,12.130613194252653,1.0572526029296248,0,0,0,1.0572526029296248,0,1.8572526029295711,0,1.8572526029295711,0,0
dual_edge,0.80000000000000004,0.94999999999999996,1,2,12.130613194252653,1.0572526029296248,0,0.081424834156014203,0,1.138677437085639,0,1.9386774370856452,0,1.9386774370856452,0,0
dual_edge,0.80000000000000004,0.94999999999999996,4,2,12.130613194252653,1.0572526029296248,0,0.32569933662405703,0,1.3829519395536818,0,2.1829519395536456,0,2.1829519395536456,0,0
dual_edge,0.80000000000000004,0.97499999999999998,0,2,10.705228570379848,0.93302214733490396,0,0,0,0.93302214733490396,0,1.7330221473349505,0,1.7330221473349505,0,0
dual_edge,0.80000000000000004,0.97499999999999998,1,2,10.705228570379848,0.93302214733490396,0,0.078276474551626785,0,1.0112986218865307,0,1.811298621886559,0,1.811298621886559,0,0
dual_edge,0.80000000000000004,0.97499999999999998,4,2,10.705228570379848,0.93302214733490396,0,0.31310589820650681,0,1.2461280455414108,0,2.0461280455413844,0,2.0461280455413844,0,0
dual_edge,0.80000000000000004,1,0,2,9.4473310548203067,0.82338915506588062,0,0,0,0.82338915506588062,0,1.6233891550658797,0,1.6233891550658797,0,0
dual_edge,0.80000000000000004,1,1,2,9.4473310548203067,0.82338915506588062,0,0.075249848915767248,0,0.89863900398164787,0,1.6986390039815946,0,1.6986390039815946,0,0
dual_edge,0.80000000000000004,1,4,2,9.4473310548203067,0.82338915506588062,0,0.3009993956630691,0,1.1243885507289497,0,1.9243885507289615,0,1.9243885507289615,0,0
dual_edge,0.80000000000000004,1.0249999999999999,0,2,8.3372403935701556,0.72663837896738637,0,0,0,0.72663837896738637,0,1.5266383789673821,0,1.5266383789673821,0,0
dual_edge,0.80000000000000004,1.0249999999999999,1,2,8.3372403935701556,0.72663837896738637,0,0.072340250302293296,0,0.79897862926967966,0,1.5989786292697206,0,1.5989786292697206,0,0
dual_edge,0.80000000000000004,1.0249999999999999,4,2,8.3372403935701556,0.72663837896738637,0,0.28936100120917352,0,1.0159993801765599,0,1.815999380176514,0,1.815999380176514,0,0
dual_edge,0.80000000000000004,1.05,0,2,7.357588823428804,0.64125611873780863,0,0,0,0.64125611873780863,0,1.4412561187377992,0,1.4412561187377992,0,0
dual_edge,0.80000000000000004,1.05,1,2,7.357588823428804,0.64125611873780863,0,0.069543153763089838,0,0.71079927250089847,0,1.5107992725008623,0,1.5107992725008623,0,0
dual_edge,0.80000000000000004,1.05,4,2,7.357588823428804,0.64125611873780863,0,0.27817261505235913,0,0.91942873379016776,0,1.7194287337901626,0,1.7194287337901626,0,0
dual_edge,0.80000000000000004,1.075,0,2,6.4930493471669948,0.5659065385495412,0,0,0,0.5659065385495412,0,1.3659065385495106,0,1.3659065385495106,0,0
dual_edge,0.80000000000000004,1.075,1,2,6.4930493471669948,0.5659065385495412,0,0.066854209310959867,0,0.63276074786050107,0,1.4327607478604731,0,1.4327607478604731,0,0
dual_edge,0.80000000000000004,1.075,4,2,6.4930493471669948,0.5659065385495412,0,0.26741683724383947,0,0.83332337579338067,0,1.6333233757933607,0,1.6333233757933607,0,0
dual_edge,0.80000000000000004,1.1000000000000001,0,2,5.7300959372037941,0.49941076742233104,0,0,0,0.49941076742233104,0,1.2994107674223487,0,1.2994107674223487,0,0
dual_edge,0.80000000000000004,1.1000000000000001,1,2,5.7300959372037941,0.49941076742233104,0,0.064269235154617022,0,0.56368000257694806,0,1.3636800025769169,0,1.3636800025769169,0,0
dual_edge,0.80000000000000004,1.1000000000000001,4,2,5.7300959372037941,0.49941076742233104,0,0.25707694061846798,0,0.75648770804079901,0,1.5564877080408435,0,1.5564877080408435,0,0
dual_edge,0.80000000000000004,1.125,0,2,5.0567919160949462,0.44072845536760663,0,0,0,0.44072845536760663,0,1.2407284553676012,0,1.2407284553676012,0,0
dual_edge,0.80000000000000004,1.125,1,2,5.0567919160949462,0.44072845536760663,0,0.061784211195244021,0,0.50251266656285065,0,1.3025126665628939,0,1.3025126665628939,0,0
dual_edge,0.80000000000000004,1.125,4,2,5.0567919160949462,0.44072845536760663,0,0.24713684478097597,0,0.6878653001485826,0,1.4878653001485498,0,1.4878653001485498,0,0
dual_edge,0.80000000000000004,1.1499999999999999,0,2,4.4626032029685989,0.38894149674280576,0,0,0,0.38894149674280576,0,1.188941496742757,0,1.188941496742757,0,0
dual_edge,0.80000000000000004,1.1499999999999999,1,2,4.4626032029685989,0.38894149674280576,0,0.059395272774523999,0,0.44833676951732976,0,1.2483367695172998,0,1.2483367695172998,0,0
dual_edge,0.80000000000000004,1.1499999999999999,4,2,4.4626032029685989,0.38894149674280576,0,0.237581091098096,0,0.62652258784090176,0,1.4265225878409282,0,1.4265225878409282,0,0
dual_edge,0.80000000000000004,1.175,0,2,3.938233504083871,0.3432396661621423,0,0,0,0.3432396661621423,0,1.1432396661621436,0,1.1432396661621436,0,0
dual_edge,0.80000000000000004,1.175,1,2,3.938233504083871,0.3432396661621423,0,0.05709870466439948,0,0.40033837082654178,0,1.2003383708265591,0,1.2003383708265591,0,0
dual_edge,0.80000000000000004,1.175,4,2,3.938233504083871,0.3432396661621423,0,0.22839481865759803,0,0.57163448481974033,0,1.3716344848196949,0,1.3716344848196949,0,0
dual_edge,0.80000000000000004,1.2,0,2,3.4754788690089109,0.30290794223226364,0,0,0,0.30290794223226364,0,1.102907942232223,0,1.102907942232223,0,0
dual_edge,0.80000000000000004,1.2,1,2,3.4754788690089109,0.30290794223226364,0,0.054890935289225729,0,0.35779887752148937,0,1.1577988775215431,0,1.1577988775215431,0,0
dual_edge,0.80000000000000004,1.2,4,2,3.4754788690089109,0.30290794223226364,0,0.21956374115690286,0,0.5224716833891665,0,1.3224716833891703,0,1.3224716833891703,0,0
dual_edge,0.80000000000000004,1.2250000000000001,0,2,3.0670993368985671,0.26731532078824594,0,0,0,0.26731532078824594,0,1.0673153207882979,0,1.0673153207882979,0,0
dual_edge,0.80000000000000004,1.2250000000000001,1,2,3.0670993368985671,0.26731532078824594,0,0.052768531171330624,0,0.32008385195957656,0,1.1200838519596079,0,1.1200838519596079,0,0
dual_edge,0.80000000000000004,1.2250000000000001,4,2,3.0670993368985671,0.26731532078824594,0,0.2110741246853225,0,0.47838944547356843,0,1.2783894454735378,0,1.2783894454735378,0,0
dual_edge,0.80000000000000004,1.25,0,2,2.7067056647322452,0.23590494260903438,0,0,0,0.23590494260903438,0,1.0359049426090783,0,1.0359049426090783,0,0
dual_edge,0.80000000000000004,1.25,1,2,2.7067056647322452,0.23590494260903438,0,0.050728191591340122,0,0.28663313420037451,0,1.086633134200321,0,1.086633134200321,0,0
dual_edge,0.80000000000000004,1.25,4,2,2.7067056647322452,0.23590494260903438,0,0.2029127663653606,0,0.43881770897439498,0,1.2388177089743824,0,1.2388177089743824,0,0
dual_edge,0.80000000000000004,1.2749999999999999,0,2,2.3886593653343988,0.20818538115686813,0,0,0,0.20818538115686813,0,1.0081853811568786,0,1.0081853811568786,0,0
dual_edge,0.80000000000000004,1.2749999999999999,1,2,2.3886593653343988,0.20818538115686813,0,0.048766743454967898,0,0.25695212461183603,0,1.0569521246118763,0,1.0569521246118763,0,0
dual_edge,0.80000000000000004,1.2749999999999999,4,2,2.3886593653343988,0.20818538115686813,0,0.19506697381987159,0,0.40325235497673972,0,1.2032523549767582,0,1.2032523549767582,0,0
dual_edge,0.80000000000000004,1.3,0,2,2.1079844912372865,0.18372295403432937,0,0,0,0.18372295403432937,0,0.98372295403437171,0,0.98372295403437171,0,0
dual_edge,0.80000000000000004,1.3,1,2,2.1079844912372865,0.18372295403432937,0,0.046881136358280895,0,0.23060409039261026,0,1.0306040903925728,0,1.0306040903925728,0,0
dual_edge,0.80000000000000004,1.3,4,2,2.1079844912372865,0.18372295403432937,0,0.18752454543312363,0,0.371247499467453,0,1.1712474994673983,0,1.1712474994673983,0,0
dual_edge,0.80000000000000004,1.3250000000000002,0,2,1.860289784213264,0.1621349378689875,0,0,0,0.1621349378689875,0,0.96213493786900806,0,0.96213493786900806,0,0
dual_edge,0.80000000000000004,1.3250000000000002,1,2,1.860289784213264,0.1621349378689875,0,0.045068437843778703,0,0.2072033757127662,0,1.0072033757128063,0,1.0072033757128063,0,0
dual_edge,0.80000000000000004,1.3250000000000002,4,2,1.860289784213264,0.1621349378689875,0,0.18027375137511478,0,0.34240868924410228,0,1.1424086892440899,0,1.1424086892440899,0,0
dual_edge,0.80000000000000004,1.3500000000000001,0,2,1.6416999724779813,0.14308358047012865,0,0,0,0.14308358047012865,0,0.94308358047012764,0,0.94308358047012764,0,0
dual_edge,0.80000000000000004,1.3500000000000001,1,2,1.6416999724779813,0.14308358047012865,0,0.043325828839892833,0,0.18640940931002148,0,0.98640940931005172,0,0.98640940931005172,0,0
dual_edge,0.80000000000000004,1.3500000000000001,4,2,1.6416999724779813,0.14308358047012865,0,0.17330331535957133,0,0.31638689582969998,0,1.116386895829713,0,1.116386895829713,0,0
dual_edge,0.80000000000000004,1.375,0,2,1.4487951406850279,0.12627081657560194,0,0,0,0.12627081657560194,0,0.92627081657559174,0,0.92627081657559174,0,0
dual_edge,0.80000000000000004,1.375,1,2,1.4487951406850279,0.12627081657560194,0,0.041650599276823908,0,0.16792141585242584,0,0.96792141585244629,0,0.96792141585244629,0,0
dual_edge,0.80000000000000004,1.375,4,2,1.4487951406850279,0.12627081657560194,0,0.1666023971072956,0,0.29287321368289754,0,1.0928732136828989,0,1.0928732136828989,0,0
dual_edge,0.80000000000000004,1.3999999999999999,0,2,1.2785572241341581,0.11143360451479728,0,0,0,0.11143360451479728,0,0.91143360451484412,0,0.91143360451484412,0,0
dual_edge,0.80000000000000004,1.3999999999999999,1,2,1.2785572241341581,0.11143360451479728,0,0.040040143871898859,0,0.15147374838669614,0,0.95147374838666643,0,0.95147374838666643,0,0
dual_edge,0.80000000000000004,1.3999999999999999,4,2,1.2785572241341581,0.11143360451479728,0,0.16016057548759549,0,0.27159418000239277,0,1.0715941800023554,0,1.0715941800023554,0,0
dual_edge,0.80000000000000004,1.425,0,2,1.1283227900755479,0.098339810828145108,0,0,0,0.098339810828145108,0,0.89833981082809711,0,0.89833981082809711,0,0
dual_edge,0.80000000000000004,1.425,1,2,1.1283227900755479,0.098339810828145108,0,0.038491958077886551,0,0.13683176890603166,0,0.93683176890602127,0,0.93683176890602127,0,0
dual_edge,0.80000000000000004,1.425,4,2,1.1283227900755479,0.098339810828145108,0,0.15396783231154623,0,0.25230764313969134,0,1.0523076431396827,0,1.0523076431396827,0,0
dual_edge,0.80000000000000004,1.4500000000000002,0,2,0.99574136735727792,0.086784578456591904,0,0,0,0.086784578456591904,0,0.88678457845658976,0,0.88678457845658976,0,0
dual_edge,0.80000000000000004,1.4500000000000002,1,2,0.99574136735727792,0.086784578456591904,0,0.037003634187979084,0,0.12378821264457099,0,0.92378821264460509,0,0.92378821264460509,0,0
dual_edge,0.80000000000000004,1.4500000000000002,4,2,0.99574136735727792,0.086784578456591904,0,0.14801453675191634,0,0.23479911520850824,0,1.0347991152085401,0,1.0347991152085401,0,0
dual_edge,0.80000000000000004,1.4750000000000001,0,2,0.87873867246814397,0.076587121680051981,0,0,0,0.076587121680051981,0,0.87658712168003916,0,0.87658712168003916,0,0
dual_edge,0.80000000000000004,1.4750000000000001,1,2,0.87873867246814397,0.076587121680051981,0,0.035572857591372853,0,0.11215997927142483,0,0.91215997927140968,0,0.91215997927140968,0,0
dual_edge,0.80000000000000004,1.4750000000000001,4,2,0.87873867246814397,0.076587121680051981,0,0.14229143036549141,0,0.21887855204554341,0,1.0188785520455212,0,1.0188785520455212,0,0
dual_edge,0.80000000000000004,1.5,0,2,0.77548415663444203,0.067587897660516066,0,0,0,0.067587897660516066,0,0.86758789766050448,0,0.86758789766050448,0,0
dual_edge,0.80000000000000004,1.5,1,2,0.77548415663444203,0.067587897660516066,0,0.034197403173637092,0,0.10178530083415316,0,0.90178530083417918,0,0.90178530083417918,0,0
dual_edge,0.80000000000000004,1.5,4,2,0.77548415663444203,0.067587897660516066,0,0.13678961269454834,0,0.20437751035506441,0,1.0043775103550923,0,1.0043775103550923,0,0
dual_edge,0.80000000000000004,1.5249999999999999,0,2,0.68436236623331959,0.059646110337609907,0,0,0,0.059646110337609907,0,0.85964611033761962,0,0.85964611033761962,0,0
dual_edge,0.80000000000000004,1.5249999999999999,1,2,0.68436236623331959,0.059646110337609907,0,0.03287513185625824,0,0.092521242193868147,0,0.89252124219385554,0,0.89252124219385554,0,0
dual_edge,0.80000000000000004,1.5249999999999999,4,2,0.68436236623331959,0.059646110337609907,0,0.13150052742503299,0,0.1911466377626429,0,0.99114663776267431,0,0.99114663776267431,0,0
dual_edge,0.80000000000000004,1.55,0,2,0.60394766844637282,0.052637507624160224,0,0,0,0.052637507624160224,0,0.85263750762420987,0,0.85263750762420987,0,0
dual_edge,0.80000000000000004,1.55,1,2,0.60394766844637282,0.052637507624160224,0,0.031603987269990627,0,0.084241494894150851,0,0.88424149489418902,0,0.88424149489418902,0,0
dual_edge,0.80000000000000004,1.55,4,2,0.60394766844637282,0.052637507624160224,0,0.12641594907996251,0,0.17905345670412273,0,0.97905345670412647,0,0.97905345670412647,0,0
dual_edge,0.80000000000000004,1.5750000000000002,0,2,0.53298194672711041,0.046452437438094352,0,0,0,0.046452437438094352,0,0.84645243743808329,0,0.84645243743808329,0,0
dual_edge,0.80000000000000004,1.5750000000000002,1,2,0.53298194672711041,0.046452437438094352,0,0.030381992556832604,0,0.076834429994926956,0,0.87683442999497707,0,0.87683442999497707,0,0
dual_edge,0.80000000000000004,1.5750000000000002,4,2,0.53298194672711041,0.046452437438094352,0,0.12152797022733042,0,0.16798040766542477,0,0.96798040766543636,0,0.96798040766543636,0,0
dual_edge,0.80000000000000004,1.6000000000000001,0,2,0.47035491712018146,0.040994132156622391,0,0,0,0.040994132156622391,0,0.8409941321566583,0,0.8409941321566583,0,0
dual_edge,0.80000000000000004,1.6000000000000001,1,2,0.47035491712018146,0.040994132156622391,0,0.029207247295658136,0,0.070201379452280527,0,0.87020137945226228,0,0.87020137945226228,0,0
dual_edge,0.80000000000000004,1.6000000000000001,4,2,0.47035491712018146,0.040994132156622391,0,0.11682898918263251,0,0.15782312133925491,0,0.95782312133929626,0,0.95782312133929626,0,0
dual_edge,0.80000000000000004,1.625,0,2,0.4150867574739967,0.036177194652363132,0,0,0,0.036177194652363132,0,0.8361771946523433,0,0.8361771946523433,0,0
dual_edge,0.80000000000000004,1.625,1,2,0.4150867574739967,0.036177194652363132,0,0.028077924546718702,0,0.064255119199081834,0,0.86425511919907549,0,0.86425511919907549,0,0
dual_edge,0.80000000000000004,1.625,4,2,0.4150867574739967,0.036177194652363132,0,0.11231169818687478,0,0.14848889283923791,0,0.94848889283927207,0,0.94848889283927207,0,0
dual_edge,0.80000000000000004,1.6499999999999999,0,2,0.36631277777468435,0.031926262224910414,0,0,0,0.031926262224910414,0,0.83192626222494681,0,0.83192626222494681,0,0
dual_edge,0.80000000000000004,1.6499999999999999,1,2,0.36631277777468435,0.031926262224910414,0,0.026992268010427249,0,0.058918530235337663,0,0.85891853023534193,0,0.85891853023534193,0,0
dual_edge,0.80000000000000004,1.6499999999999999,4,2,0.36631277777468435,0.031926262224910414,0,0.107969072041709,0,0.1398953342666194,0,0.93989533426663829,0,0.93989533426663829,0,0
dual_edge,0.80000000000000004,1.675,0,2,0.32326989176331666,0.028174827524586925,0,0,0,0.028174827524586925,0,0.82817482752461924,0,0.82817482752461924,0,0
dual_edge,0.80000000000000004,1.675,1,2,0.32326989176331666,0.028174827524586925,0,0.025948589295994768,0,0.054123416820581693,0,0.85412341682056248,0,0.85412341682056248,0,0
dual_edge,0.80000000000000004,1.675,4,2,0.32326989176331666,0.028174827524586925,0,0.10379435718397904,0,0.13196918470856597,0,0.93196918470861423,0,0.93196918470861423,0,0
dual_edge,0.80000000000000004,1.7000000000000002,0,2,0.2852846781799861,0.02486419802130338,0,0,0,0.02486419802130338,0,0.82486419802130229,0,0.82486419802130229,0,0
dual_edge,0.80000000000000004,1.7000000000000002,1,2,0.2852846781799861,0.02486419802130338,0,0.024945265295680315,0,0.049809463316983695,0,0.84980946331703056,0,0.84980946331703056,0,0
dual_edge,0.80000000000000004,1.7000000000000002,4,2,0.2852846781799861,0.02486419802130338,0,0.099781061182721259,0,0.12464525920402464,0,0.92464525920399332,0,0.92464525920399332,0,0
dual_edge,0.80000000000000004,1.7250000000000001,0,2,0.25176284484867995,0.021942577739050208,0,0,0,0.021942577739050208,0,0.82194257773904322,0,0.82194257773904322,0,0
dual_edge,0.80000000000000004,1.7250000000000001,1,2,0.25176284484867995,0.021942577739050208,0,0.023980735660567215,0,0.045923313399617423,0,0.84592331339961024,0,0.84592331339961024,0,0
dual_edge,0.80000000000000004,1.7250000000000001,4,2,0.25176284484867995,0.021942577739050208,0,0.09592294264226886,0,0.11786552038131906,0,0.91786552038131131,0,0.91786552038131131,0,0
dual_edge,0.80000000000000004,1.75,0,2,0.22217993076484532,0.019364256889433461,0,0,0,0.019364256889433461,0,0.81936425688944325,0,0.81936425688944325,0,0
dual_edge,0.80000000000000004,1.75,1,2,0.22217993076484532,0.019364256889433461,0,0.023053500373939974,0,0.042417757263373435,0,0.84241775726334733,0,0.84241775726334733,0,0
dual_edge,0.80000000000000004,1.75,4,2,0.22217993076484532,0.019364256889433461,0,0.092214001495759867,0,0.11157825838519334,0,0.91157825838517059,0,0.91157825838517059,0,0
dual_edge,0.80000000000000004,1.7750000000000001,0,2,0.19607310071643724,0.017088896725777406,0,0,0,0.017088896725777406,0,0.81708889672582607,0,0.81708889672582607,0,0
dual_edge,0.80000000000000004,1.7750000000000001,1,2,0.19607310071643724,0.017088896725777406,0,0.02216211741848997,0,0.039251014144267377,0,0.83925101414428216,0,0.83925101414428216,0,0
dual_edge,0.80000000000000004,1.7750000000000001,4,2,0.19607310071643724,0.017088896725777406,0,0.088648469673959895,0,0.1057373663997373,0,0.90573736639976143,0,0.90573736639976143,0,0
dual_edge,0.80000000000000004,1.8,0,2,0.17303390406241267,0.015080898429086564,0,0,0,0.015080898429086564,0,0.81508089842907694,0,0.81508089842907694,0,0
dual_edge,0.80000000000000004,1.8,1,2,0.17303390406241267,0.015080898429086564,0,0.021305200533717723,0,0.036386098962804286,0,0.83638609896274918,0,0.83638609896274918,0,0
dual_edge,0.80000000000000004,1.8,4,2,0.17303390406241267,0.015080898429086564,0,0.085220802134870891,0,0.10030170056395746,0,0.90030170056398795,0,0.90030170056398795,0,0
dual_edge,0.80000000000000004,1.825,0,2,0.15270188437719884,0.013308846151861767,0,0,0,0.013308846151861767,0,0.81330884615182786,0,0.81330884615182786,0,0
dual_edge,0.80000000000000004,1.825,1,2,0.15270188437719884,0.013308846151861767,0,0.020481417060051611,0,0.033790263211913377,0,0.83379026321195315,0,0.83379026321195315,0,0
dual_edge,0.80000000000000004,1.825,4,2,0.15270188437719884,0.013308846151861767,0,0.081925668240206445,0,0.095234514392068217,0,0.89523451439210699,0,0.89523451439210699,0,0
dual_edge,0.80000000000000004,1.8500000000000001,0,2,0.13475893998170974,0.011745015505993011,0,0,0,0.011745015505993011,0,0.81174501550596023,0,0.81174501550596023,0,0
dual_edge,0.80000000000000004,1.8500000000000001,1,2,0.13475893998170974,0.011745015505993011,0,0.019689485866321216,0,0.031434501372314225,0,0.83143450137235231,0,0.83143450137235231,0,0
dual_edge,0.80000000000000004,1.8500000000000001,4,2,0.13475893998170974,0.011745015505993011,0,0.078757943465284849,0,0.090502958971277858,0,0.89050295897130649,0,0.89050295897130649,0,0
dual_edge,0.80000000000000004,1.875,0,2,0.11892434712944187,0.010364939804846859,0,0,0,0.010364939804846859,0,0.8103649398047974,0,0.8103649398047974,0,0
dual_edge,0.80000000000000004,1.875,1,2,0.11892434712944187,0.010364939804846859,0,0.018928175357368685,0,0.029293115162215545,0,0.82929311516222182,0,0.82929311516222182,0,0
dual_edge,0.80000000000000004,1.875,4,2,0.11892434712944187,0.010364939804846859,0,0.075712701429474741,0,0.0860776412343216,0,0.88607764123427302,0,0.88607764123427302,0,0
dual_edge,0.80000000000000004,1.9000000000000001,0,2,0.10495036798362729,0.0091470272732531131,0,0,0,0.0091470272732531131,0,0.80914702727330479,0,0.80914702727330479,0,0
dual_edge,0.80000000000000004,1.9000000000000001,1,2,0.10495036798362729,0.0091470272732531131,0,0.018196301558697926,0,0.027343328831951039,0,0.82734332883194206,0,0.82734332883194206,0,0
dual_edge,0.80000000000000004,1.9000000000000001,4,2,0.10495036798362729,0.0091470272732531131,0,0.072785206234791705,0,0.081932233508044822,0,0.88193223350807592,0,0.88193223350807592,0,0
dual_edge,0.80000000000000004,1.925,0,2,0.092618374670665179,0.00807222323650276,0,0,0,0.00807222323650276,0,0.80807222323653338,0,0.80807222323653338,0,0
dual_edge,0.80000000000000004,1.925,1,2,0.092618374670665179,0.00807222323650276,0,0.017492726275180781,0,0.025564949511683539,0,0.82556494951169235,0,0.82556494951169235,0,0
dual_edge,0.80000000000000004,1.925,4,2,0.092618374670665179,0.00807222323650276,0,0.06997090510072311,0,0.078043128337225876,0,0.87804312833728027,0,0.87804312833728027,0,0
dual_edge,0.80000000000000004,1.9500000000000002,0,2,0.081735428769281332,0.0071237120031849973,0,0,0,0.0071237120031849973,0,0.80712371200319932,0,0.80712371200319932,0,0
dual_edge,0.80000000000000004,1.9500000000000002,1,2,0.081735428769281332,0.0071237120031849973,0,0.016816355320960041,0,0.02394006732414504,0,0.82394006732411373,0,0.82394006732411373,0,0
dual_edge,0.80000000000000004,1.9500000000000002,4,2,0.081735428769281332,0.0071237120031849973,0,0.067265421283840166,0,0.074389133287025164,0,0.87438913328707901,0,0.87438913328707901,0,0
dual_edge,0.80000000000000004,1.9750000000000001,0,2,0.072131262720314407,0.0062866537777154551,0,0,0,0.0062866537777154551,0,0.80628665377768804,0,0.80628665377768804,0,0
dual_edge,0.80000000000000004,1.9750000000000001,1,2,0.072131262720314407,0.0062866537777154551,0,0.016166136817793105,0,0.022452790595508559,0,0.82245279059556253,0,0.82245279059556253,0,0
dual_edge,0.80000000000000004,1.9750000000000001,4,2,0.072131262720314407,0.0062866537777154551,0,0.064664547271172421,0,0.070951201048887871,0,0.87095120104885293,0,0.87095120104885293,0,0
dual_edge,0.80000000000000004,2,0,2,0.063655615930193504,0.0055479524864556753,0,0,0,0.0055479524864556753,0,0.80554795248644062,0,0.80554795248644062,0,0
dual_edge,0.80000000000000004,2,1,2,0.063655615930193504,0.0055479524864556753,0,0.015541059559193923,0,0.021089012045649599,0,0.82108901204569484,0,0.82108901204569484,0,0
dual_edge,0.80000000000000004,2,4,2,0.063655615930193504,0.0055479524864556753,0,0.062164238236775693,0,0.067712190723231369,0,0.86771219072323547,0,0.86771219072323547,0,0
